game_id,shooting_result,num_shots,coi,mean_radius,std,threshold,skill_level
20250101-dc477ea7-f3a5-42b2-89a1-a492eff04601,"[ShootingResult(nth=1, score=9.2, time=1.4, pointX=0.414513, pointY=0.52247, distance=2598, color='red'), ShootingResult(nth=2, score=9.9, time=6.2, pointX=0.514495, pointY=0.448585, distance=2597, color='red'), ShootingResult(nth=3, score=9.8, time=8.4, pointX=0.460161, pointY=0.460672, distance=2592, color='red'), ShootingResult(nth=4, score=8.6, time=7.3, pointX=0.464366, pointY=0.385265, distance=2596, color='orange'), ShootingResult(nth=5, score=9.7, time=6.0, pointX=0.475167, pointY=0.558346, distance=2594, color='red'), ShootingResult(nth=6, score=9.5, time=5.7, pointX=0.514668, pointY=0.42635, distance=2595, color='red'), ShootingResult(nth=7, score=10.2, time=15.4, pointX=0.50333, pointY=0.458908, distance=2594, color='red'), ShootingResult(nth=8, score=8.4, time=7.7, pointX=0.486663, pointY=0.370337, distance=2595, color='orange'), ShootingResult(nth=9, score=9.7, time=7.3, pointX=0.441468, pointY=0.472602, distance=2599, color='red'), ShootingResult(nth=10, score=9.5, time=6.6, pointX=0.514668, pointY=0.42635, distance=2599, color='red')]",10,"[0.480915, 0.4537465]",0.05639008008708814,"[0.032566748073610305, 0.054095287007742174]",0.027903448023578338,입문
20250101-3d449ecb-535c-4e01-b23d-506653a83c87,"[ShootingResult(nth=1, score=6.5, time=3.7, pointX=0.643259, pointY=0.673203, distance=2606, color='green'), ShootingResult(nth=2, score=9.6, time=6.7, pointX=0.433844, pointY=0.478505, distance=2604, color='red'), ShootingResult(nth=3, score=4.3, time=7.3, pointX=0.159212, pointY=0.500953, distance=2607, color='green'), ShootingResult(nth=4, score=6.8, time=8.2, pointX=0.290465, pointY=0.522256, distance=2607, color='green'), ShootingResult(nth=5, score=5.9, time=4.4, pointX=0.378437, pointY=0.273418, distance=2602, color='green'), ShootingResult(nth=6, score=4.0, time=3.7, pointX=0.17573, pointY=0.347763, distance=2601, color='green'), ShootingResult(nth=7, score=7.3, time=3.6, pointX=0.320956, pointY=0.456798, distance=2601, color='orange'), ShootingResult(nth=8, score=9.6, time=5.8, pointX=0.492294, pointY=0.431081, distance=2602, color='red'), ShootingResult(nth=9, score=5.5, time=5.0, pointX=0.241904, pointY=0.604523, distance=2602, color='green'), ShootingResult(nth=10, score=9.0, time=6.3, pointX=0.463593, pointY=0.406341, distance=2604, color='red')]",10,"[0.3496965, 0.4676515]",0.16062799788398618,"[0.14451269574968145, 0.11066804620978]",0.07437909715080507,입문
20250101-5d03cabc-b54e-44aa-abf8-9df335ebf14b,"[ShootingResult(nth=1, score=7.8, time=6.9, pointX=0.45201, pointY=0.347037, distance=2610, color='orange'), ShootingResult(nth=2, score=6.6, time=4.7, pointX=0.34763, pointY=0.340721, distance=2605, color='green'), ShootingResult(nth=3, score=7.7, time=5.6, pointX=0.446313, pointY=0.341376, distance=2602, color='orange'), ShootingResult(nth=4, score=7.0, time=6.7, pointX=0.365394, pointY=0.649457, distance=2604, color='orange'), ShootingResult(nth=5, score=4.2, time=9.0, pointX=0.183608, pointY=0.35958, distance=2603, color='green'), ShootingResult(nth=6, score=9.8, time=11.5, pointX=0.475963, pointY=0.449186, distance=2602, color='red'), ShootingResult(nth=7, score=8.5, time=5.6, pointX=0.397202, pointY=0.428789, distance=2601, color='orange'), ShootingResult(nth=8, score=6.6, time=5.6, pointX=0.332526, pointY=0.353318, distance=2604, color='green'), ShootingResult(nth=9, score=9.4, time=4.3, pointX=0.572093, pointY=0.524178, distance=2602, color='red'), ShootingResult(nth=10, score=5.1, time=5.0, pointX=0.505675, pointY=0.198181, distance=2604, color='green')]",10,"[0.4217575, 0.356449]",0.13503013184085733,"[0.10301208737444359, 0.116271277703524]",0.04605172756661395,입문
20250101-86d8a0f8-2152-4029-888d-dbfdc2384ec3,"[ShootingResult(nth=1, score=8.1, time=4.8, pointX=0.474613, pointY=0.355743, distance=2603, color='orange'), ShootingResult(nth=2, score=7.1, time=4.8, pointX=0.624256, pointY=0.345266, distance=2605, color='orange'), ShootingResult(nth=3, score=5.7, time=4.2, pointX=0.575383, pointY=0.241683, distance=2602, color='green'), ShootingResult(nth=4, score=10.1, time=3.9, pointX=0.465645, pointY=0.53, distance=2603, color='red'), ShootingResult(nth=5, score=7.6, time=6.1, pointX=0.442153, pointY=0.660189, distance=2605, color='orange'), ShootingResult(nth=6, score=3.0, time=5.5, pointX=0.37755, pointY=0.889146, distance=2603, color='blue'), ShootingResult(nth=7, score=7.3, time=4.9, pointX=0.317859, pointY=0.52718, distance=2601, color='orange'), ShootingResult(nth=8, score=7.7, time=5.4, pointX=0.430172, pointY=0.349868, distance=2603, color='orange'), ShootingResult(nth=9, score=7.8, time=4.7, pointX=0.372519, pointY=0.601168, distance=2603, color='orange'), ShootingResult(nth=10, score=6.8, time=7.1, pointX=0.368346, pointY=0.333152, distance=2602, color='green')]",10,"[0.4361625, 0.44146149999999995]",0.18499403360658948,"[0.09083336516302808, 0.1865613456427939]",0.08173573594841557,입문
20250101-af59ade2-b543-4148-ae5e-fc6f2d67fb38,"[ShootingResult(nth=1, score=9.7, time=5.9, pointX=0.438751, pointY=0.493327, distance=2603, color='red'), ShootingResult(nth=2, score=9.8, time=4.6, pointX=0.450823, pointY=0.466938, distance=2603, color='red'), ShootingResult(nth=3, score=8.6, time=5.3, pointX=0.379538, pointY=0.502842, distance=2605, color='orange'), ShootingResult(nth=4, score=9.6, time=4.4, pointX=0.486799, pointY=0.431669, distance=2604, color='red'), ShootingResult(nth=5, score=9.5, time=5.2, pointX=0.449497, pointY=0.449834, distance=2605, color='red'), ShootingResult(nth=6, score=8.6, time=6.6, pointX=0.481033, pointY=0.383675, distance=2604, color='orange'), ShootingResult(nth=7, score=8.8, time=5.5, pointX=0.543594, pointY=0.402241, distance=2607, color='orange'), ShootingResult(nth=8, score=7.0, time=5.4, pointX=0.300607, pointY=0.522332, distance=2606, color='orange'), ShootingResult(nth=9, score=9.7, time=4.0, pointX=0.475964, pointY=0.443618, distance=2605, color='red'), ShootingResult(nth=10, score=9.4, time=7.2, pointX=0.465321, pointY=0.427473, distance=2604, color='red')]",10,"[0.458072, 0.446726]",0.05869066720076825,"[0.06270385599155764, 0.04206559280088658]",0.009627556484786665,입문
20250101-d86eb7fa-fc97-48a8-b2ca-5f8d210f84ac,"[ShootingResult(nth=1, score=9.4, time=2.7, pointX=0.54178, pointY=0.433198, distance=2606, color='red'), ShootingResult(nth=2, score=10.7, time=11.9, pointX=0.503503, pointY=0.479491, distance=2603, color='red'), ShootingResult(nth=3, score=9.7, time=6.9, pointX=0.450398, pointY=0.539891, distance=2608, color='red'), ShootingResult(nth=4, score=4.1, time=8.9, pointX=0.758038, pointY=0.259049, distance=2603, color='green'), ShootingResult(nth=5, score=6.4, time=6.2, pointX=0.367063, pointY=0.308376, distance=2604, color='green'), ShootingResult(nth=6, score=7.7, time=6.9, pointX=0.481172, pointY=0.335787, distance=2600, color='orange'), ShootingResult(nth=7, score=9.8, time=16.8, pointX=0.447253, pointY=0.518378, distance=2603, color='red'), ShootingResult(nth=8, score=8.6, time=6.1, pointX=0.554648, pointY=0.391768, distance=2606, color='orange'), ShootingResult(nth=9, score=9.0, time=8.9, pointX=0.521234, pointY=0.405854, distance=2603, color='red'), ShootingResult(nth=10, score=10.7, time=7.6, pointX=0.484768, pointY=0.51664, distance=2602, color='red')]",10,"[0.4941355, 0.419526]",0.11046488456349797,"[0.09699135902651329, 0.09140321825493894]",0.03402028522892711,입문
20250101-4eb54d0c-9f7c-4f27-a666-d7d864fcce35,"[ShootingResult(nth=1, score=9.3, time=0.2, pointX=0.513353, pointY=0.58178, distance=2603, color='red'), ShootingResult(nth=2, score=9.0, time=7.4, pointX=0.406136, pointY=0.528357, distance=2603, color='red'), ShootingResult(nth=3, score=7.8, time=8.2, pointX=0.588915, pointY=0.369134, distance=2601, color='orange'), ShootingResult(nth=4, score=9.0, time=5.7, pointX=0.406136, pointY=0.528357, distance=2602, color='red'), ShootingResult(nth=5, score=7.7, time=6.6, pointX=0.599317, pointY=0.370416, distance=2600, color='orange'), ShootingResult(nth=6, score=6.4, time=15.0, pointX=0.291377, pointY=0.401455, distance=2606, color='green'), ShootingResult(nth=7, score=7.7, time=7.9, pointX=0.387903, pointY=0.376133, distance=2605, color='orange'), ShootingResult(nth=8, score=5.4, time=10.0, pointX=0.238781, pointY=0.394756, distance=2604, color='green'), ShootingResult(nth=9, score=9.1, time=16.0, pointX=0.405212, pointY=0.503048, distance=2605, color='red'), ShootingResult(nth=10, score=3.6, time=16.8, pointX=0.524781, pointY=0.122811, distance=2607, color='blue')]",10,"[0.406136, 0.3981055]",0.15688648617330544,"[0.11347982751436486, 0.12359955990378767]",0.08742094707697919,입문
20250101-e94087ab-8267-4bb3-b7fe-cafcb7431636,"[ShootingResult(nth=1, score=8.4, time=3.3, pointX=0.481142, pointY=0.372315, distance=2602, color='orange'), ShootingResult(nth=2, score=9.2, time=3.9, pointX=0.474933, pointY=0.585642, distance=2603, color='red'), ShootingResult(nth=3, score=10.2, time=3.5, pointX=0.470826, pointY=0.471509, distance=2607, color='red'), ShootingResult(nth=4, score=8.8, time=6.4, pointX=0.417015, pointY=0.433158, distance=2603, color='orange'), ShootingResult(nth=5, score=10.0, time=4.8, pointX=0.465494, pointY=0.46609, distance=2605, color='red'), ShootingResult(nth=6, score=10.2, time=6.5, pointX=0.491388, pointY=0.538016, distance=2605, color='red'), ShootingResult(nth=7, score=10.0, time=7.9, pointX=0.453157, pointY=0.498351, distance=2604, color='red'), ShootingResult(nth=8, score=7.1, time=7.8, pointX=0.684122, pointY=0.425707, distance=2604, color='orange'), ShootingResult(nth=9, score=7.5, time=7.5, pointX=0.452006, pointY=0.329089, distance=2603, color='orange'), ShootingResult(nth=10, score=8.8, time=4.9, pointX=0.561016, pointY=0.590153, distance=2604, color='orange')]",10,"[0.4728795, 0.46879950000000004]",0.0905243969264596,"[0.072020042195836, 0.08121868509154774]",0.02658895336499839,입문
20250101-aad7fffc-05bf-4d7f-9644-488af25d15ff,"[ShootingResult(nth=1, score=9.0, time=5.7, pointX=0.442741, pointY=0.420703, distance=2601, color='red'), ShootingResult(nth=2, score=10.0, time=5.7, pointX=0.453446, pointY=0.50818, distance=2601, color='red'), ShootingResult(nth=3, score=7.7, time=4.9, pointX=0.583954, pointY=0.356741, distance=2605, color='orange'), ShootingResult(nth=4, score=7.8, time=4.6, pointX=0.510234, pointY=0.340579, distance=2602, color='orange'), ShootingResult(nth=5, score=9.2, time=4.6, pointX=0.585702, pointY=0.494548, distance=2605, color='red'), ShootingResult(nth=6, score=8.5, time=3.4, pointX=0.617047, pointY=0.453005, distance=2604, color='orange'), ShootingResult(nth=7, score=7.6, time=6.1, pointX=0.335994, pointY=0.461956, distance=2605, color='orange'), ShootingResult(nth=8, score=6.9, time=7.2, pointX=0.581964, pointY=0.308909, distance=2606, color='green'), ShootingResult(nth=9, score=6.9, time=4.4, pointX=0.294435, pointY=0.497038, distance=2604, color='green'), ShootingResult(nth=10, score=9.4, time=3.6, pointX=0.486881, pointY=0.420497, distance=2605, color='red')]",10,"[0.4985575, 0.43685399999999996]",0.11307986348158172,"[0.10417822880026324, 0.06662028001772433]",0.0610769344444896,입문
20250101-a714afdb-1cc8-4b0c-8e7e-5a6e376cea3c,"[ShootingResult(nth=1, score=9.6, time=2.6, pointX=0.475955, pointY=0.438002, distance=2604, color='red'), ShootingResult(nth=2, score=8.1, time=3.8, pointX=0.597579, pointY=0.605662, distance=2603, color='orange'), ShootingResult(nth=3, score=9.5, time=4.0, pointX=0.531183, pointY=0.432336, distance=2602, color='red'), ShootingResult(nth=4, score=8.8, time=3.6, pointX=0.400134, pointY=0.538785, distance=2603, color='orange'), ShootingResult(nth=5, score=8.5, time=3.0, pointX=0.431696, pointY=0.398253, distance=2602, color='orange'), ShootingResult(nth=6, score=9.0, time=3.3, pointX=0.432359, pointY=0.426923, distance=2606, color='red'), ShootingResult(nth=7, score=8.1, time=3.4, pointX=0.363979, pointY=0.446029, distance=2604, color='orange'), ShootingResult(nth=8, score=8.5, time=3.2, pointX=0.389973, pointY=0.446345, distance=2603, color='orange'), ShootingResult(nth=9, score=8.4, time=3.1, pointX=0.518698, pointY=0.627242, distance=2607, color='orange'), ShootingResult(nth=10, score=9.5, time=4.2, pointX=0.497935, pointY=0.424742, distance=2604, color='red')]",10,"[0.45415700000000003, 0.4420155]",0.09017363043225642,"[0.06946295465850844, 0.07731610112059453]",0.02619209131028126,입문
20250101-4bce2db1-6d76-44a0-ad6d-0d343ce87250,"[ShootingResult(nth=1, score=8.8, time=1.3, pointX=0.400134, pointY=0.538785, distance=2603, color='orange'), ShootingResult(nth=2, score=10.9, time=6.0, pointX=0.509125, pointY=0.492622, distance=2605, color='red'), ShootingResult(nth=3, score=9.3, time=5.2, pointX=0.458834, pointY=0.574296, distance=2606, color='red'), ShootingResult(nth=4, score=8.3, time=5.5, pointX=0.441957, pointY=0.379728, distance=2601, color='orange'), ShootingResult(nth=5, score=6.9, time=5.2, pointX=0.48669, pointY=0.29212, distance=2606, color='green'), ShootingResult(nth=6, score=10.4, time=6.4, pointX=0.468224, pointY=0.504055, distance=2603, color='red'), ShootingResult(nth=7, score=8.8, time=4.7, pointX=0.421921, pointY=0.427303, distance=2598, color='orange'), ShootingResult(nth=8, score=9.4, time=4.1, pointX=0.435356, pointY=0.544549, distance=2607, color='red'), ShootingResult(nth=9, score=9.3, time=3.2, pointX=0.45994, pointY=0.427553, distance=2604, color='red'), ShootingResult(nth=10, score=9.6, time=3.3, pointX=0.441449, pointY=0.467447, distance=2603, color='red')]",10,"[0.4503955, 0.48003450000000003]",0.07489383430473169,"[0.029870295863951544, 0.08123672395265578]",0.02888164960724754,입문
20250101-d173f752-8dc2-4538-8cde-3c37a70c84ec,"[ShootingResult(nth=1, score=10.2, time=1.4, pointX=0.520297, pointY=0.533632, distance=2606, color='red'), ShootingResult(nth=2, score=9.6, time=4.7, pointX=0.49789, pointY=0.430424, distance=2604, color='red'), ShootingResult(nth=3, score=9.0, time=4.9, pointX=0.401372, pointY=0.482684, distance=2604, color='red'), ShootingResult(nth=4, score=9.3, time=4.2, pointX=0.443845, pointY=0.561966, distance=2606, color='red'), ShootingResult(nth=5, score=7.6, time=3.7, pointX=0.452005, pointY=0.335077, distance=2604, color='orange'), ShootingResult(nth=6, score=9.0, time=3.2, pointX=0.485287, pointY=0.599775, distance=2602, color='red'), ShootingResult(nth=7, score=6.8, time=3.2, pointX=0.410982, pointY=0.310493, distance=2600, color='green'), ShootingResult(nth=8, score=9.6, time=4.1, pointX=0.523685, pointY=0.562911, distance=2605, color='red'), ShootingResult(nth=9, score=8.9, time=4.7, pointX=0.396333, pointY=0.482648, distance=2604, color='orange'), ShootingResult(nth=10, score=8.4, time=4.9, pointX=0.369269, pointY=0.50276, distance=2605, color='orange')]",10,"[0.447925, 0.492722]",0.09721371774322371,"[0.05218841901083036, 0.0914001376093056]",0.054932516794801815,입문
20250101-802d2384-ed6f-4459-9c75-6443609c679b,"[ShootingResult(nth=1, score=8.8, time=5.3, pointX=0.396044, pointY=0.533317, distance=2598, color='orange'), ShootingResult(nth=2, score=8.8, time=5.4, pointX=0.610057, pointY=0.504686, distance=2605, color='orange'), ShootingResult(nth=3, score=9.0, time=1.9, pointX=0.573876, pointY=0.434147, distance=2604, color='red'), ShootingResult(nth=4, score=9.3, time=4.3, pointX=0.558299, pointY=0.43867, distance=2603, color='red'), ShootingResult(nth=5, score=10.2, time=3.4, pointX=0.496942, pointY=0.539264, distance=2605, color='red'), ShootingResult(nth=6, score=9.6, time=7.7, pointX=0.567003, pointY=0.484439, distance=2601, color='red'), ShootingResult(nth=7, score=9.0, time=7.2, pointX=0.59465, pointY=0.479056, distance=2607, color='red'), ShootingResult(nth=8, score=8.8, time=2.4, pointX=0.437226, pointY=0.409493, distance=2604, color='orange'), ShootingResult(nth=9, score=10.9, time=2.8, pointX=0.503149, pointY=0.504495, distance=2601, color='red'), ShootingResult(nth=10, score=10.6, time=3.1, pointX=0.485203, pointY=0.522029, distance=2602, color='red')]",10,"[0.530724, 0.494467]",0.07249679361631944,"[0.06667405234489651, 0.04229336560312976]",0.03872315393900919,입문
20250101-72459d1a-9f76-4076-920d-390f0d2ffd85,"[ShootingResult(nth=1, score=10.0, time=9.3, pointX=0.503377, pointY=0.453225, distance=2604, color='red'), ShootingResult(nth=2, score=9.0, time=6.0, pointX=0.437774, pointY=0.578663, distance=2603, color='red'), ShootingResult(nth=3, score=10.7, time=20.9, pointX=0.509439, pointY=0.480312, distance=2603, color='red'), ShootingResult(nth=4, score=10.0, time=5.2, pointX=0.508949, pointY=0.453768, distance=2605, color='red'), ShootingResult(nth=5, score=9.6, time=3.7, pointX=0.550528, pointY=0.547113, distance=2606, color='red'), ShootingResult(nth=6, score=9.8, time=4.6, pointX=0.475229, pointY=0.552856, distance=2601, color='red'), ShootingResult(nth=7, score=9.6, time=3.7, pointX=0.541849, pointY=0.443943, distance=2602, color='red'), ShootingResult(nth=8, score=10.2, time=2.7, pointX=0.540296, pointY=0.493605, distance=2604, color='red'), ShootingResult(nth=9, score=9.9, time=2.2, pointX=0.46561, pointY=0.460799, distance=2604, color='red'), ShootingResult(nth=10, score=10.3, time=2.8, pointX=0.535393, pointY=0.515205, distance=2604, color='red')]",10,"[0.5091939999999999, 0.4869585]",0.05125995187242237,"[0.03544195903784101, 0.04563255247616553]",0.02232573074437156,입문
20250101-274ae195-a3d6-4505-b284-7354044e090c,"[ShootingResult(nth=1, score=9.4, time=0.0, pointX=0.513377, pointY=0.576122, distance=2608, color='red'), ShootingResult(nth=2, score=9.8, time=2.6, pointX=0.556767, pointY=0.489361, distance=2603, color='red'), ShootingResult(nth=3, score=10.5, time=2.1, pointX=0.509609, pointY=0.473916, distance=2604, color='red'), ShootingResult(nth=4, score=10.9, time=3.5, pointX=0.491393, pointY=0.498424, distance=2600, color='red'), ShootingResult(nth=5, score=10.9, time=1.8, pointX=0.51418, pointY=0.493095, distance=2605, color='red'), ShootingResult(nth=6, score=10.6, time=1.3, pointX=0.520462, pointY=0.48142, distance=2601, color='red'), ShootingResult(nth=7, score=8.7, time=7.7, pointX=0.411612, pointY=0.427677, distance=2603, color='orange'), ShootingResult(nth=8, score=10.1, time=4.7, pointX=0.519895, pointY=0.459916, distance=2601, color='red'), ShootingResult(nth=9, score=9.3, time=4.1, pointX=0.45403, pointY=0.567962, distance=2606, color='red'), ShootingResult(nth=10, score=9.9, time=2.1, pointX=0.548564, pointY=0.483837, distance=2605, color='red')]",10,"[0.5137784999999999, 0.486599]",0.04673867585784926,"[0.0408759769606795, 0.042974319738653226]",0.007976792870758719,입문
20250102-f086cbbc-cac7-4fcd-aade-6bce1d9e4783,"[ShootingResult(nth=1, score=9.4, time=7.4, pointX=0.545578, pointY=0.56562, distance=2645, color='red'), ShootingResult(nth=2, score=9.8, time=15.8, pointX=0.537182, pointY=0.457774, distance=2649, color='red'), ShootingResult(nth=3, score=9.3, time=7.8, pointX=0.457053, pointY=0.570268, distance=2647, color='red'), ShootingResult(nth=4, score=9.8, time=11.6, pointX=0.471033, pointY=0.547067, distance=2647, color='red'), ShootingResult(nth=5, score=9.9, time=8.9, pointX=0.460649, pointY=0.461756, distance=2647, color='red'), ShootingResult(nth=6, score=9.5, time=12.0, pointX=0.549797, pointY=0.555815, distance=2648, color='red'), ShootingResult(nth=7, score=8.8, time=10.6, pointX=0.442294, pointY=0.590038, distance=2649, color='orange'), ShootingResult(nth=8, score=9.9, time=10.9, pointX=0.484442, pointY=0.549023, distance=2647, color='red'), ShootingResult(nth=9, score=10.9, time=7.1, pointX=0.509449, pointY=0.505639, distance=2645, color='red'), ShootingResult(nth=10, score=9.6, time=6.4, pointX=0.565, pointY=0.491718, distance=2645, color='red')]",10,"[0.49694550000000004, 0.548045]",0.05831859078561593,"[0.042435156844413804, 0.044434724501902785]",0.030983515701945998,입문
20250102-8300ea5c-ed48-40e4-9e02-a9eb59c50b18,"[ShootingResult(nth=1, score=9.8, time=14.1, pointX=0.545111, pointY=0.467805, distance=2625, color='red'), ShootingResult(nth=2, score=10.9, time=7.6, pointX=0.495639, pointY=0.487185, distance=2628, color='red'), ShootingResult(nth=3, score=9.7, time=9.4, pointX=0.494563, pointY=0.439343, distance=2630, color='red'), ShootingResult(nth=4, score=10.2, time=9.0, pointX=0.499695, pointY=0.459224, distance=2631, color='red'), ShootingResult(nth=5, score=10.1, time=8.6, pointX=0.460271, pointY=0.4824, distance=2631, color='red'), ShootingResult(nth=6, score=10.2, time=10.7, pointX=0.51428, pointY=0.460832, distance=2629, color='red'), ShootingResult(nth=7, score=9.6, time=9.4, pointX=0.434432, pointY=0.517587, distance=2625, color='red'), ShootingResult(nth=8, score=9.5, time=10.0, pointX=0.481466, pointY=0.570268, distance=2628, color='red'), ShootingResult(nth=9, score=8.9, time=8.8, pointX=0.589249, pointY=0.552802, distance=2628, color='orange'), ShootingResult(nth=10, score=10.6, time=8.2, pointX=0.476255, pointY=0.490445, distance=2628, color='red')]",10,"[0.495101, 0.48479249999999996]",0.04836420265804871,"[0.04126705336088343, 0.03999107542052351]",0.016067668119476367,입문
20250102-87ee5577-6bdb-4144-a556-305e21c3e14f,"[ShootingResult(nth=1, score=10.0, time=1.0, pointX=0.505124, pointY=0.547817, distance=2630, color='red'), ShootingResult(nth=2, score=9.8, time=10.7, pointX=0.536916, pointY=0.545488, distance=2629, color='red'), ShootingResult(nth=3, score=9.5, time=9.8, pointX=0.54396, pointY=0.440829, distance=2631, color='red'), ShootingResult(nth=4, score=8.2, time=10.3, pointX=0.549059, pointY=0.370728, distance=2633, color='orange'), ShootingResult(nth=5, score=9.3, time=5.8, pointX=0.550901, pointY=0.568494, distance=2628, color='red'), ShootingResult(nth=6, score=9.7, time=7.1, pointX=0.509767, pointY=0.440101, distance=2628, color='red'), ShootingResult(nth=7, score=9.9, time=8.0, pointX=0.457598, pointY=0.467198, distance=2632, color='red'), ShootingResult(nth=8, score=8.3, time=7.1, pointX=0.504564, pointY=0.366898, distance=2629, color='orange'), ShootingResult(nth=9, score=9.2, time=7.3, pointX=0.56983, pointY=0.443565, distance=2630, color='red'), ShootingResult(nth=10, score=8.2, time=7.4, pointX=0.524784, pointY=0.639017, distance=2632, color='orange')]",10,"[0.53085, 0.4553815]",0.08243215788542282,"[0.03057462732086851, 0.0844184437161098]",0.03703276487513334,입문
20250102-2530910f-16b8-415f-b4ca-ce8fea3e47f5,"[ShootingResult(nth=1, score=8.4, time=7.1, pointX=0.582656, pointY=0.597974, distance=2647, color='orange'), ShootingResult(nth=2, score=8.9, time=5.7, pointX=0.427098, pointY=0.427834, distance=2647, color='orange'), ShootingResult(nth=3, score=10.2, time=13.7, pointX=0.459549, pointY=0.504948, distance=2644, color='red'), ShootingResult(nth=4, score=10.2, time=8.1, pointX=0.484427, pointY=0.460867, distance=2646, color='red'), ShootingResult(nth=5, score=9.4, time=5.3, pointX=0.523698, pointY=0.426629, distance=2645, color='red'), ShootingResult(nth=6, score=9.4, time=4.8, pointX=0.574404, pointY=0.469268, distance=2647, color='red'), ShootingResult(nth=7, score=9.6, time=7.7, pointX=0.536677, pointY=0.556727, distance=2644, color='red'), ShootingResult(nth=8, score=9.3, time=5.8, pointX=0.570807, pointY=0.459954, distance=2647, color='red'), ShootingResult(nth=9, score=9.5, time=7.5, pointX=0.57373, pointY=0.509009, distance=2645, color='red'), ShootingResult(nth=10, score=10.2, time=7.6, pointX=0.494046, pointY=0.459671, distance=2649, color='red')]",10,"[0.5301875, 0.4650675]",0.0694197784415446,"[0.05176522678169197, 0.05253929105050809]",0.03520588938714361,입문
20250102-9c4a38f9-db5b-4f22-8131-0f68d20cef17,"[ShootingResult(nth=1, score=9.3, time=0.4, pointX=0.509885, pointY=0.580216, distance=2631, color='red'), ShootingResult(nth=2, score=9.3, time=6.3, pointX=0.494675, pointY=0.415405, distance=2634, color='red'), ShootingResult(nth=3, score=6.8, time=5.2, pointX=0.509364, pointY=0.288245, distance=2630, color='green'), ShootingResult(nth=4, score=7.7, time=4.5, pointX=0.406807, pointY=0.363887, distance=2629, color='orange'), ShootingResult(nth=5, score=10.4, time=7.9, pointX=0.5298, pointY=0.48484, distance=2630, color='red'), ShootingResult(nth=6, score=9.7, time=8.1, pointX=0.54112, pointY=0.54962, distance=2632, color='red'), ShootingResult(nth=7, score=10.4, time=7.5, pointX=0.5298, pointY=0.48484, distance=2636, color='red'), ShootingResult(nth=8, score=10.0, time=7.3, pointX=0.544397, pointY=0.512981, distance=2631, color='red'), ShootingResult(nth=9, score=9.7, time=7.4, pointX=0.490941, pointY=0.561025, distance=2632, color='red'), ShootingResult(nth=10, score=9.1, time=6.5, pointX=0.500494, pointY=0.593341, distance=2634, color='red')]",10,"[0.5096245, 0.49891050000000003]",0.0852653486227886,"[0.03753783679449312, 0.09473246979890262]",0.027233744351199463,입문
20250102-0f3553ef-5cff-47ec-a8b7-1a78c2cd2e84,"[ShootingResult(nth=1, score=10.0, time=8.1, pointX=0.458051, pointY=0.522478, distance=2649, color='red'), ShootingResult(nth=2, score=8.8, time=7.5, pointX=0.504, pointY=0.390771, distance=2645, color='orange'), ShootingResult(nth=3, score=8.1, time=4.7, pointX=0.550145, pointY=0.36161, distance=2643, color='orange'), ShootingResult(nth=4, score=6.6, time=8.8, pointX=0.484081, pointY=0.722753, distance=2647, color='green'), ShootingResult(nth=5, score=7.9, time=10.4, pointX=0.400577, pointY=0.381783, distance=2647, color='orange'), ShootingResult(nth=6, score=7.7, time=7.0, pointX=0.409234, pointY=0.635995, distance=2647, color='orange'), ShootingResult(nth=7, score=8.8, time=7.9, pointX=0.39192, pointY=0.490843, distance=2650, color='orange'), ShootingResult(nth=8, score=9.5, time=5.0, pointX=0.508301, pointY=0.573123, distance=2647, color='red'), ShootingResult(nth=9, score=9.3, time=4.9, pointX=0.582255, pointY=0.486937, distance=2648, color='red'), ShootingResult(nth=10, score=9.4, time=4.5, pointX=0.435389, pointY=0.459034, distance=2649, color='red')]",10,"[0.471066, 0.48889]",0.11403764207314174,"[0.06143087057668969, 0.10995106109451605]",0.05884439803188234,입문
20250102-d3a44970-bb30-42bd-9b9f-e70aebecfb10,"[ShootingResult(nth=1, score=9.1, time=1.7, pointX=0.53842, pointY=0.417117, distance=2634, color='red'), ShootingResult(nth=2, score=9.5, time=7.4, pointX=0.53351, pointY=0.436813, distance=2632, color='red'), ShootingResult(nth=3, score=9.8, time=10.0, pointX=0.556508, pointY=0.49938, distance=2631, color='red'), ShootingResult(nth=4, score=9.5, time=8.3, pointX=0.554685, pointY=0.544694, distance=2633, color='red'), ShootingResult(nth=5, score=9.9, time=5.0, pointX=0.489994, pointY=0.450384, distance=2632, color='red'), ShootingResult(nth=6, score=9.7, time=6.4, pointX=0.564643, pointY=0.507947, distance=2633, color='red'), ShootingResult(nth=7, score=9.9, time=5.1, pointX=0.470967, pointY=0.456395, distance=2634, color='red'), ShootingResult(nth=8, score=10.1, time=7.5, pointX=0.472748, pointY=0.536452, distance=2637, color='red'), ShootingResult(nth=9, score=8.5, time=5.6, pointX=0.52472, pointY=0.378424, distance=2635, color='orange'), ShootingResult(nth=10, score=10.2, time=6.2, pointX=0.499894, pointY=0.459239, distance=2633, color='red')]",10,"[0.529115, 0.45781700000000003]",0.05684991355959268,"[0.03318262483725481, 0.05025012515656056]",0.032669233439570414,입문
20250102-b8690c96-006b-4fbc-abc2-a0b33c5d23e6,"[ShootingResult(nth=1, score=9.8, time=4.4, pointX=0.522813, pointY=0.446493, distance=2643, color='red'), ShootingResult(nth=2, score=10.6, time=4.6, pointX=0.487756, pointY=0.479012, distance=2646, color='red'), ShootingResult(nth=3, score=9.8, time=4.8, pointX=0.527342, pointY=0.451962, distance=2650, color='red'), ShootingResult(nth=4, score=9.4, time=3.9, pointX=0.523078, pointY=0.426281, distance=2647, color='red'), ShootingResult(nth=5, score=7.4, time=5.0, pointX=0.615947, pointY=0.363372, distance=2649, color='orange'), ShootingResult(nth=6, score=9.2, time=4.8, pointX=0.44741, pointY=0.56933, distance=2651, color='red'), ShootingResult(nth=7, score=8.2, time=4.5, pointX=0.55887, pointY=0.374471, distance=2644, color='orange'), ShootingResult(nth=8, score=9.7, time=5.3, pointX=0.437471, pointY=0.482463, distance=2642, color='red'), ShootingResult(nth=9, score=10.1, time=5.0, pointX=0.455067, pointY=0.508639, distance=2648, color='red'), ShootingResult(nth=10, score=9.5, time=5.2, pointX=0.4331, pointY=0.526056, distance=2646, color='red')]",10,"[0.5052845, 0.465487]",0.07223393225022505,"[0.056588196967565604, 0.061241812126112]",0.030262843655575786,입문
20250102-ea4fc517-9f97-44e6-b264-778ef7b443f3,"[ShootingResult(nth=1, score=9.6, time=20.4, pointX=0.56497, pointY=0.488961, distance=2632, color='red'), ShootingResult(nth=2, score=10.1, time=12.9, pointX=0.454437, pointY=0.49377, distance=2629, color='red'), ShootingResult(nth=3, score=10.2, time=10.9, pointX=0.526544, pointY=0.530523, distance=2631, color='red'), ShootingResult(nth=4, score=8.8, time=15.7, pointX=0.401034, pointY=0.451831, distance=2637, color='orange'), ShootingResult(nth=5, score=9.0, time=15.7, pointX=0.452285, pointY=0.415728, distance=2633, color='red'), ShootingResult(nth=6, score=9.8, time=13.3, pointX=0.445947, pointY=0.511571, distance=2632, color='red'), ShootingResult(nth=7, score=9.5, time=11.5, pointX=0.469558, pointY=0.567234, distance=2635, color='red'), ShootingResult(nth=8, score=8.9, time=9.6, pointX=0.549154, pointY=0.406354, distance=2636, color='orange'), ShootingResult(nth=9, score=7.9, time=12.8, pointX=0.430493, pointY=0.362449, distance=2629, color='orange'), ShootingResult(nth=10, score=9.0, time=9.8, pointX=0.464684, pointY=0.5921, distance=2635, color='red')]",10,"[0.4595605, 0.4913655]",0.07927131294536124,"[0.050608962700691665, 0.06936831918455283]",0.041279801451099746,입문
20250102-62e58e37-4cea-462f-b4c5-ecbee0389725,"[ShootingResult(nth=1, score=8.5, time=5.2, pointX=0.498286, pointY=0.373884, distance=2628, color='orange'), ShootingResult(nth=2, score=8.6, time=14.1, pointX=0.586377, pointY=0.419421, distance=2638, color='orange'), ShootingResult(nth=3, score=9.8, time=12.0, pointX=0.484189, pointY=0.557899, distance=2637, color='red'), ShootingResult(nth=4, score=9.1, time=10.1, pointX=0.552249, pointY=0.574619, distance=2640, color='red'), ShootingResult(nth=5, score=8.9, time=9.7, pointX=0.580711, pointY=0.434764, distance=2638, color='orange'), ShootingResult(nth=6, score=9.0, time=15.1, pointX=0.5837, pointY=0.450345, distance=2641, color='red'), ShootingResult(nth=7, score=9.1, time=9.1, pointX=0.429216, pointY=0.563111, distance=2637, color='red'), ShootingResult(nth=8, score=10.4, time=9.7, pointX=0.477828, pointY=0.476821, distance=2640, color='red'), ShootingResult(nth=9, score=10.8, time=12.7, pointX=0.519795, pointY=0.502816, distance=2641, color='red'), ShootingResult(nth=10, score=9.3, time=12.1, pointX=0.5717, pointY=0.542956, distance=2635, color='red')]",10,"[0.536022, 0.48981850000000005]",0.0787144418150762,"[0.05189415417260407, 0.06583681742338401]",0.04888882237321069,입문
20250102-bf02381e-4d4f-4a0b-8d4a-a948944d68de,"[ShootingResult(nth=1, score=10.2, time=12.8, pointX=0.520143, pointY=0.465376, distance=2644, color='red'), ShootingResult(nth=2, score=8.6, time=17.6, pointX=0.482239, pointY=0.379795, distance=2641, color='orange'), ShootingResult(nth=3, score=10.9, time=15.8, pointX=0.504368, pointY=0.503055, distance=2644, color='red'), ShootingResult(nth=4, score=9.7, time=18.6, pointX=0.436103, pointY=0.502792, distance=2643, color='red'), ShootingResult(nth=5, score=10.1, time=16.8, pointX=0.489105, pointY=0.542942, distance=2646, color='red'), ShootingResult(nth=6, score=8.1, time=27.4, pointX=0.646398, pointY=0.492888, distance=2647, color='orange'), ShootingResult(nth=7, score=8.4, time=14.9, pointX=0.43165, pointY=0.609577, distance=2643, color='orange'), ShootingResult(nth=8, score=8.8, time=15.1, pointX=0.55403, pointY=0.406657, distance=2643, color='orange'), ShootingResult(nth=9, score=8.8, time=14.7, pointX=0.403509, pointY=0.548566, distance=2640, color='orange'), ShootingResult(nth=10, score=9.6, time=15.2, pointX=0.566729, pointY=0.515728, distance=2646, color='red')]",10,"[0.4967365, 0.5029235000000001]",0.08391538228508365,"[0.06900068133460714, 0.06385876288999029]",0.0405532128277298,입문
20250102-be49e982-4ae6-4334-8cd4-db3195088134,"[ShootingResult(nth=1, score=8.3, time=15.8, pointX=0.534832, pointY=0.372322, distance=2647, color='orange'), ShootingResult(nth=2, score=10.7, time=18.9, pointX=0.515527, pointY=0.514109, distance=2646, color='red'), ShootingResult(nth=3, score=10.2, time=16.1, pointX=0.538467, pointY=0.487738, distance=2642, color='red'), ShootingResult(nth=4, score=10.6, time=16.3, pointX=0.52392, pointY=0.487654, distance=2643, color='red'), ShootingResult(nth=5, score=10.6, time=19.0, pointX=0.52392, pointY=0.487654, distance=2646, color='red'), ShootingResult(nth=6, score=9.5, time=33.5, pointX=0.513821, pointY=0.426604, distance=2640, color='red'), ShootingResult(nth=7, score=9.5, time=22.5, pointX=0.551167, pointY=0.450014, distance=2642, color='red'), ShootingResult(nth=8, score=9.4, time=21.2, pointX=0.52853, pointY=0.427857, distance=2646, color='red'), ShootingResult(nth=9, score=10.0, time=27.1, pointX=0.544214, pointY=0.520339, distance=2646, color='red'), ShootingResult(nth=10, score=8.3, time=12.2, pointX=0.559188, pointY=0.380943, distance=2645, color='orange')]",10,"[0.5316810000000001, 0.468834]",0.046457666064152914,"[0.014253339511847738, 0.049852472151739886]",0.019809995530471074,입문
20250103-659be563-006a-4b97-84c7-1dfee3a9ec78,"[ShootingResult(nth=1, score=5.8, time=13.9, pointX=0.494826, pointY=0.23715, distance=3507, color='green'), ShootingResult(nth=2, score=4.8, time=4.5, pointX=0.494567, pointY=0.812328, distance=3538, color='blue'), ShootingResult(nth=3, score=9.4, time=1.4, pointX=0.539582, pointY=0.43537, distance=3290, color='red'), ShootingResult(nth=4, score=8.9, time=1.3, pointX=0.475716, pointY=0.598368, distance=3312, color='orange'), ShootingResult(nth=5, score=8.4, time=1.4, pointX=0.600966, pointY=0.578644, distance=3293, color='orange'), ShootingResult(nth=6, score=9.0, time=1.5, pointX=0.575179, pointY=0.561501, distance=3206, color='red'), ShootingResult(nth=7, score=6.8, time=1.4, pointX=0.3289, pointY=0.621228, distance=3204, color='green'), ShootingResult(nth=8, score=10.3, time=5.9, pointX=0.537273, pointY=0.508479, distance=3243, color='red'), ShootingResult(nth=9, score=7.8, time=2.9, pointX=0.349318, pointY=0.44579, distance=3218, color='orange'), ShootingResult(nth=10, score=10.1, time=3.2, pointX=0.525511, pointY=0.535435, distance=3400, color='red')]",10,"[0.5101685, 0.548468]",0.13700946382213453,"[0.08453885691893402, 0.14080012709869977]",0.043470632981027615,입문
20250103-907a261a-e009-4141-92a5-db4cb02af716,"[ShootingResult(nth=1, score=9.8, time=21.8, pointX=0.540098, pointY=0.455598, distance=3031, color='red'), ShootingResult(nth=2, score=8.6, time=3.4, pointX=0.413919, pointY=0.58537, distance=3027, color='orange'), ShootingResult(nth=3, score=9.4, time=2.6, pointX=0.445789, pointY=0.55359, distance=3044, color='red'), ShootingResult(nth=4, score=8.5, time=5.7, pointX=0.448635, pointY=0.615821, distance=3005, color='orange'), ShootingResult(nth=5, score=10.1, time=3.1, pointX=0.476035, pointY=0.461024, distance=3008, color='red'), ShootingResult(nth=6, score=8.6, time=2.8, pointX=0.40961, pointY=0.580653, distance=3021, color='orange'), ShootingResult(nth=7, score=10.3, time=2.7, pointX=0.479808, pointY=0.529674, distance=3018, color='red'), ShootingResult(nth=8, score=9.4, time=2.7, pointX=0.570991, pointY=0.468595, distance=3024, color='red'), ShootingResult(nth=9, score=8.0, time=2.6, pointX=0.353239, pointY=0.538177, distance=3027, color='orange'), ShootingResult(nth=10, score=10.5, time=2.0, pointX=0.474893, pointY=0.484356, distance=3020, color='red')]",10,"[0.461764, 0.5339255]",0.07393166292753924,"[0.05998388493762304, 0.054492101427271074]",0.04008104809828214,입문
20250103-c505cf80-38a3-4cca-884c-366f0523b8e6,"[ShootingResult(nth=1, score=8.6, time=1.6, pointX=0.388924, pointY=0.546654, distance=2819, color='orange'), ShootingResult(nth=2, score=7.1, time=1.3, pointX=0.663739, pointY=0.392937, distance=2823, color='orange'), ShootingResult(nth=3, score=7.9, time=1.0, pointX=0.345195, pointY=0.525541, distance=2812, color='orange'), ShootingResult(nth=4, score=9.3, time=0.9, pointX=0.423737, pointY=0.532627, distance=2802, color='red'), ShootingResult(nth=5, score=9.8, time=1.2, pointX=0.527667, pointY=0.551442, distance=2815, color='red'), ShootingResult(nth=6, score=6.5, time=1.0, pointX=0.374204, pointY=0.690935, distance=2807, color='green'), ShootingResult(nth=7, score=10.0, time=2.8, pointX=0.480345, pointY=0.54222, distance=2798, color='red'), ShootingResult(nth=8, score=8.7, time=0.9, pointX=0.611968, pointY=0.48834, distance=2798, color='orange'), ShootingResult(nth=9, score=7.2, time=1.2, pointX=0.373732, pointY=0.644365, distance=2795, color='orange'), ShootingResult(nth=10, score=9.3, time=2.6, pointX=0.524152, pointY=0.581893, distance=2768, color='red')]",10,"[0.452041, 0.5444370000000001]",0.11105802128461661,"[0.10332969506201979, 0.07695990641002624]",0.04274193990368817,입문
20250103-d0d5382c-7563-4c14-8623-14c85f1770dc,"[ShootingResult(nth=1, score=2.0, time=5.5, pointX=0.947537, pointY=0.593338, distance=3108, color='blue'), ShootingResult(nth=2, score=4.5, time=2.6, pointX=0.682857, pointY=0.227887, distance=3118, color='blue'), ShootingResult(nth=3, score=4.7, time=2.3, pointX=0.744662, pointY=0.70478, distance=3114, color='blue'), ShootingResult(nth=4, score=3.4, time=6.0, pointX=0.836768, pointY=0.693796, distance=3124, color='blue'), ShootingResult(nth=5, score=0.0, time=3.8, pointX=0.755705, pointY=-0.0317127, distance=3131, color='blue'), ShootingResult(nth=6, score=5.7, time=6.4, pointX=0.441669, pointY=0.762705, distance=3246, color='green'), ShootingResult(nth=7, score=9.3, time=3.1, pointX=0.578032, pointY=0.529462, distance=3245, color='red'), ShootingResult(nth=8, score=8.3, time=3.3, pointX=0.372239, pointY=0.454785, distance=3244, color='orange'), ShootingResult(nth=9, score=5.8, time=8.8, pointX=0.440437, pointY=0.244096, distance=3234, color='green'), ShootingResult(nth=10, score=10.9, time=2.9, pointX=0.509244, pointY=0.499001, distance=3237, color='red')]",10,"[0.6304445000000001, 0.5142315]",0.27577315774594385,"[0.18178104353094685, 0.23916985983107503]",0.14790382660016163,입문
20250103-cf6f0aa2-e3a5-4ad9-bb47-fc0334c0e680,"[ShootingResult(nth=1, score=0.0, time=0.0, pointX=0.506681, pointY=1.03475, distance=3075, color='blue'), ShootingResult(nth=2, score=3.7, time=8.0, pointX=0.20686, pointY=0.275645, distance=3065, color='blue'), ShootingResult(nth=3, score=9.0, time=1.2, pointX=0.416227, pointY=0.445191, distance=3058, color='red'), ShootingResult(nth=4, score=5.1, time=1.1, pointX=0.511701, pointY=0.199107, distance=3057, color='green'), ShootingResult(nth=5, score=7.3, time=1.1, pointX=0.437047, pointY=0.322206, distance=3045, color='orange'), ShootingResult(nth=6, score=8.2, time=2.8, pointX=0.362674, pointY=0.52511, distance=3047, color='orange'), ShootingResult(nth=7, score=10.0, time=1.0, pointX=0.459818, pointY=0.472764, distance=3050, color='red'), ShootingResult(nth=8, score=7.7, time=1.5, pointX=0.457739, pointY=0.341165, distance=3045, color='orange'), ShootingResult(nth=9, score=0.0, time=3.2, pointX=0.177998, pointY=-0.0148507, distance=3057, color='blue'), ShootingResult(nth=10, score=6.1, time=6.7, pointX=0.268838, pointY=0.595511, distance=3106, color='green')]",10,"[0.42663700000000004, 0.393178]",0.22603037922393465,"[0.1156765236684177, 0.2641388069116693]",0.039254660709848094,입문
20250103-7457a707-811d-4541-b038-95eeb2313e4c,"[ShootingResult(nth=1, score=7.1, time=0.1, pointX=0.485779, pointY=0.694289, distance=3128, color='orange'), ShootingResult(nth=2, score=7.4, time=2.1, pointX=0.412248, pointY=0.659984, distance=3148, color='orange'), ShootingResult(nth=3, score=8.1, time=1.5, pointX=0.622919, pointY=0.578166, distance=3151, color='orange'), ShootingResult(nth=4, score=8.2, time=1.2, pointX=0.532628, pointY=0.634747, distance=3141, color='orange'), ShootingResult(nth=5, score=9.6, time=1.0, pointX=0.555323, pointY=0.460793, distance=3148, color='red'), ShootingResult(nth=6, score=8.7, time=1.0, pointX=0.523536, pointY=0.612461, distance=3138, color='orange'), ShootingResult(nth=7, score=9.7, time=1.0, pointX=0.552503, pointY=0.464052, distance=3142, color='red'), ShootingResult(nth=8, score=8.8, time=1.0, pointX=0.42787, pointY=0.584312, distance=3135, color='orange'), ShootingResult(nth=9, score=6.1, time=1.2, pointX=0.677347, pointY=0.672437, distance=3135, color='green'), ShootingResult(nth=10, score=6.4, time=0.8, pointX=0.639732, pointY=0.688744, distance=3136, color='green')]",10,"[0.5425655, 0.623604]",0.10600102327468593,"[0.08255124210725118, 0.08081285618173634]",0.05644749744988215,입문
20250103-d0b942be-c079-4131-97a6-66cd2fe751af,"[ShootingResult(nth=1, score=9.6, time=2.1, pointX=0.432822, pointY=0.505836, distance=2911, color='red'), ShootingResult(nth=2, score=6.1, time=1.1, pointX=0.661631, pointY=0.686036, distance=2918, color='green'), ShootingResult(nth=3, score=3.1, time=4.0, pointX=0.101803, pointY=0.565754, distance=2917, color='blue'), ShootingResult(nth=4, score=8.2, time=1.1, pointX=0.425895, pointY=0.618511, distance=2913, color='orange'), ShootingResult(nth=5, score=9.5, time=1.2, pointX=0.541569, pointY=0.559948, distance=2918, color='red'), ShootingResult(nth=6, score=8.3, time=1.2, pointX=0.384227, pointY=0.569228, distance=2919, color='orange'), ShootingResult(nth=7, score=9.4, time=1.2, pointX=0.453994, pointY=0.564586, distance=2929, color='red'), ShootingResult(nth=8, score=9.9, time=1.1, pointX=0.450474, pointY=0.522887, distance=2912, color='red'), ShootingResult(nth=9, score=6.4, time=1.0, pointX=0.273361, pointY=0.544429, distance=2918, color='green'), ShootingResult(nth=10, score=9.1, time=1.3, pointX=0.453927, pointY=0.578894, distance=2917, color='red')]",10,"[0.441648, 0.56517]",0.11076023853630738,"[0.14162974705551795, 0.04796908584797088]",0.007346957582745728,입문
20250103-debf35df-330e-485c-a7c8-5647fc36d855,"[ShootingResult(nth=1, score=7.1, time=0.0, pointX=0.617733, pointY=0.657904, distance=3135, color='orange'), ShootingResult(nth=2, score=7.5, time=1.9, pointX=0.421671, pointY=0.655137, distance=3131, color='orange'), ShootingResult(nth=3, score=9.6, time=1.3, pointX=0.46916, pointY=0.43701, distance=3126, color='red'), ShootingResult(nth=4, score=8.5, time=0.8, pointX=0.427282, pointY=0.598718, distance=3128, color='orange'), ShootingResult(nth=5, score=8.4, time=1.2, pointX=0.390228, pointY=0.569067, distance=3129, color='orange'), ShootingResult(nth=6, score=8.9, time=0.9, pointX=0.407666, pointY=0.551619, distance=3133, color='orange'), ShootingResult(nth=7, score=7.0, time=1.0, pointX=0.448963, pointY=0.69742, distance=3139, color='orange'), ShootingResult(nth=8, score=8.8, time=2.0, pointX=0.546625, pointY=0.597144, distance=3138, color='orange'), ShootingResult(nth=9, score=8.6, time=1.3, pointX=0.41841, pointY=0.589419, distance=3125, color='orange'), ShootingResult(nth=10, score=7.7, time=1.2, pointX=0.52807, pointY=0.663889, distance=3131, color='orange')]",10,"[0.43812249999999997, 0.597931]",0.08765822973390856,"[0.06965948456714276, 0.07065441938343277]",0.03249692182458403,입문
20250103-f65c7bd3-82ec-42bd-ae7e-5cf74022c53c,"[ShootingResult(nth=1, score=9.0, time=1.8, pointX=0.596648, pointY=0.519846, distance=2820, color='red'), ShootingResult(nth=2, score=5.1, time=1.1, pointX=0.204644, pointY=0.550379, distance=2801, color='green'), ShootingResult(nth=3, score=8.1, time=0.9, pointX=0.391201, pointY=0.597787, distance=2801, color='orange'), ShootingResult(nth=4, score=8.5, time=1.0, pointX=0.380167, pointY=0.529076, distance=2803, color='orange'), ShootingResult(nth=5, score=8.4, time=0.9, pointX=0.591883, pointY=0.589611, distance=2794, color='orange'), ShootingResult(nth=6, score=10.7, time=0.7, pointX=0.492918, pointY=0.520091, distance=2793, color='red'), ShootingResult(nth=7, score=8.0, time=0.8, pointX=0.367233, pointY=0.569211, distance=2798, color='orange'), ShootingResult(nth=8, score=9.2, time=1.0, pointX=0.586269, pointY=0.510968, distance=2783, color='red'), ShootingResult(nth=9, score=8.4, time=0.8, pointX=0.376113, pointY=0.533504, distance=2793, color='orange'), ShootingResult(nth=10, score=8.3, time=0.7, pointX=0.372061, pointY=0.53792, distance=2786, color='orange')]",10,"[0.385684, 0.535712]",0.10496081066751468,"[0.1212357488557315, 0.028691266650498367]",0.020520839243916136,입문
20250103-edb25482-a16e-4d6c-b149-b4a3fffdf911,"[ShootingResult(nth=1, score=8.1, time=0.1, pointX=0.564903, pointY=0.629177, distance=3258, color='orange'), ShootingResult(nth=2, score=8.6, time=1.9, pointX=0.480776, pointY=0.618124, distance=3260, color='orange'), ShootingResult(nth=3, score=9.5, time=1.4, pointX=0.477005, pointY=0.567685, distance=3255, color='red'), ShootingResult(nth=4, score=9.4, time=1.3, pointX=0.567055, pointY=0.46336, distance=3261, color='red'), ShootingResult(nth=5, score=9.9, time=1.2, pointX=0.463607, pointY=0.462458, distance=3259, color='red'), ShootingResult(nth=6, score=8.3, time=1.9, pointX=0.400869, pointY=0.593362, distance=3257, color='orange'), ShootingResult(nth=7, score=3.8, time=1.5, pointX=0.629559, pointY=0.844409, distance=3258, color='blue'), ShootingResult(nth=8, score=9.3, time=1.5, pointX=0.504798, pointY=0.582115, distance=3268, color='red'), ShootingResult(nth=9, score=6.1, time=1.9, pointX=0.508991, pointY=0.7459, distance=3254, color='green'), ShootingResult(nth=10, score=7.7, time=1.5, pointX=0.532547, pointY=0.662781, distance=3240, color='orange')]",10,"[0.5068945, 0.6057429999999999]",0.10456352412210472,"[0.06083941946632956, 0.11057650439442368]",0.03274578846219947,입문
20250103-e4edfed0-dd6b-4be7-bdbe-7eb0548d8e21,"[ShootingResult(nth=1, score=6.6, time=2.1, pointX=0.484462, pointY=0.722762, distance=3078, color='green'), ShootingResult(nth=2, score=6.7, time=1.9, pointX=0.574732, pointY=0.29855, distance=3085, color='green'), ShootingResult(nth=3, score=8.3, time=1.3, pointX=0.435461, pointY=0.38192, distance=3069, color='orange'), ShootingResult(nth=4, score=5.5, time=0.9, pointX=0.439759, pointY=0.227995, distance=3074, color='green'), ShootingResult(nth=5, score=8.5, time=0.9, pointX=0.38094, pointY=0.537527, distance=3086, color='orange'), ShootingResult(nth=6, score=3.5, time=0.8, pointX=0.510246, pointY=0.119193, distance=3067, color='blue'), ShootingResult(nth=7, score=8.8, time=1.1, pointX=0.56373, pointY=0.410749, distance=3074, color='orange'), ShootingResult(nth=8, score=9.6, time=0.7, pointX=0.520724, pointY=0.435931, distance=3080, color='red'), ShootingResult(nth=9, score=7.6, time=0.8, pointX=0.447884, pointY=0.337115, distance=3087, color='orange'), ShootingResult(nth=10, score=10.0, time=0.7, pointX=0.545957, pointY=0.480983, distance=3080, color='red')]",10,"[0.49735399999999996, 0.3963345]",0.14419593974732764,"[0.06024643496880126, 0.15932423521250622]",0.05325085787296209,입문
20250103-555b661f-1ace-49a7-849f-c63626b5163d,"[ShootingResult(nth=1, score=8.4, time=5.6, pointX=0.457093, pointY=0.621277, distance=3307, color='orange'), ShootingResult(nth=2, score=5.6, time=0.7, pointX=0.230883, pointY=0.540982, distance=3296, color='green'), ShootingResult(nth=3, score=3.2, time=0.1, pointX=0.318763, pointY=0.855217, distance=3305, color='blue'), ShootingResult(nth=4, score=2.8, time=0.4, pointX=0.13322, pointY=0.696615, distance=3288, color='blue'), ShootingResult(nth=5, score=4.4, time=0.7, pointX=0.815072, pointY=0.620945, distance=3291, color='blue'), ShootingResult(nth=6, score=4.1, time=0.1, pointX=0.458634, pointY=0.849248, distance=3309, color='blue'), ShootingResult(nth=7, score=6.1, time=2.8, pointX=0.287061, pointY=0.622227, distance=3290, color='green'), ShootingResult(nth=8, score=8.2, time=0.5, pointX=0.518292, pointY=0.637072, distance=3303, color='orange'), ShootingResult(nth=9, score=4.9, time=0.9, pointX=0.368925, pointY=0.222085, distance=3301, color='blue'), ShootingResult(nth=10, score=4.1, time=1.8, pointX=0.794341, pointY=0.690753, distance=3305, color='blue')]",10,"[0.413009, 0.6296495]",0.2433885461319539,"[0.21306301632906632, 0.1676871798674246]",0.12112332531252484,입문
20250103-09c57780-f736-4dc5-9113-be75ee64fe83,"[ShootingResult(nth=1, score=9.0, time=2.1, pointX=0.596437, pointY=0.524142, distance=2903, color='red'), ShootingResult(nth=2, score=7.6, time=2.4, pointX=0.53465, pointY=0.334226, distance=2917, color='orange'), ShootingResult(nth=3, score=7.3, time=1.6, pointX=0.340907, pointY=0.60087, distance=2907, color='orange'), ShootingResult(nth=4, score=2.9, time=2.3, pointX=0.648365, pointY=0.117072, distance=2894, color='blue'), ShootingResult(nth=5, score=4.2, time=7.6, pointX=0.615722, pointY=0.827411, distance=2924, color='blue'), ShootingResult(nth=6, score=6.0, time=3.1, pointX=0.404544, pointY=0.265661, distance=2915, color='green'), ShootingResult(nth=7, score=3.3, time=0.3, pointX=0.504259, pointY=0.108175, distance=2911, color='blue'), ShootingResult(nth=8, score=0.0, time=0.2, pointX=0.778696, pointY=-0.036503, distance=2911, color='blue'), ShootingResult(nth=9, score=9.8, time=0.2, pointX=0.539231, pointY=0.460976, distance=2903, color='red'), ShootingResult(nth=10, score=1.9, time=0.4, pointX=0.530601, pointY=0.0386001, distance=2922, color='blue')]",10,"[0.5369405, 0.29994350000000003]",0.2540987832974394,"[0.11668181282770679, 0.26329109187236266]",0.11587367358870396,입문
20250103-c0a3815e-6bd9-4544-ab9e-67f513fedfcd,"[ShootingResult(nth=1, score=10.2, time=2.9, pointX=0.52107, pointY=0.53527, distance=3128, color='red'), ShootingResult(nth=2, score=10.3, time=1.4, pointX=0.510541, pointY=0.534836, distance=3124, color='red'), ShootingResult(nth=3, score=8.0, time=1.0, pointX=0.627244, pointY=0.422184, distance=3123, color='orange'), ShootingResult(nth=4, score=9.5, time=1.0, pointX=0.528409, pointY=0.431034, distance=3128, color='red'), ShootingResult(nth=5, score=7.9, time=1.0, pointX=0.537376, pointY=0.64835, distance=3128, color='orange'), ShootingResult(nth=6, score=9.2, time=1.2, pointX=0.425567, pointY=0.542784, distance=3136, color='red'), ShootingResult(nth=7, score=8.5, time=1.2, pointX=0.429368, pointY=0.394523, distance=3136, color='orange'), ShootingResult(nth=8, score=5.4, time=1.5, pointX=0.575581, pointY=0.775449, distance=3131, color='green'), ShootingResult(nth=9, score=10.0, time=1.1, pointX=0.533452, pointY=0.465885, distance=3129, color='red'), ShootingResult(nth=10, score=5.7, time=1.1, pointX=0.58839, pointY=0.751482, distance=3125, color='green')]",10,"[0.5309305, 0.535053]",0.12128435595578528,"[0.06037450409866735, 0.12780137234087122]",0.04707094077267725,입문
20250103-157d5d11-f288-4502-86b5-3e17ea38c1f1,"[ShootingResult(nth=1, score=9.9, time=1.3, pointX=0.545544, pointY=0.476565, distance=2933, color='red'), ShootingResult(nth=2, score=5.9, time=1.0, pointX=0.242067, pointY=0.497103, distance=2939, color='green'), ShootingResult(nth=3, score=8.8, time=1.1, pointX=0.390567, pointY=0.484272, distance=2935, color='orange'), ShootingResult(nth=4, score=10.2, time=1.4, pointX=0.45801, pointY=0.495449, distance=2951, color='red'), ShootingResult(nth=5, score=9.6, time=0.8, pointX=0.568683, pointY=0.493366, distance=2934, color='red'), ShootingResult(nth=6, score=9.4, time=0.7, pointX=0.443907, pointY=0.556342, distance=2936, color='red'), ShootingResult(nth=7, score=10.9, time=0.9, pointX=0.50605, pointY=0.487294, distance=2929, color='red'), ShootingResult(nth=8, score=7.6, time=2.7, pointX=0.330815, pointY=0.512426, distance=2927, color='orange'), ShootingResult(nth=9, score=9.3, time=0.8, pointX=0.418329, pointY=0.492612, distance=2930, color='red'), ShootingResult(nth=10, score=10.0, time=1.0, pointX=0.545457, pointY=0.485373, distance=2942, color='red')]",10,"[0.4509585, 0.492989]",0.08594151209212297,"[0.09863570568658188, 0.021428083450462855]",0.032422081445212296,입문
20250103-56b56729-5eba-42c9-8bd6-6526ef7ec233,"[ShootingResult(nth=1, score=0.0, time=9.4, pointX=0.29373, pointY=-0.116794, distance=2487, color='blue'), ShootingResult(nth=2, score=10.2, time=1.2, pointX=0.5285, pointY=0.472617, distance=2492, color='red'), ShootingResult(nth=3, score=7.7, time=1.6, pointX=0.635253, pointY=0.403328, distance=2501, color='orange'), ShootingResult(nth=4, score=2.2, time=1.8, pointX=0.160661, pointY=0.79631, distance=2490, color='blue'), ShootingResult(nth=5, score=1.6, time=1.3, pointX=0.463488, pointY=0.0222504, distance=2485, color='blue'), ShootingResult(nth=6, score=8.0, time=1.5, pointX=0.380253, pointY=0.40681, distance=2485, color='orange'), ShootingResult(nth=7, score=1.9, time=2.0, pointX=0.62321, pointY=0.0541125, distance=2499, color='blue'), ShootingResult(nth=8, score=5.8, time=2.0, pointX=0.356949, pointY=0.277937, distance=2487, color='green'), ShootingResult(nth=9, score=0.0, time=4.4, pointX=-0.0533133, pointY=0.849699, distance=2496, color='blue'), ShootingResult(nth=10, score=0.0, time=1.5, pointX=1.02489, pointY=0.469842, distance=2495, color='blue')]",10,"[0.42187050000000004, 0.405069]",0.35787434596640094,"[0.27846035775205796, 0.30009436423685953]",0.15386105694749724,입문
20250103-af59715d-95ae-48d6-9165-b18f611cc195,"[ShootingResult(nth=1, score=9.3, time=0.4, pointX=0.574991, pointY=0.463795, distance=3125, color='red'), ShootingResult(nth=2, score=2.1, time=3.7, pointX=0.537205, pointY=0.048803, distance=3114, color='blue'), ShootingResult(nth=3, score=8.1, time=3.3, pointX=0.353896, pointY=0.50755, distance=3115, color='orange'), ShootingResult(nth=4, score=7.8, time=3.4, pointX=0.489682, pointY=0.337888, distance=3107, color='orange'), ShootingResult(nth=5, score=7.8, time=2.7, pointX=0.341206, pointY=0.533201, distance=3104, color='orange'), ShootingResult(nth=6, score=8.8, time=3.3, pointX=0.494613, pointY=0.392729, distance=3109, color='orange'), ShootingResult(nth=7, score=6.8, time=3.2, pointX=0.554911, pointY=0.293766, distance=3106, color='green'), ShootingResult(nth=8, score=10.9, time=2.1, pointX=0.49946, pointY=0.50462, distance=3107, color='red'), ShootingResult(nth=9, score=8.3, time=2.2, pointX=0.398311, pointY=0.411422, distance=3109, color='orange'), ShootingResult(nth=10, score=8.6, time=3.7, pointX=0.609859, pointY=0.459631, distance=3109, color='orange')]",10,"[0.4970365, 0.43552650000000004]",0.13959070878061222,"[0.08775119906781903, 0.13650261086092821]",0.04686702905732734,입문
20250103-de2bb579-1b2b-4a65-a3c9-c3af3a5f7efe,"[ShootingResult(nth=1, score=6.7, time=2.1, pointX=0.318904, pointY=0.383247, distance=3104, color='green'), ShootingResult(nth=2, score=9.1, time=1.2, pointX=0.494834, pointY=0.407902, distance=3104, color='red'), ShootingResult(nth=3, score=8.7, time=0.9, pointX=0.479966, pointY=0.389584, distance=3103, color='orange'), ShootingResult(nth=4, score=7.0, time=1.0, pointX=0.515408, pointY=0.300335, distance=3107, color='orange'), ShootingResult(nth=5, score=5.6, time=0.8, pointX=0.495146, pointY=0.226995, distance=3103, color='green'), ShootingResult(nth=6, score=9.7, time=0.9, pointX=0.447198, pointY=0.46881, distance=3105, color='red'), ShootingResult(nth=7, score=8.6, time=0.9, pointX=0.386194, pointY=0.468841, distance=3100, color='orange'), ShootingResult(nth=8, score=3.9, time=0.8, pointX=0.48986, pointY=0.1388, distance=3099, color='blue'), ShootingResult(nth=9, score=6.2, time=1.1, pointX=0.454891, pointY=0.740225, distance=3103, color='green'), ShootingResult(nth=10, score=8.0, time=0.9, pointX=0.348492, pointY=0.48642, distance=3106, color='orange')]",10,"[0.4674285, 0.39874299999999996]",0.1407812654478974,"[0.0647523531217978, 0.15531380943010187]",0.04541927488331944,입문
20250103-b89a5310-3c1d-4cd2-aa04-7a961c1f225e,"[ShootingResult(nth=1, score=9.2, time=12.2, pointX=0.451924, pointY=0.574217, distance=2576, color='red'), ShootingResult(nth=2, score=10.4, time=5.4, pointX=0.534574, pointY=0.497746, distance=2578, color='red'), ShootingResult(nth=3, score=9.9, time=4.9, pointX=0.466423, pointY=0.540654, distance=2576, color='red'), ShootingResult(nth=4, score=9.6, time=4.0, pointX=0.436705, pointY=0.529343, distance=2577, color='red'), ShootingResult(nth=5, score=10.3, time=4.1, pointX=0.466011, pointY=0.512186, distance=2578, color='red'), ShootingResult(nth=6, score=8.5, time=4.3, pointX=0.577944, pointY=0.405413, distance=2575, color='orange'), ShootingResult(nth=7, score=9.5, time=11.3, pointX=0.494757, pointY=0.428913, distance=2579, color='red'), ShootingResult(nth=8, score=10.2, time=5.1, pointX=0.539492, pointY=0.502706, distance=2578, color='red'), ShootingResult(nth=9, score=10.7, time=5.5, pointX=0.489278, pointY=0.481501, distance=2583, color='red'), ShootingResult(nth=10, score=7.6, time=3.3, pointX=0.668727, pointY=0.502682, distance=2577, color='orange')]",10,"[0.4920175, 0.502694]",0.07088827752879054,"[0.06667704152592553, 0.04740420259101506]",0.02487303345303702,입문
20250103-58805ca2-ae26-4338-b333-3d011475a69c,"[ShootingResult(nth=1, score=8.3, time=12.6, pointX=0.592387, pointY=0.400827, distance=2603, color='orange'), ShootingResult(nth=2, score=6.7, time=19.7, pointX=0.31847, pointY=0.382516, distance=2604, color='green'), ShootingResult(nth=3, score=7.6, time=4.9, pointX=0.336484, pointY=0.544066, distance=2604, color='orange'), ShootingResult(nth=4, score=9.2, time=7.1, pointX=0.432166, pointY=0.44296, distance=2599, color='red'), ShootingResult(nth=5, score=10.2, time=4.3, pointX=0.471004, pointY=0.47283, distance=2605, color='red'), ShootingResult(nth=6, score=9.3, time=4.6, pointX=0.463593, pointY=0.425646, distance=2604, color='red'), ShootingResult(nth=7, score=8.6, time=4.8, pointX=0.456609, pointY=0.390639, distance=2605, color='orange'), ShootingResult(nth=8, score=9.1, time=5.7, pointX=0.532617, pointY=0.589985, distance=2604, color='red'), ShootingResult(nth=9, score=9.8, time=7.8, pointX=0.477831, pointY=0.554235, distance=2600, color='red'), ShootingResult(nth=10, score=9.7, time=11.7, pointX=0.536779, pointY=0.44662, distance=2604, color='red')]",10,"[0.46729849999999995, 0.44479]",0.0934966139516121,"[0.08073877182494171, 0.06980009457758636]",0.03791568254134143,입문
20250103-0aedbb95-4dbe-4bfc-9a61-4e72c427dbf7,"[ShootingResult(nth=1, score=8.8, time=14.9, pointX=0.458179, pointY=0.397613, distance=2650, color='orange'), ShootingResult(nth=2, score=10.1, time=15.7, pointX=0.540374, pointY=0.513356, distance=2646, color='red'), ShootingResult(nth=3, score=9.9, time=13.1, pointX=0.465872, pointY=0.456958, distance=2649, color='red'), ShootingResult(nth=4, score=9.7, time=13.8, pointX=0.437587, pointY=0.48178, distance=2647, color='red'), ShootingResult(nth=5, score=9.3, time=12.1, pointX=0.420178, pointY=0.486135, distance=2643, color='red'), ShootingResult(nth=6, score=10.9, time=13.7, pointX=0.494583, pointY=0.486594, distance=2650, color='red'), ShootingResult(nth=7, score=10.1, time=17.6, pointX=0.454278, pointY=0.503755, distance=2648, color='red'), ShootingResult(nth=8, score=9.9, time=15.4, pointX=0.465921, pointY=0.541357, distance=2649, color='red'), ShootingResult(nth=9, score=9.6, time=12.1, pointX=0.465257, pointY=0.556404, distance=2646, color='red'), ShootingResult(nth=10, score=9.0, time=10.1, pointX=0.4004, pointY=0.499188, distance=2645, color='red')]",10,"[0.46171799999999996, 0.492891]",0.05019728096656282,"[0.03664532555852111, 0.041873437647272284]",0.026135944880136725,입문
20250103-1cde11a3-67d9-45a1-8fcd-c2d9716fb905,"[ShootingResult(nth=1, score=6.8, time=17.2, pointX=0.608204, pointY=0.319624, distance=2576, color='green'), ShootingResult(nth=2, score=6.8, time=12.7, pointX=0.468009, pointY=0.292138, distance=2578, color='green'), ShootingResult(nth=3, score=7.6, time=8.8, pointX=0.576693, pointY=0.347369, distance=2572, color='orange'), ShootingResult(nth=4, score=9.1, time=9.0, pointX=0.418195, pointY=0.459567, distance=2574, color='red'), ShootingResult(nth=5, score=10.4, time=13.2, pointX=0.467188, pointY=0.490867, distance=2575, color='red'), ShootingResult(nth=6, score=10.2, time=16.5, pointX=0.461125, pointY=0.510978, distance=2579, color='red'), ShootingResult(nth=7, score=9.2, time=12.8, pointX=0.58492, pointY=0.517175, distance=2573, color='red'), ShootingResult(nth=8, score=8.4, time=18.2, pointX=0.430942, pointY=0.610967, distance=2577, color='orange'), ShootingResult(nth=9, score=10.2, time=12.1, pointX=0.541404, pointY=0.500034, distance=2578, color='red'), ShootingResult(nth=10, score=9.8, time=11.2, pointX=0.452233, pointY=0.532402, distance=2578, color='red')]",10,"[0.46759850000000003, 0.4954505]",0.10493349023545033,"[0.06622819947129772, 0.09848333618074685]",0.030256377383475058,입문
20250103-8a6773e8-36bb-4ee0-b079-a9826e2d4919,"[ShootingResult(nth=1, score=10.1, time=18.3, pointX=0.520447, pointY=0.462783, distance=2620, color='red'), ShootingResult(nth=2, score=9.8, time=19.2, pointX=0.471431, pointY=0.452902, distance=2622, color='red'), ShootingResult(nth=3, score=9.6, time=23.3, pointX=0.560099, pointY=0.465482, distance=2617, color='red'), ShootingResult(nth=4, score=9.0, time=20.5, pointX=0.413196, pointY=0.455558, distance=2627, color='red'), ShootingResult(nth=5, score=10.4, time=21.5, pointX=0.465913, pointY=0.491982, distance=2618, color='red'), ShootingResult(nth=6, score=10.3, time=22.4, pointX=0.50639, pointY=0.463828, distance=2625, color='red'), ShootingResult(nth=7, score=9.6, time=27.1, pointX=0.515895, pointY=0.432114, distance=2617, color='red'), ShootingResult(nth=8, score=9.4, time=20.5, pointX=0.44823, pointY=0.444419, distance=2617, color='red'), ShootingResult(nth=9, score=9.9, time=14.9, pointX=0.471875, pointY=0.544965, distance=2619, color='red'), ShootingResult(nth=10, score=10.4, time=27.0, pointX=0.500915, pointY=0.468402, distance=2620, color='red')]",10,"[0.486395, 0.46330550000000004]",0.04387102058743345,"[0.03966197441240161, 0.02962414682737716]",0.020387625795219324,입문
20250103-724908b9-6fde-48d8-bb3e-e91438e45cfc,"[ShootingResult(nth=1, score=9.2, time=21.5, pointX=0.546335, pointY=0.425404, distance=2581, color='red'), ShootingResult(nth=2, score=10.9, time=4.4, pointX=0.487114, pointY=0.505278, distance=2586, color='red'), ShootingResult(nth=3, score=9.9, time=5.3, pointX=0.507737, pointY=0.447257, distance=2588, color='red'), ShootingResult(nth=4, score=8.5, time=5.9, pointX=0.50344, pointY=0.376019, distance=2584, color='orange'), ShootingResult(nth=5, score=8.9, time=4.6, pointX=0.600547, pointY=0.476242, distance=2588, color='orange'), ShootingResult(nth=6, score=10.1, time=5.8, pointX=0.507627, pointY=0.457439, distance=2587, color='red'), ShootingResult(nth=7, score=8.7, time=25.7, pointX=0.58012, pointY=0.420963, distance=2577, color='orange'), ShootingResult(nth=8, score=10.9, time=6.1, pointX=0.502501, pointY=0.49185, distance=2587, color='red'), ShootingResult(nth=9, score=10.5, time=4.7, pointX=0.476116, pointY=0.517992, distance=2581, color='red'), ShootingResult(nth=10, score=10.7, time=17.2, pointX=0.52215, pointY=0.502635, distance=2587, color='red')]",10,"[0.507682, 0.4668405]",0.05235055627226866,"[0.0381813073219082, 0.04290364428448941]",0.023602960906150893,입문
20250103-d3d41ffa-b032-4bf9-8694-68a9066a6ff3,"[ShootingResult(nth=1, score=9.2, time=22.1, pointX=0.574811, pointY=0.454916, distance=2630, color='red'), ShootingResult(nth=2, score=4.7, time=11.3, pointX=0.683288, pointY=0.23936, distance=2630, color='blue'), ShootingResult(nth=3, score=10.0, time=13.0, pointX=0.527783, pointY=0.462157, distance=2629, color='red'), ShootingResult(nth=4, score=10.6, time=9.7, pointX=0.495081, pointY=0.47371, distance=2627, color='red'), ShootingResult(nth=5, score=9.3, time=11.4, pointX=0.550691, pointY=0.434404, distance=2631, color='red'), ShootingResult(nth=6, score=9.9, time=12.2, pointX=0.541623, pointY=0.466731, distance=2630, color='red'), ShootingResult(nth=7, score=10.0, time=8.6, pointX=0.540491, pointY=0.52579, distance=2632, color='red'), ShootingResult(nth=8, score=10.9, time=8.6, pointX=0.500273, pointY=0.493916, distance=2630, color='red'), ShootingResult(nth=9, score=9.3, time=8.4, pointX=0.567155, pointY=0.45418, distance=2637, color='red'), ShootingResult(nth=10, score=8.7, time=10.2, pointX=0.543515, pointY=0.396951, distance=2630, color='orange')]",10,"[0.542569, 0.4585365]",0.06006832166945658,"[0.049799700232933126, 0.07427836536738003]",-0.00937906594278333,입문
20250103-c18d1f07-b694-4635-b5ab-b5af2f41e7af,"[ShootingResult(nth=1, score=10.0, time=23.5, pointX=0.541767, pointY=0.520215, distance=2558, color='red'), ShootingResult(nth=2, score=10.9, time=30.8, pointX=0.511649, pointY=0.498166, distance=2557, color='red'), ShootingResult(nth=3, score=10.3, time=23.7, pointX=0.463519, pointY=0.503488, distance=2558, color='red'), ShootingResult(nth=4, score=9.7, time=26.7, pointX=0.534849, pointY=0.449988, distance=2553, color='red'), ShootingResult(nth=5, score=9.7, time=21.4, pointX=0.444386, pointY=0.525562, distance=2555, color='red'), ShootingResult(nth=6, score=9.9, time=21.7, pointX=0.54588, pointY=0.47574, distance=2553, color='red'), ShootingResult(nth=7, score=9.3, time=24.3, pointX=0.517092, pointY=0.580306, distance=2553, color='red'), ShootingResult(nth=8, score=6.3, time=22.2, pointX=0.689572, pointY=0.354449, distance=2553, color='green'), ShootingResult(nth=9, score=10.3, time=22.8, pointX=0.535812, pointY=0.51248, distance=2552, color='red'), ShootingResult(nth=10, score=10.3, time=20.4, pointX=0.507623, pointY=0.535253, distance=2553, color='red')]",10,"[0.5259705, 0.507984]",0.06208927058706608,"[0.062176019773623324, 0.05744849197159138]",0.0031327248392350876,입문
20250103-8c51b0fb-f468-44b1-abf3-b3fb6bdbeb41,"[ShootingResult(nth=1, score=10.2, time=6.7, pointX=0.540551, pointY=0.487885, distance=2554, color='red'), ShootingResult(nth=2, score=10.9, time=22.3, pointX=0.514866, pointY=0.497968, distance=2554, color='red'), ShootingResult(nth=3, score=10.0, time=20.6, pointX=0.545248, pointY=0.488986, distance=2552, color='red'), ShootingResult(nth=4, score=10.2, time=18.8, pointX=0.477571, pointY=0.463992, distance=2555, color='red'), ShootingResult(nth=5, score=8.6, time=21.4, pointX=0.616594, pointY=0.510127, distance=2551, color='orange'), ShootingResult(nth=6, score=9.1, time=22.0, pointX=0.572217, pointY=0.440743, distance=2550, color='red'), ShootingResult(nth=7, score=9.0, time=20.6, pointX=0.590723, pointY=0.466012, distance=2555, color='red'), ShootingResult(nth=8, score=9.9, time=19.2, pointX=0.529969, pointY=0.455321, distance=2551, color='red'), ShootingResult(nth=9, score=10.4, time=20.0, pointX=0.523977, pointY=0.524005, distance=2553, color='red'), ShootingResult(nth=10, score=10.3, time=15.8, pointX=0.523778, pointY=0.529013, distance=2551, color='red')]",10,"[0.5352600000000001, 0.4884355]",0.04178467556705192,"[0.03811675501193667, 0.02811394706475774]",0.01790669009075572,입문
20250103-89a6d96a-1025-47b8-a063-55ac0e825068,"[ShootingResult(nth=1, score=10.2, time=16.0, pointX=0.477781, pointY=0.464194, distance=2648, color='red'), ShootingResult(nth=2, score=9.9, time=13.9, pointX=0.450387, pointY=0.516988, distance=2647, color='red'), ShootingResult(nth=3, score=9.3, time=19.2, pointX=0.419767, pointY=0.482095, distance=2645, color='red'), ShootingResult(nth=4, score=10.2, time=21.4, pointX=0.508871, pointY=0.461026, distance=2647, color='red'), ShootingResult(nth=5, score=10.1, time=24.3, pointX=0.523576, pointY=0.463884, distance=2647, color='red'), ShootingResult(nth=6, score=10.6, time=23.8, pointX=0.482847, pointY=0.479427, distance=2646, color='red'), ShootingResult(nth=7, score=10.7, time=21.4, pointX=0.513338, pointY=0.484286, distance=2650, color='red'), ShootingResult(nth=8, score=9.8, time=24.0, pointX=0.50832, pointY=0.443034, distance=2649, color='red'), ShootingResult(nth=9, score=8.6, time=37.2, pointX=0.379526, pointY=0.517034, distance=2649, color='orange'), ShootingResult(nth=10, score=10.2, time=13.0, pointX=0.477781, pointY=0.464194, distance=2650, color='red')]",10,"[0.480314, 0.4718105]",0.040011839255597634,"[0.043508178268458916, 0.02278546463340171]",0.010312647417532125,입문
20250103-6c0a1ad4-e959-42eb-ab7d-3dbdd241a9cf,"[ShootingResult(nth=1, score=8.7, time=17.8, pointX=0.410599, pointY=0.427153, distance=2603, color='orange'), ShootingResult(nth=2, score=9.4, time=10.5, pointX=0.57456, pointY=0.48673, distance=2602, color='red'), ShootingResult(nth=3, score=9.7, time=6.4, pointX=0.553046, pointY=0.467928, distance=2605, color='red'), ShootingResult(nth=4, score=9.7, time=7.2, pointX=0.560508, pointY=0.522737, distance=2601, color='red'), ShootingResult(nth=5, score=10.2, time=6.9, pointX=0.46499, pointY=0.521337, distance=2605, color='red'), ShootingResult(nth=6, score=8.4, time=9.1, pointX=0.508556, pointY=0.373269, distance=2603, color='orange'), ShootingResult(nth=7, score=7.7, time=8.3, pointX=0.638697, pointY=0.587191, distance=2605, color='orange'), ShootingResult(nth=8, score=8.5, time=10.6, pointX=0.617471, pointY=0.454395, distance=2603, color='orange'), ShootingResult(nth=9, score=8.1, time=19.9, pointX=0.637323, pointY=0.541118, distance=2602, color='orange'), ShootingResult(nth=10, score=8.4, time=9.6, pointX=0.371774, pointY=0.513078, distance=2606, color='orange')]",10,"[0.5567770000000001, 0.499904]",0.09420200798907856,"[0.088469936031626, 0.058296091375322934]",0.039522448963556216,입문
20250103-80fd974f-5522-425e-91d1-ab98f968818c,"[ShootingResult(nth=1, score=7.8, time=18.3, pointX=0.647219, pointY=0.442812, distance=2619, color='orange'), ShootingResult(nth=2, score=8.5, time=16.3, pointX=0.617753, pointY=0.466158, distance=2611, color='orange'), ShootingResult(nth=3, score=9.2, time=12.4, pointX=0.585272, pointY=0.470938, distance=2621, color='red'), ShootingResult(nth=4, score=10.8, time=9.2, pointX=0.495792, pointY=0.480253, distance=2619, color='red'), ShootingResult(nth=5, score=9.5, time=20.3, pointX=0.571446, pointY=0.510732, distance=2621, color='red'), ShootingResult(nth=6, score=7.2, time=11.5, pointX=0.684862, pointY=0.457381, distance=2618, color='orange'), ShootingResult(nth=7, score=9.7, time=13.4, pointX=0.562552, pointY=0.488712, distance=2626, color='red'), ShootingResult(nth=8, score=10.7, time=11.8, pointX=0.520196, pointY=0.492406, distance=2620, color='red'), ShootingResult(nth=9, score=8.9, time=11.4, pointX=0.430573, pointY=0.576729, distance=2622, color='orange'), ShootingResult(nth=10, score=9.7, time=9.5, pointX=0.53764, pointY=0.547813, distance=2623, color='red')]",10,"[0.566999, 0.4844825]",0.06740950786427165,"[0.07069899640341437, 0.03937497390526121]",0.02172709392797994,입문
20250103-0852c1a8-e478-4150-b572-3bfeac9dfb39,"[ShootingResult(nth=1, score=10.2, time=16.7, pointX=0.502895, pointY=0.459819, distance=2582, color='red'), ShootingResult(nth=2, score=10.2, time=20.1, pointX=0.540255, pointY=0.512377, distance=2582, color='red'), ShootingResult(nth=3, score=10.4, time=12.8, pointX=0.502847, pointY=0.465225, distance=2581, color='red'), ShootingResult(nth=4, score=10.4, time=16.7, pointX=0.468766, pointY=0.507026, distance=2583, color='red'), ShootingResult(nth=5, score=9.9, time=10.9, pointX=0.550402, pointY=0.51155, distance=2583, color='red'), ShootingResult(nth=6, score=9.7, time=17.5, pointX=0.559478, pointY=0.520548, distance=2582, color='red'), ShootingResult(nth=7, score=10.6, time=12.8, pointX=0.521689, pointY=0.488251, distance=2587, color='red'), ShootingResult(nth=8, score=10.1, time=11.5, pointX=0.528049, pointY=0.467401, distance=2588, color='red'), ShootingResult(nth=9, score=10.0, time=16.6, pointX=0.535202, pointY=0.465398, distance=2582, color='red'), ShootingResult(nth=10, score=10.4, time=17.5, pointX=0.530906, pointY=0.493243, distance=2583, color='red')]",10,"[0.5294775, 0.490747]",0.02969139042369389,"[0.025216132044586056, 0.021986464075880865]",0.013262294746883826,입문
20250103-667679f7-1302-496f-9686-bd5c4b9f2bb8,"[ShootingResult(nth=1, score=8.4, time=20.9, pointX=0.509395, pointY=0.371703, distance=2633, color='orange'), ShootingResult(nth=2, score=9.8, time=9.6, pointX=0.499515, pointY=0.444041, distance=2629, color='red'), ShootingResult(nth=3, score=9.1, time=11.8, pointX=0.51466, pointY=0.407693, distance=2629, color='red'), ShootingResult(nth=4, score=9.0, time=13.1, pointX=0.564475, pointY=0.572928, distance=2632, color='red'), ShootingResult(nth=5, score=8.3, time=9.7, pointX=0.609282, pointY=0.421398, distance=2629, color='orange'), ShootingResult(nth=6, score=8.4, time=11.5, pointX=0.584907, pointY=0.40424, distance=2630, color='orange'), ShootingResult(nth=7, score=10.2, time=8.8, pointX=0.499563, pointY=0.459563, distance=2631, color='red'), ShootingResult(nth=8, score=10.0, time=9.0, pointX=0.547904, pointY=0.499527, distance=2629, color='red'), ShootingResult(nth=9, score=10.2, time=9.4, pointX=0.523579, pointY=0.4661, distance=2635, color='red'), ShootingResult(nth=10, score=10.2, time=9.2, pointX=0.460152, pointY=0.486756, distance=2634, color='red')]",10,"[0.5191195, 0.45180200000000004]",0.06120754067778875,"[0.04269315087411561, 0.05478913405128794]",0.026134082366312893,입문
20250103-4665c085-676f-419c-9aa9-eac66aabb02d,"[ShootingResult(nth=1, score=9.6, time=21.0, pointX=0.566841, pointY=0.511244, distance=2576, color='red'), ShootingResult(nth=2, score=9.9, time=12.5, pointX=0.454335, pointY=0.474785, distance=2579, color='red'), ShootingResult(nth=3, score=9.3, time=12.6, pointX=0.427339, pointY=0.461235, distance=2579, color='red'), ShootingResult(nth=4, score=10.4, time=15.3, pointX=0.515703, pointY=0.471087, distance=2568, color='red'), ShootingResult(nth=5, score=9.9, time=13.9, pointX=0.449258, pointY=0.502165, distance=2577, color='red'), ShootingResult(nth=6, score=9.0, time=18.5, pointX=0.416726, pointY=0.557487, distance=2579, color='red'), ShootingResult(nth=7, score=9.9, time=13.0, pointX=0.466283, pointY=0.540618, distance=2577, color='red'), ShootingResult(nth=8, score=9.2, time=15.1, pointX=0.447085, pointY=0.569303, distance=2575, color='red'), ShootingResult(nth=9, score=10.2, time=11.4, pointX=0.539541, pointY=0.502507, distance=2576, color='red'), ShootingResult(nth=10, score=8.7, time=10.5, pointX=0.387355, pointY=0.511001, distance=2582, color='orange')]",10,"[0.4517965, 0.506754]",0.05909673434501833,"[0.053775905924865655, 0.03458546323182617]",0.03012035531995152,입문
20250103-9197f348-1357-4258-ac1c-fb25413cf6d4,"[ShootingResult(nth=1, score=9.8, time=24.5, pointX=0.45882, pointY=0.543209, distance=2574, color='red'), ShootingResult(nth=2, score=10.0, time=15.8, pointX=0.53797, pointY=0.530814, distance=2578, color='red'), ShootingResult(nth=3, score=9.8, time=18.1, pointX=0.515624, pointY=0.445641, distance=2577, color='red'), ShootingResult(nth=4, score=10.6, time=15.0, pointX=0.525757, pointY=0.489975, distance=2574, color='red'), ShootingResult(nth=5, score=9.3, time=16.1, pointX=0.481993, pointY=0.580376, distance=2578, color='red'), ShootingResult(nth=6, score=9.5, time=19.7, pointX=0.444052, pointY=0.453184, distance=2578, color='red'), ShootingResult(nth=7, score=10.9, time=14.9, pointX=0.50578, pointY=0.513382, distance=2575, color='red'), ShootingResult(nth=8, score=10.0, time=12.8, pointX=0.501823, pointY=0.547496, distance=2577, color='red'), ShootingResult(nth=9, score=10.5, time=13.6, pointX=0.530844, pointY=0.499746, distance=2575, color='red'), ShootingResult(nth=10, score=10.0, time=12.2, pointX=0.496559, pointY=0.547367, distance=2576, color='red')]",10,"[0.5038015, 0.522098]",0.04504443386794234,"[0.02915362841157168, 0.041129994590323016]",0.021036833163861793,입문
20250103-a6a00ea6-3e6a-42dc-8095-9800b6070648,"[ShootingResult(nth=1, score=9.4, time=10.3, pointX=0.571418, pointY=0.471321, distance=2578, color='red'), ShootingResult(nth=2, score=10.1, time=9.0, pointX=0.499773, pointY=0.54331, distance=2575, color='red'), ShootingResult(nth=3, score=10.5, time=16.5, pointX=0.510219, pointY=0.47193, distance=2576, color='red'), ShootingResult(nth=4, score=10.2, time=12.3, pointX=0.49993, pointY=0.459408, distance=2581, color='red'), ShootingResult(nth=5, score=10.7, time=12.4, pointX=0.483863, pointY=0.486883, distance=2577, color='red'), ShootingResult(nth=6, score=10.6, time=17.8, pointX=0.510593, pointY=0.524568, distance=2579, color='red'), ShootingResult(nth=7, score=10.2, time=15.0, pointX=0.53657, pointY=0.479678, distance=2581, color='red'), ShootingResult(nth=8, score=9.5, time=14.4, pointX=0.509709, pointY=0.572711, distance=2573, color='red'), ShootingResult(nth=9, score=10.4, time=11.1, pointX=0.489004, pointY=0.529904, distance=2574, color='red'), ShootingResult(nth=10, score=10.1, time=11.0, pointX=0.51599, pointY=0.540852, distance=2579, color='red')]",10,"[0.509964, 0.5057255]",0.041346191340352736,"[0.024023318157365352, 0.036774250802021784]",0.02608464291311443,입문
20250103-7b21a278-0030-4323-a682-f9c600d7eba1,"[ShootingResult(nth=1, score=6.5, time=20.0, pointX=0.525619, pointY=0.276038, distance=2605, color='green'), ShootingResult(nth=2, score=8.8, time=11.9, pointX=0.394266, pointY=0.512942, distance=2606, color='orange'), ShootingResult(nth=3, score=10.2, time=5.9, pointX=0.508819, pointY=0.460866, distance=2603, color='red'), ShootingResult(nth=4, score=10.1, time=7.8, pointX=0.46619, pointY=0.473243, distance=2604, color='red'), ShootingResult(nth=5, score=9.5, time=8.6, pointX=0.449696, pointY=0.552434, distance=2603, color='red'), ShootingResult(nth=6, score=10.4, time=31.0, pointX=0.465761, pointY=0.494258, distance=2602, color='red'), ShootingResult(nth=7, score=9.0, time=11.6, pointX=0.519166, pointY=0.404548, distance=2606, color='red'), ShootingResult(nth=8, score=9.6, time=7.3, pointX=0.556969, pointY=0.463721, distance=2609, color='red'), ShootingResult(nth=9, score=8.1, time=11.3, pointX=0.640989, pointY=0.531463, distance=2601, color='orange'), ShootingResult(nth=10, score=8.1, time=25.1, pointX=0.58498, pointY=0.382499, distance=2609, color='orange')]",10,"[0.5139925000000001, 0.468482]",0.08988263350563074,"[0.06797601977940458, 0.0777884987858745]",0.03718702021436642,입문
20250103-841d74fb-54f4-4a2e-85c2-c5c20c91402c,"[ShootingResult(nth=1, score=9.9, time=20.8, pointX=0.554278, pointY=0.506168, distance=2619, color='red'), ShootingResult(nth=2, score=7.7, time=32.2, pointX=0.662791, pointY=0.528175, distance=2622, color='orange'), ShootingResult(nth=3, score=6.9, time=21.6, pointX=0.688396, pointY=0.41343, distance=2619, color='green'), ShootingResult(nth=4, score=9.3, time=11.7, pointX=0.580819, pointY=0.492987, distance=2621, color='red'), ShootingResult(nth=5, score=9.9, time=10.4, pointX=0.476991, pointY=0.545657, distance=2620, color='red'), ShootingResult(nth=6, score=10.4, time=11.0, pointX=0.490834, pointY=0.469327, distance=2622, color='red'), ShootingResult(nth=7, score=8.8, time=12.9, pointX=0.511243, pointY=0.60652, distance=2621, color='orange'), ShootingResult(nth=8, score=7.9, time=10.2, pointX=0.572745, pointY=0.365295, distance=2622, color='orange'), ShootingResult(nth=9, score=9.3, time=8.9, pointX=0.449505, pointY=0.567526, distance=2619, color='red'), ShootingResult(nth=10, score=10.2, time=8.1, pointX=0.54139, pointY=0.50174, distance=2620, color='red')]",10,"[0.547834, 0.503954]",0.08488241382788908,"[0.07333694005860894, 0.06741998526735228]",0.03232160165141123,입문
20250103-ac194b53-f704-479a-bdb3-5487394114b4,"[ShootingResult(nth=1, score=9.0, time=26.1, pointX=0.592821, pointY=0.466948, distance=2589, color='red'), ShootingResult(nth=2, score=9.2, time=5.9, pointX=0.436353, pointY=0.435403, distance=2581, color='red'), ShootingResult(nth=3, score=9.1, time=5.0, pointX=0.51382, pointY=0.408083, distance=2582, color='red'), ShootingResult(nth=4, score=9.6, time=14.1, pointX=0.556702, pointY=0.466616, distance=2583, color='red'), ShootingResult(nth=5, score=10.3, time=6.6, pointX=0.527768, pointY=0.477622, distance=2584, color='red'), ShootingResult(nth=6, score=10.9, time=17.6, pointX=0.48999, pointY=0.509777, distance=2584, color='red'), ShootingResult(nth=7, score=10.2, time=29.9, pointX=0.541012, pointY=0.507668, distance=2587, color='red'), ShootingResult(nth=8, score=9.0, time=19.5, pointX=0.586131, pointY=0.452071, distance=2582, color='red'), ShootingResult(nth=9, score=9.9, time=10.9, pointX=0.540201, pointY=0.469758, distance=2586, color='red'), ShootingResult(nth=10, score=8.7, time=7.8, pointX=0.600118, pointY=0.44292, distance=2586, color='orange')]",10,"[0.5406065, 0.466782]",0.04807727889761665,"[0.04782079537439753, 0.029608883978292744]",0.01864695376093517,입문
20250103-3d10a310-b941-4781-ac5b-89672dbb7c53,"[ShootingResult(nth=1, score=9.5, time=31.8, pointX=0.428353, pointY=0.490753, distance=2647, color='red'), ShootingResult(nth=2, score=9.8, time=16.5, pointX=0.460658, pointY=0.456982, distance=2648, color='red'), ShootingResult(nth=3, score=9.9, time=12.6, pointX=0.450301, pointY=0.490797, distance=2647, color='red'), ShootingResult(nth=4, score=10.4, time=12.9, pointX=0.527973, pointY=0.479964, distance=2650, color='red'), ShootingResult(nth=5, score=9.8, time=24.0, pointX=0.461414, pointY=0.545777, distance=2652, color='red'), ShootingResult(nth=6, score=9.3, time=9.0, pointX=0.513692, pointY=0.41846, distance=2651, color='red'), ShootingResult(nth=7, score=9.8, time=8.3, pointX=0.474137, pointY=0.446016, distance=2647, color='red'), ShootingResult(nth=8, score=10.9, time=6.8, pointX=0.503684, pointY=0.488619, distance=2651, color='red'), ShootingResult(nth=9, score=9.6, time=8.8, pointX=0.451928, pointY=0.545994, distance=2650, color='red'), ShootingResult(nth=10, score=10.0, time=9.5, pointX=0.458281, pointY=0.521909, distance=2649, color='red')]",10,"[0.461036, 0.489686]",0.046614163689086545,"[0.03012721395831352, 0.03935666977387694]",0.025896883303692185,입문
20250103-911c3e53-dcfe-44f1-beb9-121b021aec7f,"[ShootingResult(nth=1, score=9.7, time=32.9, pointX=0.551391, pointY=0.467761, distance=2576, color='red'), ShootingResult(nth=2, score=9.5, time=16.2, pointX=0.572281, pointY=0.512691, distance=2573, color='red'), ShootingResult(nth=3, score=10.5, time=15.0, pointX=0.530419, pointY=0.504614, distance=2580, color='red'), ShootingResult(nth=4, score=10.1, time=8.4, pointX=0.477254, pointY=0.540042, distance=2577, color='red'), ShootingResult(nth=5, score=9.5, time=8.8, pointX=0.435021, pointY=0.531855, distance=2580, color='red'), ShootingResult(nth=6, score=10.2, time=18.1, pointX=0.507824, pointY=0.538863, distance=2576, color='red'), ShootingResult(nth=7, score=10.8, time=11.6, pointX=0.516892, pointY=0.509991, distance=2578, color='red'), ShootingResult(nth=8, score=9.4, time=11.4, pointX=0.512743, pointY=0.576996, distance=2575, color='red'), ShootingResult(nth=9, score=9.7, time=11.5, pointX=0.502399, pointY=0.563246, distance=2578, color='red'), ShootingResult(nth=10, score=9.6, time=12.8, pointX=0.567688, pointY=0.495076, distance=2576, color='red')]",10,"[0.5148174999999999, 0.522273]",0.045688019658727166,"[0.03949982939153029, 0.03096455509530211]",0.024672396284347805,입문
20250103-9780db4c-49a6-4c43-9cc2-596fb1979340,"[ShootingResult(nth=1, score=9.4, time=41.2, pointX=0.543542, pointY=0.436841, distance=2554, color='red'), ShootingResult(nth=2, score=9.2, time=17.4, pointX=0.455688, pointY=0.573959, distance=2554, color='red'), ShootingResult(nth=3, score=9.9, time=22.0, pointX=0.50674, pointY=0.448819, distance=2551, color='red'), ShootingResult(nth=4, score=10.8, time=22.4, pointX=0.497061, pointY=0.481482, distance=2553, color='red'), ShootingResult(nth=5, score=9.5, time=20.6, pointX=0.428074, pointY=0.516123, distance=2552, color='red'), ShootingResult(nth=6, score=10.4, time=18.9, pointX=0.481797, pointY=0.529274, distance=2552, color='red'), ShootingResult(nth=7, score=10.9, time=16.3, pointX=0.508032, pointY=0.508117, distance=2553, color='red'), ShootingResult(nth=8, score=9.1, time=21.2, pointX=0.503323, pointY=0.592093, distance=2555, color='red'), ShootingResult(nth=9, score=9.7, time=18.2, pointX=0.506658, pointY=0.438921, distance=2556, color='red'), ShootingResult(nth=10, score=9.7, time=18.3, pointX=0.534578, pointY=0.445845, distance=2548, color='red')]",10,"[0.5049905, 0.49479950000000006]",0.05698201800322191,"[0.03258016606787018, 0.05354191217018683]",0.02944986051455981,입문
20250103-f089279c-5f1e-4987-a980-c91ad88b6646,"[ShootingResult(nth=1, score=0.0, time=0.0, pointX=0.0, pointY=0.0, distance=0, color='gray'), ShootingResult(nth=2, score=8.5, time=5.8, pointX=0.60768, pointY=0.440125, distance=2633, color='orange'), ShootingResult(nth=3, score=8.8, time=8.2, pointX=0.56196, pointY=0.408032, distance=2632, color='orange'), ShootingResult(nth=4, score=9.4, time=9.6, pointX=0.52861, pointY=0.427528, distance=2634, color='red'), ShootingResult(nth=5, score=9.8, time=8.3, pointX=0.556608, pointY=0.515899, distance=2632, color='red'), ShootingResult(nth=6, score=10.0, time=8.8, pointX=0.533086, pointY=0.535727, distance=2631, color='red'), ShootingResult(nth=7, score=10.1, time=12.1, pointX=0.53831, pointY=0.479682, distance=2634, color='red'), ShootingResult(nth=8, score=9.0, time=10.2, pointX=0.529575, pointY=0.405156, distance=2634, color='red'), ShootingResult(nth=9, score=9.8, time=7.6, pointX=0.537046, pointY=0.45269, distance=2634, color='red'), ShootingResult(nth=10, score=9.5, time=8.3, pointX=0.466888, pointY=0.432411, distance=2632, color='red')]",10,"[0.535066, 0.436268]",0.11548850929666594,"[0.1653469718283646, 0.14266866313034549]",-0.07808499676171461,입문
20250103-66a52bcf-ecb8-4c32-862d-0aef7ff7ebd8,"[ShootingResult(nth=1, score=10.2, time=4.6, pointX=0.541284, pointY=0.502059, distance=2551, color='red'), ShootingResult(nth=2, score=10.4, time=20.4, pointX=0.472572, pointY=0.518059, distance=2557, color='red'), ShootingResult(nth=3, score=8.1, time=18.4, pointX=0.641981, pointY=0.47481, distance=2554, color='orange'), ShootingResult(nth=4, score=10.5, time=27.2, pointX=0.474227, pointY=0.488951, distance=2554, color='red'), ShootingResult(nth=5, score=9.2, time=20.6, pointX=0.422148, pointY=0.459072, distance=2556, color='red'), ShootingResult(nth=6, score=8.7, time=18.7, pointX=0.611397, pointY=0.479482, distance=2552, color='orange'), ShootingResult(nth=7, score=10.9, time=19.2, pointX=0.490254, pointY=0.510071, distance=2552, color='red'), ShootingResult(nth=8, score=10.3, time=17.0, pointX=0.4679, pointY=0.478654, distance=2552, color='red'), ShootingResult(nth=9, score=10.0, time=14.0, pointX=0.457218, pointY=0.525541, distance=2555, color='red'), ShootingResult(nth=10, score=10.0, time=15.8, pointX=0.496909, pointY=0.453198, distance=2555, color='red')]",10,"[0.4822405, 0.48421650000000005]",0.05856574174475869,"[0.06643723380304149, 0.023174668394822847]",0.011807265775302306,입문
20250103-388f786e-da43-4c36-826b-f0ccf47dfe5b,"[ShootingResult(nth=1, score=9.8, time=14.7, pointX=0.531452, pointY=0.454472, distance=2582, color='red'), ShootingResult(nth=2, score=8.8, time=16.9, pointX=0.543625, pointY=0.401601, distance=2589, color='orange'), ShootingResult(nth=3, score=10.2, time=7.4, pointX=0.48071, pointY=0.534548, distance=2589, color='red'), ShootingResult(nth=4, score=10.4, time=4.6, pointX=0.524243, pointY=0.475847, distance=2587, color='red'), ShootingResult(nth=5, score=10.2, time=11.1, pointX=0.491411, pointY=0.539756, distance=2581, color='red'), ShootingResult(nth=6, score=9.5, time=19.8, pointX=0.454246, pointY=0.558779, distance=2586, color='red'), ShootingResult(nth=7, score=10.9, time=23.3, pointX=0.512131, pointY=0.497585, distance=2588, color='red'), ShootingResult(nth=8, score=8.9, time=21.7, pointX=0.595333, pointY=0.53869, distance=2589, color='orange'), ShootingResult(nth=9, score=9.9, time=12.1, pointX=0.492388, pointY=0.45065, distance=2587, color='red'), ShootingResult(nth=10, score=10.9, time=11.8, pointX=0.50263, pointY=0.491431, distance=2589, color='red')]",10,"[0.5073805, 0.494508]",0.0507172306882373,"[0.03698251986128041, 0.0471787901210915]",0.01829977262524104,입문
20250103-8ee2f467-7edb-4913-b259-163201911a7e,"[ShootingResult(nth=1, score=10.4, time=14.1, pointX=0.465959, pointY=0.502603, distance=2582, color='red'), ShootingResult(nth=2, score=9.1, time=13.8, pointX=0.408612, pointY=0.493233, distance=2579, color='red'), ShootingResult(nth=3, score=10.5, time=13.5, pointX=0.470807, pointY=0.50261, distance=2582, color='red'), ShootingResult(nth=4, score=10.7, time=18.7, pointX=0.499581, pointY=0.520371, distance=2579, color='red'), ShootingResult(nth=5, score=10.9, time=13.4, pointX=0.505198, pointY=0.491991, distance=2581, color='red'), ShootingResult(nth=6, score=9.8, time=11.6, pointX=0.444745, pointY=0.497849, distance=2580, color='red'), ShootingResult(nth=7, score=10.9, time=13.7, pointX=0.499667, pointY=0.486655, distance=2579, color='red'), ShootingResult(nth=8, score=10.9, time=13.3, pointX=0.499631, pointY=0.497472, distance=2583, color='red'), ShootingResult(nth=9, score=8.9, time=8.8, pointX=0.596277, pointY=0.461382, distance=2582, color='orange'), ShootingResult(nth=10, score=10.9, time=13.2, pointX=0.514572, pointY=0.502784, distance=2579, color='red')]",10,"[0.499606, 0.4976605]",0.037013469250177185,"[0.046929073064466115, 0.014287682317296956]",0.0034997098338391333,입문
20250103-d0052059-f9b3-4c28-8c08-fb0c033ef18a,"[ShootingResult(nth=1, score=10.9, time=14.9, pointX=0.501307, pointY=0.502197, distance=2620, color='red'), ShootingResult(nth=2, score=10.9, time=24.4, pointX=0.495852, pointY=0.491239, distance=2619, color='red'), ShootingResult(nth=3, score=9.9, time=30.9, pointX=0.548459, pointY=0.514738, distance=2619, color='red'), ShootingResult(nth=4, score=8.9, time=24.1, pointX=0.602851, pointY=0.497529, distance=2624, color='orange'), ShootingResult(nth=5, score=10.3, time=32.4, pointX=0.467161, pointY=0.516334, distance=2619, color='red'), ShootingResult(nth=6, score=10.5, time=27.8, pointX=0.524801, pointY=0.516139, distance=2618, color='red'), ShootingResult(nth=7, score=9.8, time=27.2, pointX=0.462356, pointY=0.453191, distance=2625, color='red'), ShootingResult(nth=8, score=10.0, time=29.8, pointX=0.486481, pointY=0.545439, distance=2623, color='red'), ShootingResult(nth=9, score=9.2, time=20.1, pointX=0.58432, pointY=0.479984, distance=2620, color='red'), ShootingResult(nth=10, score=8.4, time=31.6, pointX=0.623032, pointY=0.456895, distance=2622, color='orange')]",10,"[0.5130539999999999, 0.499863]",0.054200824030130504,"[0.054485992363175334, 0.026976622940056823]",0.021939695442388385,입문
20250103-40730a38-40c3-4461-a739-d9ec8e00ee6d,"[ShootingResult(nth=1, score=9.0, time=15.7, pointX=0.592202, pointY=0.472249, distance=2631, color='red'), ShootingResult(nth=2, score=9.9, time=8.5, pointX=0.544749, pointY=0.525596, distance=2635, color='red'), ShootingResult(nth=3, score=10.9, time=11.0, pointX=0.510546, pointY=0.49357, distance=2634, color='red'), ShootingResult(nth=4, score=10.3, time=10.7, pointX=0.534296, pointY=0.513458, distance=2632, color='red'), ShootingResult(nth=5, score=8.9, time=11.6, pointX=0.604419, pointY=0.5203, distance=2636, color='orange'), ShootingResult(nth=6, score=9.9, time=10.9, pointX=0.504713, pointY=0.449702, distance=2641, color='red'), ShootingResult(nth=7, score=8.8, time=10.6, pointX=0.610333, pointY=0.494117, distance=2636, color='orange'), ShootingResult(nth=8, score=9.0, time=9.7, pointX=0.470075, pointY=0.405703, distance=2637, color='red'), ShootingResult(nth=9, score=9.3, time=9.1, pointX=0.563367, pointY=0.444212, distance=2633, color='red'), ShootingResult(nth=10, score=10.1, time=9.0, pointX=0.544138, pointY=0.503651, distance=2636, color='red')]",10,"[0.5444435000000001, 0.4938435]",0.05092323517193964,"[0.04338258716305426, 0.03673324514877497]",0.022917615322999872,입문
20250103-d060aaf1-4e45-4e65-a52e-33a178e7251a,"[ShootingResult(nth=1, score=8.3, time=16.0, pointX=0.627933, pointY=0.548564, distance=2577, color='orange'), ShootingResult(nth=2, score=9.2, time=11.5, pointX=0.45186, pointY=0.426996, distance=2576, color='red'), ShootingResult(nth=3, score=6.6, time=12.5, pointX=0.588496, pointY=0.296106, distance=2574, color='green'), ShootingResult(nth=4, score=9.8, time=26.7, pointX=0.459905, pointY=0.53778, distance=2576, color='red'), ShootingResult(nth=5, score=10.1, time=17.5, pointX=0.53746, pointY=0.520227, distance=2576, color='red'), ShootingResult(nth=6, score=8.6, time=17.5, pointX=0.473019, pointY=0.613714, distance=2580, color='orange'), ShootingResult(nth=7, score=9.8, time=10.4, pointX=0.443018, pointY=0.50516, distance=2577, color='red'), ShootingResult(nth=8, score=10.4, time=9.6, pointX=0.512784, pointY=0.532407, distance=2577, color='red'), ShootingResult(nth=9, score=9.5, time=15.6, pointX=0.507263, pointY=0.570573, distance=2580, color='red'), ShootingResult(nth=10, score=9.7, time=12.2, pointX=0.443488, pointY=0.523021, distance=2581, color='red')]",10,"[0.49014100000000005, 0.527714]",0.08346053988439629,"[0.060586208229596275, 0.08370170647101528]",0.017670964880410325,입문
20250103-5b8d528f-f9f9-4dda-bc6f-0e580eee121d,"[ShootingResult(nth=1, score=10.9, time=17.6, pointX=0.501853, pointY=0.505646, distance=2606, color='red'), ShootingResult(nth=2, score=10.9, time=14.8, pointX=0.507061, pointY=0.499975, distance=2602, color='red'), ShootingResult(nth=3, score=9.9, time=21.7, pointX=0.496662, pointY=0.447353, distance=2604, color='red'), ShootingResult(nth=4, score=9.6, time=8.3, pointX=0.549998, pointY=0.451898, distance=2606, color='red'), ShootingResult(nth=5, score=10.5, time=14.8, pointX=0.512656, pointY=0.527376, distance=2602, color='red'), ShootingResult(nth=6, score=6.9, time=11.1, pointX=0.563883, pointY=0.693998, distance=2605, color='green'), ShootingResult(nth=7, score=9.9, time=13.5, pointX=0.468426, pointY=0.457033, distance=2605, color='red'), ShootingResult(nth=8, score=10.5, time=6.3, pointX=0.475333, pointY=0.48398, distance=2602, color='red'), ShootingResult(nth=9, score=9.5, time=4.6, pointX=0.527104, pointY=0.434508, distance=2608, color='red'), ShootingResult(nth=10, score=9.8, time=7.2, pointX=0.486289, pointY=0.555543, distance=2602, color='red')]",10,"[0.5044569999999999, 0.4919775]",0.05834832229052437,"[0.029217491819969767, 0.07256076289979316]",0.004280451801378059,입문
20250103-09fc006a-81b7-406a-80ba-0920bcf101de,"[ShootingResult(nth=1, score=10.0, time=19.0, pointX=0.483661, pointY=0.455352, distance=2645, color='red'), ShootingResult(nth=2, score=10.2, time=15.1, pointX=0.477562, pointY=0.535497, distance=2652, color='red'), ShootingResult(nth=3, score=9.4, time=19.3, pointX=0.424132, pointY=0.486325, distance=2650, color='red'), ShootingResult(nth=4, score=10.0, time=17.7, pointX=0.47896, pointY=0.455777, distance=2652, color='red'), ShootingResult(nth=5, score=10.2, time=15.5, pointX=0.503801, pointY=0.541276, distance=2650, color='red'), ShootingResult(nth=6, score=10.9, time=19.6, pointX=0.503208, pointY=0.514483, distance=2650, color='red'), ShootingResult(nth=7, score=9.6, time=19.2, pointX=0.436556, pointY=0.481775, distance=2650, color='red'), ShootingResult(nth=8, score=10.9, time=23.4, pointX=0.498369, pointY=0.485243, distance=2653, color='red'), ShootingResult(nth=9, score=10.4, time=20.9, pointX=0.469969, pointY=0.513697, distance=2647, color='red'), ShootingResult(nth=10, score=10.5, time=16.2, pointX=0.478094, pointY=0.519623, distance=2652, color='red')]",10,"[0.47852700000000004, 0.500011]",0.036403382738889656,"[0.025233066428002767, 0.02901761656924979]",0.02358421373439056,입문
20250103-fbf63952-29b0-4273-893a-246eb9051ae1,"[ShootingResult(nth=1, score=4.8, time=2.5, pointX=0.543047, pointY=0.188196, distance=2594, color='green'), ShootingResult(nth=2, score=9.4, time=2.0, pointX=0.579176, pointY=0.512213, distance=2593, color='red'), ShootingResult(nth=3, score=7.1, time=2.0, pointX=0.69455, pointY=0.533717, distance=2593, color='orange'), ShootingResult(nth=4, score=9.0, time=2.4, pointX=0.455995, pointY=0.409477, distance=2592, color='red'), ShootingResult(nth=5, score=3.5, time=2.1, pointX=0.400467, pointY=0.133751, distance=2592, color='blue'), ShootingResult(nth=6, score=6.9, time=1.8, pointX=0.537347, pointY=0.702293, distance=2591, color='green'), ShootingResult(nth=7, score=4.9, time=1.5, pointX=0.418451, pointY=0.799006, distance=2592, color='green'), ShootingResult(nth=8, score=5.9, time=1.2, pointX=0.654445, pointY=0.706081, distance=2589, color='green'), ShootingResult(nth=9, score=7.8, time=1.1, pointX=0.574861, pointY=0.360594, distance=2592, color='orange'), ShootingResult(nth=10, score=8.6, time=1.2, pointX=0.585389, pointY=0.414298, distance=2589, color='orange')]",10,"[0.558954, 0.46325550000000004]",0.19875229498795663,"[0.09105994535337698, 0.20847968618126803]",0.08638103434329598,입문
20250103-d6c3e080-3ee9-4bc4-9d57-c5ce16e87cdc,"[ShootingResult(nth=1, score=9.1, time=2.5, pointX=0.538568, pointY=0.584392, distance=2596, color='red'), ShootingResult(nth=2, score=9.9, time=2.5, pointX=0.472286, pointY=0.456257, distance=2595, color='red'), ShootingResult(nth=3, score=10.5, time=3.8, pointX=0.476796, pointY=0.484481, distance=2592, color='red'), ShootingResult(nth=4, score=8.9, time=2.8, pointX=0.520889, pointY=0.3979, distance=2590, color='orange'), ShootingResult(nth=5, score=9.1, time=3.0, pointX=0.578689, pointY=0.448385, distance=2590, color='red'), ShootingResult(nth=6, score=8.6, time=2.1, pointX=0.572731, pointY=0.407579, distance=2589, color='orange'), ShootingResult(nth=7, score=7.7, time=5.0, pointX=0.521004, pointY=0.336864, distance=2589, color='orange'), ShootingResult(nth=8, score=6.2, time=2.6, pointX=0.646405, pointY=0.693651, distance=2589, color='green'), ShootingResult(nth=9, score=5.8, time=1.7, pointX=0.262982, pointY=0.613234, distance=2591, color='green'), ShootingResult(nth=10, score=9.5, time=1.8, pointX=0.559438, pointY=0.453649, distance=2590, color='red')]",10,"[0.5297860000000001, 0.45495300000000005]",0.11429194735318216,"[0.09698167102788031, 0.10414556304884044]",0.022222764503449885,입문
20250103-9c255ed1-012d-4e76-a2bd-ff09723e5601,"[ShootingResult(nth=1, score=9.1, time=0.1, pointX=0.475705, pointY=0.408832, distance=2589, color='red'), ShootingResult(nth=2, score=8.6, time=2.8, pointX=0.618303, pointY=0.485956, distance=2593, color='orange'), ShootingResult(nth=3, score=10.9, time=2.3, pointX=0.514946, pointY=0.494077, distance=2594, color='red'), ShootingResult(nth=4, score=9.8, time=2.5, pointX=0.443172, pointY=0.498894, distance=2593, color='red'), ShootingResult(nth=5, score=7.8, time=2.6, pointX=0.642002, pointY=0.421481, distance=2590, color='orange'), ShootingResult(nth=6, score=8.7, time=2.5, pointX=0.580632, pointY=0.418942, distance=2586, color='orange'), ShootingResult(nth=7, score=8.6, time=2.1, pointX=0.422148, pointY=0.591014, distance=2594, color='orange'), ShootingResult(nth=8, score=5.6, time=4.3, pointX=0.703093, pointY=0.315477, distance=2589, color='green'), ShootingResult(nth=9, score=6.5, time=2.4, pointX=0.724827, pointY=0.546585, distance=2592, color='green'), ShootingResult(nth=10, score=8.9, time=1.8, pointX=0.495592, pointY=0.3963, distance=2590, color='orange')]",10,"[0.5477890000000001, 0.4537185]",0.1147387257269098,"[0.10202301312351052, 0.07661017534479347]",0.05701276283312201,입문
20250103-03396d22-2be2-4cd4-a186-5dd2f81d68cf,"[ShootingResult(nth=1, score=8.7, time=2.8, pointX=0.481074, pointY=0.610062, distance=2591, color='orange'), ShootingResult(nth=2, score=8.9, time=2.9, pointX=0.60583, pointY=0.494361, distance=2587, color='orange'), ShootingResult(nth=3, score=8.5, time=2.0, pointX=0.525664, pointY=0.378409, distance=2591, color='orange'), ShootingResult(nth=4, score=6.7, time=2.8, pointX=0.537531, pointY=0.712245, distance=2590, color='green'), ShootingResult(nth=5, score=8.8, time=2.2, pointX=0.470944, pointY=0.394606, distance=2592, color='orange'), ShootingResult(nth=6, score=7.9, time=2.8, pointX=0.417375, pointY=0.366229, distance=2591, color='orange'), ShootingResult(nth=7, score=9.0, time=3.7, pointX=0.431372, pointY=0.572271, distance=2591, color='red'), ShootingResult(nth=8, score=9.4, time=2.0, pointX=0.580068, pointY=0.498723, distance=2591, color='red'), ShootingResult(nth=9, score=8.9, time=2.1, pointX=0.601433, pointY=0.481194, distance=2593, color='orange'), ShootingResult(nth=10, score=6.0, time=2.9, pointX=0.44492, pointY=0.254889, distance=2591, color='green')]",10,"[0.503369, 0.4877775]",0.13400673186481682,"[0.06694328363540289, 0.1268939336071272]",0.08112463245999846,입문
20250103-de61b3b2-2ce9-4898-b944-974503706f00,"[ShootingResult(nth=1, score=6.8, time=0.3, pointX=0.69627, pointY=0.57728, distance=2590, color='green'), ShootingResult(nth=2, score=7.1, time=1.5, pointX=0.578383, pointY=0.68276, distance=2596, color='orange'), ShootingResult(nth=3, score=2.9, time=1.4, pointX=0.168736, pointY=0.252922, distance=2587, color='blue'), ShootingResult(nth=4, score=9.5, time=2.5, pointX=0.438467, pointY=0.463228, distance=2591, color='red'), ShootingResult(nth=5, score=9.2, time=0.4, pointX=0.417566, pointY=0.47245, distance=2591, color='red'), ShootingResult(nth=6, score=9.7, time=0.6, pointX=0.557531, pointY=0.476717, distance=2584, color='red'), ShootingResult(nth=7, score=6.9, time=1.8, pointX=0.695134, pointY=0.430878, distance=2590, color='green'), ShootingResult(nth=8, score=7.9, time=0.9, pointX=0.367147, pointY=0.415751, distance=2590, color='orange'), ShootingResult(nth=9, score=10.4, time=0.6, pointX=0.526182, pointY=0.477818, distance=2590, color='red'), ShootingResult(nth=10, score=9.4, time=1.3, pointX=0.574887, pointY=0.525065, distance=2588, color='red')]",10,"[0.5418565, 0.4745835]",0.14950059564998786,"[0.15174737953852777, 0.10535742886711882]",0.033865035148043524,입문
20250103-4566742d-156b-4aa3-a7b1-78b73fad42f5,"[ShootingResult(nth=1, score=0.0, time=0.6, pointX=-0.000276378, pointY=0.682076, distance=2592, color='blue'), ShootingResult(nth=2, score=1.3, time=1.8, pointX=0.18919, pointY=0.88635, distance=2591, color='blue'), ShootingResult(nth=3, score=0.0, time=3.7, pointX=-0.0523279, pointY=1.02158, distance=2588, color='blue'), ShootingResult(nth=4, score=0.0, time=3.1, pointX=-0.0626106, pointY=0.915334, distance=2594, color='blue'), ShootingResult(nth=5, score=1.2, time=1.5, pointX=0.148325, pointY=0.85476, distance=2591, color='blue'), ShootingResult(nth=6, score=0.0, time=0.9, pointX=-0.0739253, pointY=0.847935, distance=2584, color='blue'), ShootingResult(nth=7, score=0.0, time=0.7, pointX=0.0103768, pointY=0.96734, distance=2581, color='blue'), ShootingResult(nth=8, score=0.0, time=1.3, pointX=0.0110977, pointY=0.933237, distance=2592, color='blue'), ShootingResult(nth=9, score=0.0, time=1.1, pointX=0.0670993, pointY=0.986229, distance=2588, color='blue'), ShootingResult(nth=10, score=2.0, time=7.0, pointX=0.12165, pointY=0.759451, distance=2591, color='blue')]",10,"[0.01073725, 0.9008419999999999]",0.12349095404371294,"[0.08751517740063662, 0.09907431329138748]",0.06787341951915797,입문
20250104-0e998139-e887-4adb-8a67-5cebea06c1bc,"[ShootingResult(nth=1, score=6.8, time=4.2, pointX=0.29295, pointY=0.554262, distance=2582, color='green'), ShootingResult(nth=2, score=9.4, time=11.8, pointX=0.427387, pointY=0.524397, distance=2589, color='red'), ShootingResult(nth=3, score=8.1, time=9.1, pointX=0.445852, pointY=0.633433, distance=2583, color='orange'), ShootingResult(nth=4, score=9.0, time=9.0, pointX=0.583654, pointY=0.450925, distance=2584, color='red'), ShootingResult(nth=5, score=9.6, time=8.6, pointX=0.43244, pointY=0.488363, distance=2581, color='red'), ShootingResult(nth=6, score=9.5, time=10.0, pointX=0.456281, pointY=0.439184, distance=2587, color='red'), ShootingResult(nth=7, score=10.0, time=7.1, pointX=0.466126, pointY=0.468421, distance=2583, color='red'), ShootingResult(nth=8, score=10.0, time=5.6, pointX=0.463031, pointY=0.5283, distance=2588, color='red'), ShootingResult(nth=9, score=9.4, time=6.0, pointX=0.422352, pointY=0.506372, distance=2589, color='red'), ShootingResult(nth=10, score=9.5, time=6.6, pointX=0.440989, pointY=0.54242, distance=2583, color='red')]",10,"[0.4434205, 0.5153845]",0.06783680893312354,"[0.06648659453423675, 0.054196671506744766]",0.015309010467255094,입문
20250104-2403e971-3992-4710-928f-8ac2f5ff247f,"[ShootingResult(nth=1, score=10.0, time=3.4, pointX=0.477167, pointY=0.544154, distance=2626, color='red'), ShootingResult(nth=2, score=6.5, time=4.8, pointX=0.60255, pointY=0.70161, distance=2631, color='green'), ShootingResult(nth=3, score=6.0, time=5.0, pointX=0.751423, pointY=0.541066, distance=2632, color='green'), ShootingResult(nth=4, score=8.7, time=2.5, pointX=0.579262, pointY=0.585104, distance=2628, color='orange'), ShootingResult(nth=5, score=9.4, time=4.0, pointX=0.519864, pointY=0.573615, distance=2627, color='red'), ShootingResult(nth=6, score=4.2, time=2.3, pointX=0.156247, pointY=0.518491, distance=2630, color='blue'), ShootingResult(nth=7, score=10.1, time=1.4, pointX=0.515077, pointY=0.539887, distance=2631, color='red'), ShootingResult(nth=8, score=7.9, time=3.9, pointX=0.654504, pointY=0.51514, distance=2627, color='orange'), ShootingResult(nth=9, score=9.9, time=2.4, pointX=0.533158, pointY=0.543434, distance=2628, color='red'), ShootingResult(nth=10, score=3.3, time=5.2, pointX=0.173291, pointY=0.283889, distance=2632, color='blue')]",10,"[0.526511, 0.54225]",0.15088025847249348,"[0.18190416827882203, 0.09782557238779642]",0.006424341773406533,입문
20250104-1abbd2bd-8527-4f5c-afae-a6f06e44cd0e,"[ShootingResult(nth=1, score=8.1, time=3.4, pointX=0.481803, pointY=0.644944, distance=2607, color='orange'), ShootingResult(nth=2, score=9.0, time=4.8, pointX=0.592986, pointY=0.531265, distance=2613, color='red'), ShootingResult(nth=3, score=9.3, time=5.1, pointX=0.432334, pointY=0.545396, distance=2608, color='red'), ShootingResult(nth=4, score=10.9, time=6.2, pointX=0.486892, pointY=0.49377, distance=2608, color='red'), ShootingResult(nth=5, score=7.6, time=5.9, pointX=0.331202, pointY=0.489603, distance=2608, color='orange'), ShootingResult(nth=6, score=9.6, time=3.2, pointX=0.455543, pointY=0.452119, distance=2604, color='red'), ShootingResult(nth=7, score=9.4, time=3.7, pointX=0.487592, pointY=0.423742, distance=2607, color='red'), ShootingResult(nth=8, score=9.5, time=3.1, pointX=0.446604, pointY=0.452472, distance=2607, color='red'), ShootingResult(nth=9, score=8.9, time=2.4, pointX=0.602199, pointY=0.47222, distance=2607, color='orange'), ShootingResult(nth=10, score=7.1, time=3.3, pointX=0.481449, pointY=0.302741, distance=2609, color='orange')]",10,"[0.481626, 0.4809115]",0.0972485096884326,"[0.07344048983932502, 0.08400454337570082]",0.04251167868015416,입문
20250104-d16dc039-63fc-40d7-b33e-14e45b7ce163,"[ShootingResult(nth=1, score=8.8, time=19.0, pointX=0.444414, pointY=0.406118, distance=2587, color='orange'), ShootingResult(nth=2, score=9.1, time=6.0, pointX=0.456243, pointY=0.583923, distance=2586, color='red'), ShootingResult(nth=3, score=9.5, time=6.7, pointX=0.426342, pointY=0.49729, distance=2581, color='red'), ShootingResult(nth=4, score=8.6, time=7.0, pointX=0.382462, pointY=0.492714, distance=2584, color='orange'), ShootingResult(nth=5, score=9.1, time=8.0, pointX=0.571766, pointY=0.440062, distance=2587, color='red'), ShootingResult(nth=6, score=8.4, time=6.5, pointX=0.369257, pointY=0.510705, distance=2588, color='orange'), ShootingResult(nth=7, score=9.6, time=4.2, pointX=0.432546, pointY=0.483904, distance=2587, color='red'), ShootingResult(nth=8, score=9.9, time=7.2, pointX=0.454733, pointY=0.524414, distance=2586, color='red'), ShootingResult(nth=9, score=8.2, time=5.2, pointX=0.562028, pointY=0.622563, distance=2586, color='orange'), ShootingResult(nth=10, score=7.9, time=5.3, pointX=0.364054, pointY=0.422095, distance=2581, color='orange')]",10,"[0.43848, 0.495002]",0.07912809817672113,"[0.0683161506237727, 0.06445479837033082]",0.02780417153002758,입문
20250104-ae44938f-8ee9-4392-b8b8-4b84f6222cc3,"[ShootingResult(nth=1, score=10.3, time=11.8, pointX=0.462112, pointY=0.504577, distance=2614, color='red'), ShootingResult(nth=2, score=9.6, time=8.6, pointX=0.504392, pointY=0.569122, distance=2615, color='red'), ShootingResult(nth=3, score=9.9, time=8.0, pointX=0.475755, pointY=0.546932, distance=2616, color='red'), ShootingResult(nth=4, score=9.2, time=9.2, pointX=0.444321, pointY=0.569111, distance=2615, color='red'), ShootingResult(nth=5, score=10.0, time=8.0, pointX=0.474241, pointY=0.460982, distance=2620, color='red'), ShootingResult(nth=6, score=10.8, time=8.6, pointX=0.480463, pointY=0.499815, distance=2616, color='red'), ShootingResult(nth=7, score=10.2, time=9.8, pointX=0.482185, pointY=0.461878, distance=2618, color='red'), ShootingResult(nth=8, score=9.6, time=9.1, pointX=0.460289, pointY=0.447517, distance=2614, color='red'), ShootingResult(nth=9, score=9.1, time=10.8, pointX=0.40499, pointY=0.504942, distance=2618, color='red'), ShootingResult(nth=10, score=10.5, time=7.5, pointX=0.473779, pointY=0.514942, distance=2616, color='red')]",10,"[0.47401000000000004, 0.5047595]",0.04297817519701051,"[0.025313944453798566, 0.04137454398008515]",0.018976424204945993,입문
20250104-a65e7aa9-3728-462a-8369-6ed349f2c74b,"[ShootingResult(nth=1, score=9.1, time=12.5, pointX=0.513396, pointY=0.59245, distance=2561, color='red'), ShootingResult(nth=2, score=9.9, time=6.2, pointX=0.538451, pointY=0.461058, distance=2562, color='red'), ShootingResult(nth=3, score=8.9, time=8.8, pointX=0.409876, pointY=0.443639, distance=2555, color='orange'), ShootingResult(nth=4, score=9.3, time=7.2, pointX=0.482452, pointY=0.421087, distance=2555, color='red'), ShootingResult(nth=5, score=9.0, time=8.8, pointX=0.450771, pointY=0.584144, distance=2557, color='red'), ShootingResult(nth=6, score=8.6, time=9.8, pointX=0.531349, pointY=0.382657, distance=2557, color='orange'), ShootingResult(nth=7, score=9.4, time=8.2, pointX=0.575919, pointY=0.523262, distance=2555, color='red'), ShootingResult(nth=8, score=9.5, time=9.0, pointX=0.464323, pointY=0.437372, distance=2555, color='red'), ShootingResult(nth=9, score=10.1, time=9.2, pointX=0.457453, pointY=0.498383, distance=2555, color='red'), ShootingResult(nth=10, score=10.8, time=10.4, pointX=0.497167, pointY=0.481447, distance=2555, color='red')]",10,"[0.4898095, 0.4712525]",0.07235332843503854,"[0.0466129255272612, 0.06487068194870468]",0.03659139515016926,입문
20250104-0a7ae66e-59fa-45db-a16a-3dcbac17df82,"[ShootingResult(nth=1, score=10.3, time=5.5, pointX=0.465969, pointY=0.518433, distance=2593, color='red'), ShootingResult(nth=2, score=10.9, time=12.3, pointX=0.514794, pointY=0.493706, distance=2597, color='red'), ShootingResult(nth=3, score=10.8, time=8.2, pointX=0.51966, pointY=0.498534, distance=2591, color='red'), ShootingResult(nth=4, score=10.4, time=6.8, pointX=0.520737, pointY=0.472714, distance=2599, color='red'), ShootingResult(nth=5, score=10.5, time=5.4, pointX=0.485156, pointY=0.473674, distance=2596, color='red'), ShootingResult(nth=6, score=9.3, time=6.1, pointX=0.431659, pointY=0.448929, distance=2598, color='red'), ShootingResult(nth=7, score=9.0, time=7.7, pointX=0.437053, pointY=0.426417, distance=2600, color='red'), ShootingResult(nth=8, score=9.9, time=5.5, pointX=0.467068, pointY=0.456427, distance=2596, color='red'), ShootingResult(nth=9, score=10.6, time=6.9, pointX=0.476122, pointY=0.493932, distance=2599, color='red'), ShootingResult(nth=10, score=9.2, time=6.1, pointX=0.42779, pointY=0.449432, distance=2596, color='red')]",10,"[0.471595, 0.473194]",0.04037652329621992,"[0.033859175408742594, 0.02676300906026824]",0.024837080606412484,입문
20250104-5afc1375-24b0-4e5a-b753-230d1805c64c,"[ShootingResult(nth=1, score=5.6, time=3.3, pointX=0.326664, pointY=0.287035, distance=2608, color='green'), ShootingResult(nth=2, score=6.7, time=4.2, pointX=0.293544, pointY=0.429057, distance=2605, color='green'), ShootingResult(nth=3, score=9.5, time=4.2, pointX=0.43458, pointY=0.472113, distance=2605, color='red'), ShootingResult(nth=4, score=9.1, time=3.3, pointX=0.527251, pointY=0.590018, distance=2606, color='red'), ShootingResult(nth=5, score=6.1, time=4.6, pointX=0.33338, pointY=0.685164, distance=2606, color='green'), ShootingResult(nth=6, score=6.6, time=4.1, pointX=0.587998, pointY=0.298106, distance=2607, color='green'), ShootingResult(nth=7, score=5.8, time=5.1, pointX=0.677125, pointY=0.305873, distance=2611, color='green'), ShootingResult(nth=8, score=6.5, time=4.7, pointX=0.622372, pointY=0.307802, distance=2605, color='green'), ShootingResult(nth=9, score=7.4, time=7.3, pointX=0.471342, pointY=0.319233, distance=2606, color='orange'), ShootingResult(nth=10, score=3.0, time=11.1, pointX=0.24791, pointY=0.178856, distance=2605, color='blue')]",10,"[0.452961, 0.3135175]",0.195658180260502,"[0.14180409110967143, 0.14757892168331493]",0.1005055691749469,입문
20250104-aafc02b2-7682-428a-9ca2-3572dc1a00d4,"[ShootingResult(nth=1, score=9.2, time=0.4, pointX=0.580669, pointY=0.466668, distance=2556, color='red'), ShootingResult(nth=2, score=7.1, time=5.6, pointX=0.698122, pointY=0.517847, distance=2557, color='orange'), ShootingResult(nth=3, score=9.9, time=9.7, pointX=0.534624, pointY=0.46043, distance=2555, color='red'), ShootingResult(nth=4, score=6.0, time=15.5, pointX=0.515636, pointY=0.247185, distance=2555, color='green'), ShootingResult(nth=5, score=9.4, time=4.3, pointX=0.503386, pointY=0.57604, distance=2559, color='red'), ShootingResult(nth=6, score=6.2, time=5.5, pointX=0.7403, pointY=0.530286, distance=2559, color='green'), ShootingResult(nth=7, score=8.3, time=5.6, pointX=0.629319, pointY=0.527353, distance=2552, color='orange'), ShootingResult(nth=8, score=4.3, time=7.2, pointX=0.390531, pointY=0.176504, distance=2558, color='blue'), ShootingResult(nth=9, score=8.9, time=7.6, pointX=0.488835, pointY=0.601666, distance=2559, color='orange'), ShootingResult(nth=10, score=0.0, time=7.7, pointX=0.77835, pointY=0.0620949, distance=2556, color='blue')]",10,"[0.5576464999999999, 0.4922575]",0.18013059969322248,"[0.11719561918501903, 0.17651104693896327]",0.04240080042192812,입문
20250104-02ba012f-b1f7-48cb-97b9-eb76512b128f,"[ShootingResult(nth=1, score=8.8, time=1.6, pointX=0.446048, pointY=0.40499, distance=2587, color='orange'), ShootingResult(nth=2, score=8.6, time=6.1, pointX=0.5919, pointY=0.427458, distance=2583, color='orange'), ShootingResult(nth=3, score=1.8, time=11.9, pointX=0.176067, pointY=0.1588, distance=2579, color='blue'), ShootingResult(nth=4, score=3.6, time=10.4, pointX=0.332867, pointY=0.163237, distance=2580, color='blue'), ShootingResult(nth=5, score=6.9, time=4.7, pointX=0.479559, pointY=0.703629, distance=2581, color='green'), ShootingResult(nth=6, score=0.0, time=8.6, pointX=0.434724, pointY=-0.0259996, distance=2581, color='blue'), ShootingResult(nth=7, score=8.8, time=4.1, pointX=0.446048, pointY=0.40499, distance=2579, color='orange'), ShootingResult(nth=8, score=2.6, time=4.5, pointX=0.299213, pointY=0.877757, distance=2581, color='blue'), ShootingResult(nth=9, score=1.0, time=1.6, pointX=0.15501, pointY=0.122039, distance=2583, color='blue'), ShootingResult(nth=10, score=1.6, time=1.5, pointX=0.514987, pointY=0.019181, distance=2583, color='blue')]",10,"[0.440386, 0.2841135]",0.28500182933870716,"[0.1360616285321104, 0.2799821101360878]",0.14294406268346074,입문
20250104-9d09957d-c7b9-4899-8bb8-75fd6aca800b,"[ShootingResult(nth=1, score=7.7, time=11.1, pointX=0.33277, pointY=0.511601, distance=463, color='gray'), ShootingResult(nth=2, score=7.4, time=1.2, pointX=0.656809, pointY=0.40848, distance=445, color='gray'), ShootingResult(nth=3, score=8.0, time=0.0, pointX=0.640624, pointY=0.44555, distance=445, color='gray'), ShootingResult(nth=4, score=7.8, time=1.3, pointX=0.652331, pointY=0.454837, distance=443, color='gray'), ShootingResult(nth=5, score=7.6, time=0.0, pointX=0.66152, pointY=0.445936, distance=448, color='gray'), ShootingResult(nth=6, score=8.4, time=0.1, pointX=0.574622, pointY=0.394794, distance=446, color='gray'), ShootingResult(nth=7, score=7.6, time=0.1, pointX=0.479655, pointY=0.332946, distance=449, color='gray'), ShootingResult(nth=8, score=7.5, time=0.8, pointX=0.54316, pointY=0.327231, distance=450, color='gray'), ShootingResult(nth=9, score=8.7, time=1.6, pointX=0.615302, pointY=0.515791, distance=446, color='gray'), ShootingResult(nth=10, score=6.7, time=4.8, pointX=0.48904, pointY=0.282603, distance=442, color='gray')]",10,"[0.594962, 0.42701500000000003]",0.10918114324625598,"[0.10058493060200419, 0.07435894528091425]",0.039359450111238634,입문
20250104-efa7fd16-75eb-4d01-96e3-2ce431710e47,"[ShootingResult(nth=1, score=0.0, time=0.8, pointX=0.32868, pointY=-0.0437752, distance=2553, color='blue'), ShootingResult(nth=2, score=2.8, time=10.6, pointX=0.853775, pointY=0.279098, distance=2556, color='blue'), ShootingResult(nth=3, score=8.5, time=7.7, pointX=0.441862, pointY=0.611693, distance=2555, color='orange'), ShootingResult(nth=4, score=8.2, time=14.4, pointX=0.446307, pointY=0.626789, distance=2553, color='orange'), ShootingResult(nth=5, score=8.9, time=9.8, pointX=0.576185, pointY=0.570556, distance=2558, color='orange'), ShootingResult(nth=6, score=2.3, time=5.6, pointX=0.365143, pointY=0.0785102, distance=2556, color='blue'), ShootingResult(nth=7, score=6.7, time=6.3, pointX=0.505384, pointY=0.284011, distance=2556, color='green'), ShootingResult(nth=8, score=6.9, time=10.6, pointX=0.429368, pointY=0.305759, distance=2554, color='green'), ShootingResult(nth=9, score=0.0, time=4.8, pointX=0.585209, pointY=-0.0375354, distance=2553, color='blue'), ShootingResult(nth=10, score=3.7, time=3.7, pointX=0.242697, pointY=0.228671, distance=2555, color='blue')]",10,"[0.4440845, 0.28155450000000004]",0.261268538587188,"[0.16067483690733902, 0.23731856892676645]",0.13852043871676623,입문
20250104-956aca03-9368-4f53-995f-6e5ca3f6dac0,"[ShootingResult(nth=1, score=3.0, time=2.0, pointX=0.586955, pointY=0.100418, distance=2577, color='blue'), ShootingResult(nth=2, score=10.7, time=7.9, pointX=0.502066, pointY=0.523179, distance=2582, color='red'), ShootingResult(nth=3, score=6.6, time=12.1, pointX=0.532019, pointY=0.279766, distance=2581, color='green'), ShootingResult(nth=4, score=7.8, time=6.6, pointX=0.463714, pointY=0.34359, distance=2577, color='orange'), ShootingResult(nth=5, score=6.4, time=8.3, pointX=0.310264, pointY=0.365307, distance=2587, color='green'), ShootingResult(nth=6, score=9.5, time=14.4, pointX=0.516929, pointY=0.568773, distance=2582, color='red'), ShootingResult(nth=7, score=6.0, time=9.7, pointX=0.685139, pointY=0.676226, distance=2578, color='green'), ShootingResult(nth=8, score=5.4, time=10.8, pointX=0.218791, pointY=0.520001, distance=2578, color='green'), ShootingResult(nth=9, score=3.8, time=14.5, pointX=0.265633, pointY=0.216746, distance=2581, color='blue'), ShootingResult(nth=10, score=3.9, time=27.2, pointX=0.24447, pointY=0.247429, distance=2586, color='blue')]",10,"[0.48289000000000004, 0.3544485]",0.21560607594698683,"[0.15308226475526157, 0.17242255337121648]",0.11516298261851478,입문
20250104-bf673e0e-9ae6-4f32-8ccf-1b6ff804ca97,"[ShootingResult(nth=1, score=5.5, time=4.0, pointX=0.718219, pointY=0.329121, distance=2554, color='green'), ShootingResult(nth=2, score=4.7, time=9.1, pointX=0.478509, pointY=0.181409, distance=2552, color='blue'), ShootingResult(nth=3, score=3.8, time=8.4, pointX=0.440531, pointY=0.14055, distance=2555, color='blue'), ShootingResult(nth=4, score=10.4, time=13.3, pointX=0.476359, pointY=0.524362, distance=2555, color='red'), ShootingResult(nth=5, score=0.0, time=8.3, pointX=0.618299, pointY=-0.0531139, distance=2556, color='blue'), ShootingResult(nth=6, score=7.0, time=7.6, pointX=0.683971, pointY=0.418559, distance=2557, color='orange'), ShootingResult(nth=7, score=0.0, time=8.2, pointX=0.475065, pointY=-0.0823191, distance=2555, color='blue'), ShootingResult(nth=8, score=4.8, time=7.3, pointX=0.236988, pointY=0.330802, distance=2551, color='blue'), ShootingResult(nth=9, score=8.8, time=2.7, pointX=0.491235, pointY=0.393751, distance=2553, color='orange'), ShootingResult(nth=10, score=8.9, time=20.6, pointX=0.396101, pointY=0.498957, distance=2554, color='orange')]",10,"[0.477434, 0.3299615]",0.23151600074204168,"[0.1344107106030245, 0.20366700414908154]",0.12982600640797276,입문
20250104-7cf2500a-a53e-43f6-9996-090545fdf0b0,"[ShootingResult(nth=1, score=10.2, time=15.9, pointX=0.496215, pointY=0.459622, distance=2580, color='red'), ShootingResult(nth=2, score=6.7, time=5.1, pointX=0.58883, pointY=0.301294, distance=2586, color='green'), ShootingResult(nth=3, score=0.0, time=2.9, pointX=0.284602, pointY=-0.0304412, distance=2584, color='blue'), ShootingResult(nth=4, score=8.9, time=3.5, pointX=0.603565, pointY=0.490142, distance=2581, color='orange'), ShootingResult(nth=5, score=5.0, time=6.1, pointX=0.235651, pointY=0.348145, distance=2580, color='green'), ShootingResult(nth=6, score=5.1, time=7.2, pointX=0.521381, pointY=0.199102, distance=2582, color='green'), ShootingResult(nth=7, score=1.0, time=9.5, pointX=0.265616, pointY=0.0479364, distance=2582, color='blue'), ShootingResult(nth=8, score=1.5, time=3.7, pointX=0.670006, pointY=0.0438162, distance=2577, color='blue'), ShootingResult(nth=9, score=8.0, time=19.9, pointX=0.464604, pointY=0.645212, distance=2580, color='orange'), ShootingResult(nth=10, score=2.5, time=9.5, pointX=0.818341, pointY=0.203427, distance=2583, color='blue')]",10,"[0.508798, 0.2523605]",0.2552481978068737,"[0.17931379783298887, 0.20796080099574632]",0.15140154081572613,입문
20250104-9de5aa49-3402-4eeb-b413-c71ed8b21987,"[ShootingResult(nth=1, score=9.6, time=1.1, pointX=0.559859, pointY=0.52815, distance=2558, color='red'), ShootingResult(nth=2, score=9.0, time=8.4, pointX=0.598412, pointY=0.479385, distance=2558, color='red'), ShootingResult(nth=3, score=7.7, time=7.9, pointX=0.561418, pointY=0.346092, distance=2555, color='orange'), ShootingResult(nth=4, score=6.1, time=5.3, pointX=0.495272, pointY=0.749458, distance=2557, color='green'), ShootingResult(nth=5, score=5.0, time=6.8, pointX=0.614236, pointY=0.215773, distance=2554, color='green'), ShootingResult(nth=6, score=1.4, time=6.6, pointX=0.514464, pointY=0.012152, distance=2556, color='blue'), ShootingResult(nth=7, score=5.8, time=8.5, pointX=0.709904, pointY=0.342415, distance=2554, color='green'), ShootingResult(nth=8, score=10.0, time=4.8, pointX=0.530612, pointY=0.464063, distance=2554, color='red'), ShootingResult(nth=9, score=0.0, time=13.3, pointX=-0.0311133, pointY=0.583499, distance=2556, color='blue'), ShootingResult(nth=10, score=1.6, time=4.1, pointX=0.659573, pointY=0.05003, distance=2555, color='blue')]",10,"[0.5606385, 0.4050775]",0.24230394588349985,"[0.19451011393554862, 0.22145985827054526]",0.06766009777860685,입문
20250104-1ca96b04-a1b5-4ac1-87c4-e9b57cb9386d,"[ShootingResult(nth=1, score=0.0, time=0.9, pointX=0.183276, pointY=-0.0868037, distance=2586, color='blue'), ShootingResult(nth=2, score=5.8, time=7.7, pointX=0.647198, pointY=0.280867, distance=2586, color='green'), ShootingResult(nth=3, score=0.0, time=4.7, pointX=-0.0298718, pointY=0.200645, distance=2581, color='blue'), ShootingResult(nth=4, score=7.2, time=2.6, pointX=0.31105, pointY=0.528265, distance=2583, color='orange'), ShootingResult(nth=5, score=7.6, time=7.4, pointX=0.373226, pointY=0.612333, distance=2582, color='orange'), ShootingResult(nth=6, score=7.0, time=6.2, pointX=0.395358, pointY=0.675062, distance=2581, color='orange'), ShootingResult(nth=7, score=2.6, time=1.8, pointX=0.849621, pointY=0.250632, distance=2580, color='blue'), ShootingResult(nth=8, score=4.7, time=1.6, pointX=0.244069, pointY=0.304915, distance=2583, color='blue'), ShootingResult(nth=9, score=0.0, time=2.5, pointX=0.0727039, pointY=0.0412731, distance=2584, color='blue'), ShootingResult(nth=10, score=1.9, time=2.9, pointX=0.380987, pointY=0.0529824, distance=2582, color='blue')]",10,"[0.342138, 0.26574949999999997]",0.32751577190578784,"[0.24550192235096838, 0.2405506904232029]",0.22130649026205892,입문
20250104-ebb706e0-76ee-472a-9497-b42a8e3b8001,"[ShootingResult(nth=1, score=0.0, time=3.3, pointX=0.859516, pointY=0.120282, distance=2583, color='blue'), ShootingResult(nth=2, score=4.2, time=4.0, pointX=0.504554, pointY=0.153705, distance=2586, color='blue'), ShootingResult(nth=3, score=6.3, time=3.6, pointX=0.278124, pointY=0.413749, distance=2582, color='green'), ShootingResult(nth=4, score=8.0, time=2.8, pointX=0.469266, pointY=0.645582, distance=2581, color='orange'), ShootingResult(nth=5, score=10.3, time=2.3, pointX=0.522786, pointY=0.530606, distance=2584, color='red'), ShootingResult(nth=6, score=9.6, time=2.6, pointX=0.567913, pointY=0.512632, distance=2580, color='red'), ShootingResult(nth=7, score=0.0, time=2.7, pointX=0.150669, pointY=0.0646821, distance=2584, color='blue'), ShootingResult(nth=8, score=0.0, time=1.8, pointX=0.66106, pointY=-0.0491014, distance=2583, color='blue'), ShootingResult(nth=9, score=1.1, time=0.9, pointX=0.296863, pointY=0.037937, distance=2576, color='blue'), ShootingResult(nth=10, score=2.5, time=2.4, pointX=0.175122, pointY=0.214066, distance=2583, color='blue')]",10,"[0.48690999999999995, 0.1838855]",0.3073162341974083,"[0.212820952509404, 0.2291511181490854]",0.20095275930804266,입문
20250104-218634a2-5d8b-4484-9996-ec45fe2051bc,"[ShootingResult(nth=1, score=3.6, time=9.6, pointX=0.32789, pointY=0.163537, distance=2577, color='blue'), ShootingResult(nth=2, score=5.4, time=5.3, pointX=0.510524, pointY=0.217498, distance=2578, color='green'), ShootingResult(nth=3, score=6.3, time=3.1, pointX=0.452314, pointY=0.265658, distance=2580, color='green'), ShootingResult(nth=4, score=7.3, time=3.3, pointX=0.656246, pointY=0.399794, distance=2583, color='orange'), ShootingResult(nth=5, score=4.6, time=10.0, pointX=0.277117, pointY=0.263453, distance=2582, color='blue'), ShootingResult(nth=6, score=5.8, time=4.0, pointX=0.256495, pointY=0.39575, distance=2583, color='green'), ShootingResult(nth=7, score=4.5, time=7.1, pointX=0.213413, pointY=0.339468, distance=2582, color='blue'), ShootingResult(nth=8, score=0.0, time=3.7, pointX=0.594055, pointY=-0.0923911, distance=2582, color='blue'), ShootingResult(nth=9, score=6.6, time=4.9, pointX=0.694207, pointY=0.394554, distance=2582, color='green'), ShootingResult(nth=10, score=7.0, time=3.5, pointX=0.301409, pointY=0.460563, distance=2586, color='orange')]",10,"[0.390102, 0.302563]",0.20618015517924476,"[0.16799143410781398, 0.15284935922740697]",0.10124143007862452,입문
20250104-64d4342a-5838-4718-a6b7-89f940138139,"[ShootingResult(nth=1, score=5.3, time=37.4, pointX=0.717306, pointY=0.309737, distance=2584, color='green'), ShootingResult(nth=2, score=6.6, time=7.0, pointX=0.537458, pointY=0.280606, distance=2584, color='green'), ShootingResult(nth=3, score=1.8, time=14.5, pointX=0.515022, pointY=0.0304917, distance=2582, color='blue'), ShootingResult(nth=4, score=4.7, time=5.6, pointX=0.772926, pointY=0.334874, distance=2583, color='blue'), ShootingResult(nth=5, score=0.0, time=12.2, pointX=1.04266, pointY=0.235591, distance=2581, color='blue'), ShootingResult(nth=6, score=0.0, time=5.4, pointX=0.406168, pointY=-0.0360947, distance=2584, color='blue'), ShootingResult(nth=7, score=6.2, time=5.1, pointX=0.316469, pointY=0.661295, distance=2582, color='green'), ShootingResult(nth=8, score=8.2, time=7.2, pointX=0.368907, pointY=0.45528, distance=2583, color='orange'), ShootingResult(nth=9, score=0.0, time=3.5, pointX=0.75663, pointY=-0.00372776, distance=2580, color='blue'), ShootingResult(nth=10, score=7.3, time=2.5, pointX=0.443277, pointY=0.323681, distance=2584, color='orange')]",10,"[0.52624, 0.29517150000000003]",0.2708529071930256,"[0.21672267580714757, 0.20547971806178533]",0.12628333808021408,입문
20250104-1568b221-f064-4299-86d0-7a7fa773049f,"[ShootingResult(nth=1, score=9.9, time=6.3, pointX=0.502608, pointY=0.447548, distance=2607, color='red'), ShootingResult(nth=2, score=9.8, time=8.8, pointX=0.507712, pointY=0.44307, distance=2606, color='red'), ShootingResult(nth=3, score=9.0, time=9.1, pointX=0.564715, pointY=0.571913, distance=2603, color='red'), ShootingResult(nth=4, score=9.4, time=10.0, pointX=0.527351, pointY=0.425125, distance=2606, color='red'), ShootingResult(nth=5, score=8.0, time=6.6, pointX=0.420862, pointY=0.371016, distance=2605, color='orange'), ShootingResult(nth=6, score=9.3, time=8.1, pointX=0.53717, pointY=0.42534, distance=2606, color='red'), ShootingResult(nth=7, score=8.4, time=8.8, pointX=0.423564, pointY=0.606921, distance=2606, color='orange'), ShootingResult(nth=8, score=10.1, time=7.7, pointX=0.538582, pointY=0.476813, distance=2603, color='red'), ShootingResult(nth=9, score=8.6, time=7.4, pointX=0.391131, pointY=0.44808, distance=2603, color='orange'), ShootingResult(nth=10, score=9.6, time=10.5, pointX=0.441842, pointY=0.462004, distance=2607, color='red')]",10,"[0.50516, 0.447814]",0.07324627501686534,"[0.05755493557124358, 0.06686608930541699]",0.016661863166482625,입문
20250104-c5d9071d-3a36-450f-9529-d525e1a3d12f,"[ShootingResult(nth=1, score=10.3, time=7.8, pointX=0.471316, pointY=0.52483, distance=2590, color='red'), ShootingResult(nth=2, score=10.0, time=5.2, pointX=0.51406, pointY=0.5456, distance=2587, color='red'), ShootingResult(nth=3, score=10.2, time=5.8, pointX=0.523199, pointY=0.535085, distance=2589, color='red'), ShootingResult(nth=4, score=9.4, time=5.3, pointX=0.55096, pointY=0.558143, distance=2590, color='red'), ShootingResult(nth=5, score=9.0, time=3.7, pointX=0.442784, pointY=0.582148, distance=2588, color='red'), ShootingResult(nth=6, score=10.8, time=4.2, pointX=0.499535, pointY=0.51883, distance=2582, color='red'), ShootingResult(nth=7, score=9.4, time=3.3, pointX=0.55096, pointY=0.558143, distance=2583, color='red'), ShootingResult(nth=8, score=9.7, time=2.3, pointX=0.558127, pointY=0.479493, distance=2584, color='red'), ShootingResult(nth=9, score=10.3, time=2.6, pointX=0.463176, pointY=0.496873, distance=2588, color='red'), ShootingResult(nth=10, score=9.3, time=2.5, pointX=0.456803, pointY=0.56829, distance=2580, color='red')]",10,"[0.5067975, 0.5403425]",0.04577704491416378,"[0.040658960158862896, 0.03063318002183252]",0.02291466425014215,입문
20250104-3b92076d-4124-4402-9b36-25143a442cd7,"[ShootingResult(nth=1, score=10.0, time=9.1, pointX=0.538117, pointY=0.527092, distance=2576, color='red'), ShootingResult(nth=2, score=9.1, time=22.9, pointX=0.572438, pointY=0.442258, distance=2578, color='red'), ShootingResult(nth=3, score=10.9, time=6.7, pointX=0.490809, pointY=0.511104, distance=2577, color='red'), ShootingResult(nth=4, score=9.8, time=8.5, pointX=0.511855, pointY=0.55429, distance=2581, color='red'), ShootingResult(nth=5, score=8.3, time=8.8, pointX=0.604332, pointY=0.587395, distance=2575, color='orange'), ShootingResult(nth=6, score=9.7, time=7.9, pointX=0.439022, pointY=0.491673, distance=2574, color='red'), ShootingResult(nth=7, score=10.5, time=7.6, pointX=0.495753, pointY=0.471255, distance=2584, color='red'), ShootingResult(nth=8, score=9.5, time=10.3, pointX=0.43758, pointY=0.541842, distance=2574, color='red'), ShootingResult(nth=9, score=8.7, time=8.4, pointX=0.511112, pointY=0.384574, distance=2578, color='orange'), ShootingResult(nth=10, score=6.6, time=5.7, pointX=0.390968, pointY=0.303841, distance=2579, color='green')]",10,"[0.5034325, 0.5013885]",0.0854028857357121,"[0.06119476473065322, 0.08112586711179115]",0.026710950433552386,입문
20250104-abeb8469-403b-4958-9e25-215bb2516c61,"[ShootingResult(nth=1, score=9.9, time=11.0, pointX=0.553555, pointY=0.488339, distance=2630, color='red'), ShootingResult(nth=2, score=9.8, time=14.3, pointX=0.559666, pointY=0.497108, distance=2628, color='red'), ShootingResult(nth=3, score=10.9, time=5.8, pointX=0.514401, pointY=0.506232, distance=2622, color='red'), ShootingResult(nth=4, score=10.7, time=8.8, pointX=0.490031, pointY=0.480606, distance=2623, color='red'), ShootingResult(nth=5, score=9.0, time=9.0, pointX=0.564787, pointY=0.422912, distance=2627, color='red'), ShootingResult(nth=6, score=10.6, time=11.2, pointX=0.495192, pointY=0.474595, distance=2627, color='red'), ShootingResult(nth=7, score=9.5, time=11.5, pointX=0.554017, pointY=0.448363, distance=2631, color='red'), ShootingResult(nth=8, score=10.4, time=10.5, pointX=0.51603, pointY=0.527669, distance=2626, color='red'), ShootingResult(nth=9, score=8.5, time=7.1, pointX=0.465201, pointY=0.379582, distance=2626, color='orange'), ShootingResult(nth=10, score=10.7, time=5.9, pointX=0.485114, pointY=0.517097, distance=2632, color='red')]",10,"[0.5152155, 0.4844725]",0.04901678861887236,"[0.03412126867277945, 0.04329153078386119]",0.02142552987642305,입문
20250104-2a329f59-a373-4b6d-996e-2195411f223f,"[ShootingResult(nth=1, score=9.2, time=1.8, pointX=0.586197, pointY=0.476092, distance=2616, color='red'), ShootingResult(nth=2, score=9.6, time=3.5, pointX=0.554475, pointY=0.539415, distance=2623, color='red'), ShootingResult(nth=3, score=7.8, time=5.2, pointX=0.649808, pointY=0.550407, distance=2621, color='orange'), ShootingResult(nth=4, score=9.4, time=3.5, pointX=0.567002, pointY=0.538585, distance=2620, color='red'), ShootingResult(nth=5, score=10.9, time=2.9, pointX=0.510547, pointY=0.491126, distance=2621, color='red'), ShootingResult(nth=6, score=9.9, time=2.4, pointX=0.454174, pointY=0.526041, distance=2623, color='red'), ShootingResult(nth=7, score=10.5, time=3.3, pointX=0.528477, pointY=0.488358, distance=2620, color='red'), ShootingResult(nth=8, score=9.1, time=3.0, pointX=0.577671, pointY=0.446738, distance=2618, color='red'), ShootingResult(nth=9, score=9.2, time=2.6, pointX=0.414275, pointY=0.508247, distance=2618, color='red'), ShootingResult(nth=10, score=9.8, time=4.3, pointX=0.555746, pointY=0.48944, distance=2622, color='red')]",10,"[0.5551105000000001, 0.49968650000000003]",0.06144183513201766,"[0.06400820702035014, 0.03125238899172348]",0.021880539112928997,입문
20250104-eed9093c-6546-4cce-b463-7cd195dd8b8e,"[ShootingResult(nth=1, score=9.6, time=2.1, pointX=0.512433, pointY=0.564372, distance=2578, color='red'), ShootingResult(nth=2, score=10.6, time=6.1, pointX=0.517247, pointY=0.479261, distance=2579, color='red'), ShootingResult(nth=3, score=9.4, time=5.8, pointX=0.497566, pointY=0.576444, distance=2582, color='red'), ShootingResult(nth=4, score=10.2, time=6.4, pointX=0.501644, pointY=0.45924, distance=2583, color='red'), ShootingResult(nth=5, score=9.9, time=5.5, pointX=0.455635, pointY=0.528206, distance=2581, color='red'), ShootingResult(nth=6, score=9.8, time=6.0, pointX=0.521358, pointY=0.445096, distance=2581, color='red'), ShootingResult(nth=7, score=10.9, time=7.5, pointX=0.487895, pointY=0.490843, distance=2575, color='red'), ShootingResult(nth=8, score=8.6, time=7.9, pointX=0.574424, pointY=0.406446, distance=2586, color='orange'), ShootingResult(nth=9, score=10.4, time=6.5, pointX=0.496198, pointY=0.465395, distance=2578, color='red'), ShootingResult(nth=10, score=9.3, time=8.3, pointX=0.584622, pointY=0.490495, distance=2578, color='red')]",10,"[0.5070385, 0.48487800000000003]",0.05426292498533921,"[0.03677652541989251, 0.05012544446446335]",0.022404546531854662,입문
20250104-d92517b6-15f1-462b-acc4-86ce025e2150,"[ShootingResult(nth=1, score=9.9, time=3.7, pointX=0.549229, pointY=0.523721, distance=2630, color='red'), ShootingResult(nth=2, score=8.2, time=7.4, pointX=0.366358, pointY=0.465433, distance=2636, color='orange'), ShootingResult(nth=3, score=6.5, time=6.2, pointX=0.554558, pointY=0.280619, distance=2635, color='green'), ShootingResult(nth=4, score=9.7, time=7.3, pointX=0.515358, pointY=0.559294, distance=2634, color='red'), ShootingResult(nth=5, score=8.7, time=6.3, pointX=0.579491, pointY=0.58518, distance=2635, color='orange'), ShootingResult(nth=6, score=8.2, time=5.7, pointX=0.639706, pointY=0.506528, distance=2631, color='orange'), ShootingResult(nth=7, score=8.1, time=6.9, pointX=0.614202, pointY=0.592691, distance=2628, color='orange'), ShootingResult(nth=8, score=9.8, time=6.1, pointX=0.554463, pointY=0.475165, distance=2633, color='red'), ShootingResult(nth=9, score=9.2, time=6.1, pointX=0.547515, pointY=0.571761, distance=2634, color='red'), ShootingResult(nth=10, score=9.3, time=6.8, pointX=0.495998, pointY=0.581857, distance=2634, color='red')]",10,"[0.5518460000000001, 0.5415075]",0.09127365416853014,"[0.0708773499529998, 0.08929431257750965]",0.017019210935996495,입문
20250104-be866e17-f22d-4222-ae25-1affd0ecb121,"[ShootingResult(nth=1, score=10.1, time=3.0, pointX=0.454912, pointY=0.504769, distance=2603, color='red'), ShootingResult(nth=2, score=9.9, time=8.0, pointX=0.473438, pointY=0.455614, distance=2603, color='red'), ShootingResult(nth=3, score=10.2, time=7.4, pointX=0.54131, pointY=0.50461, distance=2606, color='red'), ShootingResult(nth=4, score=9.7, time=8.0, pointX=0.523148, pointY=0.443903, distance=2602, color='red'), ShootingResult(nth=5, score=8.6, time=7.2, pointX=0.602985, pointY=0.554936, distance=2604, color='orange'), ShootingResult(nth=6, score=10.9, time=6.5, pointX=0.497793, pointY=0.485283, distance=2608, color='red'), ShootingResult(nth=7, score=10.9, time=6.6, pointX=0.486635, pointY=0.499544, distance=2608, color='red'), ShootingResult(nth=8, score=9.2, time=6.1, pointX=0.542621, pointY=0.420285, distance=2607, color='red'), ShootingResult(nth=9, score=10.9, time=7.2, pointX=0.486635, pointY=0.499544, distance=2606, color='red'), ShootingResult(nth=10, score=10.0, time=6.8, pointX=0.45669, pointY=0.481194, distance=2606, color='red')]",10,"[0.492214, 0.4924135]",0.046833914335729726,"[0.04382161529211354, 0.035839297805063085]",0.011137360421611772,입문
20250104-37b47010-fa60-4952-bf1b-27ea381b8e0b,"[ShootingResult(nth=1, score=10.2, time=5.0, pointX=0.489001, pointY=0.539251, distance=2589, color='red'), ShootingResult(nth=2, score=9.7, time=3.7, pointX=0.514188, pointY=0.559885, distance=2580, color='red'), ShootingResult(nth=3, score=8.3, time=2.3, pointX=0.561957, pointY=0.617046, distance=2584, color='orange'), ShootingResult(nth=4, score=8.6, time=2.9, pointX=0.53846, pointY=0.613665, distance=2589, color='orange'), ShootingResult(nth=5, score=8.3, time=4.2, pointX=0.365425, pointY=0.474471, distance=2588, color='orange'), ShootingResult(nth=6, score=8.9, time=3.3, pointX=0.589812, pointY=0.551353, distance=2586, color='orange'), ShootingResult(nth=7, score=9.5, time=3.1, pointX=0.460413, pointY=0.437554, distance=2591, color='red'), ShootingResult(nth=8, score=5.3, time=3.3, pointX=0.371271, pointY=0.757453, distance=2589, color='green'), ShootingResult(nth=9, score=9.3, time=9.2, pointX=0.579107, pointY=0.479708, distance=2583, color='red'), ShootingResult(nth=10, score=8.9, time=4.2, pointX=0.469305, pointY=0.399632, distance=2591, color='orange')]",10,"[0.5015944999999999, 0.545302]",0.10616634631748112,"[0.0753540222382986, 0.09859549472344058]",0.04141607745899173,입문
20250104-66764ade-f1cb-4f19-bf5c-9e67acb2411c,"[ShootingResult(nth=1, score=6.8, time=13.1, pointX=0.465721, pointY=0.288666, distance=2619, color='green'), ShootingResult(nth=2, score=2.4, time=12.9, pointX=0.223108, pointY=0.161562, distance=2621, color='blue'), ShootingResult(nth=3, score=3.7, time=11.6, pointX=0.545258, pointY=0.132861, distance=2621, color='blue'), ShootingResult(nth=4, score=6.9, time=8.8, pointX=0.407767, pointY=0.686414, distance=2621, color='green'), ShootingResult(nth=5, score=7.7, time=10.5, pointX=0.340431, pointY=0.451113, distance=2621, color='orange'), ShootingResult(nth=6, score=6.1, time=22.3, pointX=0.623321, pointY=0.286977, distance=2624, color='green'), ShootingResult(nth=7, score=7.1, time=28.0, pointX=0.691156, pointY=0.46223, distance=2622, color='orange'), ShootingResult(nth=8, score=8.7, time=34.2, pointX=0.567136, pointY=0.405729, distance=2624, color='orange'), ShootingResult(nth=9, score=9.8, time=27.8, pointX=0.556745, pointY=0.50353, distance=2622, color='red'), ShootingResult(nth=10, score=0.0, time=0.0, pointX=0.0, pointY=0.0, distance=0, color='gray')]",10,"[0.5054895, 0.3471975]",0.238826194804557,"[0.1974264869950585, 0.1934168659614771]",0.08566484990880402,입문
20250104-6a618c4b-9f3f-4f9d-8ae1-25f700a313a6,"[ShootingResult(nth=1, score=9.1, time=3.3, pointX=0.592875, pointY=0.519001, distance=2584, color='red'), ShootingResult(nth=2, score=8.8, time=5.7, pointX=0.610205, pointY=0.514549, distance=2586, color='orange'), ShootingResult(nth=3, score=10.3, time=6.3, pointX=0.505414, pointY=0.53587, distance=2590, color='red'), ShootingResult(nth=4, score=10.0, time=3.5, pointX=0.528487, pointY=0.539595, distance=2581, color='red'), ShootingResult(nth=5, score=7.8, time=4.7, pointX=0.616299, pointY=0.389976, distance=2587, color='orange'), ShootingResult(nth=6, score=7.9, time=3.4, pointX=0.575979, pointY=0.364728, distance=2586, color='orange'), ShootingResult(nth=7, score=10.4, time=2.1, pointX=0.471664, pointY=0.518121, distance=2584, color='red'), ShootingResult(nth=8, score=10.2, time=2.9, pointX=0.471101, pointY=0.529898, distance=2583, color='red'), ShootingResult(nth=9, score=4.5, time=2.6, pointX=0.318819, pointY=0.225981, distance=2586, color='blue'), ShootingResult(nth=10, score=6.6, time=5.0, pointX=0.537617, pointY=0.716597, distance=2590, color='green')]",10,"[0.5330520000000001, 0.518561]",0.11891922112260836,"[0.08459921479777457, 0.12447147380681246]",0.020379313653643344,입문
20250104-566975a3-66f5-405f-8628-51cdff7d5eb5,"[ShootingResult(nth=1, score=10.6, time=4.8, pointX=0.522965, pointY=0.489731, distance=2608, color='red'), ShootingResult(nth=2, score=9.2, time=7.8, pointX=0.439645, pointY=0.436142, distance=2606, color='red'), ShootingResult(nth=3, score=10.2, time=9.6, pointX=0.497891, pointY=0.457848, distance=2608, color='red'), ShootingResult(nth=4, score=9.6, time=8.9, pointX=0.518476, pointY=0.433284, distance=2610, color='red'), ShootingResult(nth=5, score=9.2, time=6.0, pointX=0.580414, pointY=0.467999, distance=2607, color='red'), ShootingResult(nth=6, score=9.7, time=9.0, pointX=0.450063, pointY=0.461129, distance=2606, color='red'), ShootingResult(nth=7, score=7.8, time=6.6, pointX=0.453008, pointY=0.652263, distance=2606, color='orange'), ShootingResult(nth=8, score=10.7, time=5.7, pointX=0.47761, pointY=0.49961, distance=2613, color='red'), ShootingResult(nth=9, score=9.8, time=6.2, pointX=0.482824, pointY=0.443944, distance=2604, color='red'), ShootingResult(nth=10, score=8.2, time=5.9, pointX=0.596634, pointY=0.401613, distance=2606, color='orange')]",10,"[0.4903575, 0.45948849999999997]",0.06539778148604805,"[0.05077460593446295, 0.06509730225139904]",0.011598556194199139,입문
20250104-1ca3a639-a8cc-4b8f-8914-d6f4b29163c5,"[ShootingResult(nth=1, score=10.8, time=6.8, pointX=0.481265, pointY=0.506852, distance=2628, color='red'), ShootingResult(nth=2, score=9.9, time=8.4, pointX=0.535099, pointY=0.458157, distance=2627, color='red'), ShootingResult(nth=3, score=9.9, time=6.4, pointX=0.554512, pointY=0.506417, distance=2628, color='red'), ShootingResult(nth=4, score=10.1, time=7.7, pointX=0.541238, pointY=0.487021, distance=2625, color='red'), ShootingResult(nth=5, score=9.9, time=5.7, pointX=0.520886, pointY=0.452309, distance=2627, color='red'), ShootingResult(nth=6, score=8.2, time=9.4, pointX=0.628541, pointY=0.447433, distance=2623, color='orange'), ShootingResult(nth=7, score=9.3, time=7.1, pointX=0.55985, pointY=0.561155, distance=2628, color='red'), ShootingResult(nth=8, score=8.5, time=9.2, pointX=0.621391, pointY=0.488678, distance=2624, color='orange'), ShootingResult(nth=9, score=9.6, time=10.0, pointX=0.521219, pointY=0.436477, distance=2628, color='red'), ShootingResult(nth=10, score=10.1, time=7.3, pointX=0.506161, pointY=0.455716, distance=2621, color='red')]",10,"[0.5381685, 0.472589]",0.05059740781280445,"[0.044626063157755705, 0.035941760007684634]",0.02132759743462205,입문
20250104-6cac2c01-a8d1-4493-89b3-ba839e31ea6f,"[ShootingResult(nth=1, score=8.0, time=9.7, pointX=0.495659, pointY=0.348255, distance=2580, color='orange'), ShootingResult(nth=2, score=9.6, time=4.7, pointX=0.440425, pointY=0.467328, distance=2581, color='red'), ShootingResult(nth=3, score=6.6, time=5.0, pointX=0.381551, pointY=0.30945, distance=2578, color='green'), ShootingResult(nth=4, score=8.5, time=7.3, pointX=0.426823, pointY=0.396321, distance=2576, color='orange'), ShootingResult(nth=5, score=8.1, time=4.4, pointX=0.474929, pointY=0.359351, distance=2581, color='orange'), ShootingResult(nth=6, score=8.9, time=6.5, pointX=0.422796, pointY=0.566198, distance=2579, color='orange'), ShootingResult(nth=7, score=10.9, time=4.8, pointX=0.493251, pointY=0.512963, distance=2586, color='red'), ShootingResult(nth=8, score=8.2, time=5.5, pointX=0.39963, pointY=0.403944, distance=2582, color='orange'), ShootingResult(nth=9, score=9.1, time=4.1, pointX=0.584358, pointY=0.457679, distance=2580, color='red'), ShootingResult(nth=10, score=9.0, time=4.5, pointX=0.512068, pointY=0.403832, distance=2579, color='red')]",10,"[0.457677, 0.403888]",0.08647477924302478,"[0.057744011959682894, 0.07465812013498599]",0.04395579968130281,입문
20250104-47a461bb-8f3a-42df-8929-dce9081c1761,"[ShootingResult(nth=1, score=8.5, time=1.6, pointX=0.561893, pointY=0.391388, distance=2629, color='orange'), ShootingResult(nth=2, score=10.1, time=7.5, pointX=0.495911, pointY=0.457669, distance=2628, color='red'), ShootingResult(nth=3, score=10.4, time=5.9, pointX=0.506617, pointY=0.534252, distance=2629, color='red'), ShootingResult(nth=4, score=9.6, time=5.1, pointX=0.562988, pointY=0.47981, distance=2631, color='red'), ShootingResult(nth=5, score=9.4, time=7.1, pointX=0.491038, pointY=0.423899, distance=2629, color='red'), ShootingResult(nth=6, score=8.6, time=7.2, pointX=0.465542, pointY=0.383752, distance=2625, color='orange'), ShootingResult(nth=7, score=10.9, time=6.5, pointX=0.506608, pointY=0.512751, distance=2623, color='red'), ShootingResult(nth=8, score=9.0, time=8.6, pointX=0.402934, pointY=0.519427, distance=2624, color='red'), ShootingResult(nth=9, score=10.9, time=6.3, pointX=0.490322, pointY=0.491114, distance=2631, color='red'), ShootingResult(nth=10, score=9.4, time=4.8, pointX=0.536036, pointY=0.432735, distance=2628, color='red')]",10,"[0.5012595, 0.4687395]",0.06071205568687971,"[0.044659356442855284, 0.05068507181024802]",0.030467483992553862,입문
20250104-851a2358-ff29-49a5-9462-fe1133851daa,"[ShootingResult(nth=1, score=9.4, time=2.5, pointX=0.570162, pointY=0.531329, distance=2580, color='red'), ShootingResult(nth=2, score=9.1, time=5.8, pointX=0.500715, pointY=0.404399, distance=2584, color='red'), ShootingResult(nth=3, score=6.9, time=7.0, pointX=0.635366, pointY=0.343463, distance=2582, color='green'), ShootingResult(nth=4, score=9.3, time=7.7, pointX=0.492037, pointY=0.581037, distance=2583, color='red'), ShootingResult(nth=5, score=10.2, time=6.0, pointX=0.459574, pointY=0.504929, distance=2584, color='red'), ShootingResult(nth=6, score=10.7, time=6.0, pointX=0.480645, pointY=0.489707, distance=2582, color='red'), ShootingResult(nth=7, score=9.9, time=5.4, pointX=0.501037, pointY=0.449042, distance=2582, color='red'), ShootingResult(nth=8, score=8.2, time=5.0, pointX=0.473122, pointY=0.637784, distance=2578, color='orange'), ShootingResult(nth=9, score=9.8, time=6.6, pointX=0.472916, pointY=0.548328, distance=2578, color='red'), ShootingResult(nth=10, score=8.6, time=5.2, pointX=0.430611, pointY=0.595998, distance=2586, color='orange')]",10,"[0.486341, 0.5181290000000001]",0.08709085159393573,"[0.05618286349279466, 0.0858572133558969]",0.02993026936156986,입문
20250104-7c2d64a8-f0db-4b55-9bc5-c9609924a484,"[ShootingResult(nth=1, score=9.1, time=3.4, pointX=0.552507, pointY=0.578336, distance=2592, color='red'), ShootingResult(nth=2, score=7.9, time=4.5, pointX=0.54318, pointY=0.646606, distance=2590, color='orange'), ShootingResult(nth=3, score=10.2, time=10.7, pointX=0.539137, pointY=0.496947, distance=2589, color='red'), ShootingResult(nth=4, score=10.4, time=18.4, pointX=0.522063, pointY=0.524024, distance=2587, color='red'), ShootingResult(nth=5, score=9.1, time=7.8, pointX=0.429553, pointY=0.55782, distance=2590, color='red'), ShootingResult(nth=6, score=8.8, time=2.9, pointX=0.58654, pointY=0.430005, distance=2586, color='orange'), ShootingResult(nth=7, score=7.8, time=4.0, pointX=0.409973, pointY=0.633802, distance=2583, color='orange'), ShootingResult(nth=8, score=9.8, time=3.1, pointX=0.490135, pointY=0.555762, distance=2586, color='red'), ShootingResult(nth=9, score=6.8, time=4.6, pointX=0.32341, pointY=0.386504, distance=2590, color='green'), ShootingResult(nth=10, score=8.6, time=2.7, pointX=0.50039, pointY=0.378145, distance=2586, color='orange')]",10,"[0.5112265, 0.539893]",0.10241726613441941,"[0.07577273935631468, 0.09037066724933483]",0.03662925026601446,입문
20250104-58e091e2-d3e8-4584-b405-3b8217729253,"[ShootingResult(nth=1, score=9.3, time=3.4, pointX=0.567111, pointY=0.545913, distance=2609, color='red'), ShootingResult(nth=2, score=9.6, time=6.2, pointX=0.487707, pointY=0.433595, distance=2606, color='red'), ShootingResult(nth=3, score=6.3, time=7.6, pointX=0.444338, pointY=0.267444, distance=2604, color='green'), ShootingResult(nth=4, score=9.0, time=8.2, pointX=0.442858, pointY=0.419093, distance=2606, color='red'), ShootingResult(nth=5, score=9.9, time=10.7, pointX=0.512991, pointY=0.448542, distance=2602, color='red'), ShootingResult(nth=6, score=9.7, time=7.7, pointX=0.439744, pointY=0.512596, distance=2608, color='red'), ShootingResult(nth=7, score=9.5, time=6.8, pointX=0.518122, pointY=0.428307, distance=2604, color='red'), ShootingResult(nth=8, score=9.5, time=7.2, pointX=0.472676, pointY=0.568494, distance=2604, color='red'), ShootingResult(nth=9, score=8.4, time=6.6, pointX=0.559194, pointY=0.38214, distance=2603, color='orange'), ShootingResult(nth=10, score=5.6, time=7.0, pointX=0.761744, pointY=0.4139, distance=2609, color='green')]",10,"[0.5003489999999999, 0.430951]",0.09974079581171666,"[0.09145669778889898, 0.08212839715128989]",0.024273067727816802,입문
20250104-0300dfa8-6ce1-428f-9b42-5bb85bd68c1b,"[ShootingResult(nth=1, score=2.7, time=1.4, pointX=0.730914, pointY=0.147441, distance=2627, color='blue'), ShootingResult(nth=2, score=5.5, time=6.4, pointX=0.475882, pointY=0.221643, distance=2623, color='green'), ShootingResult(nth=3, score=9.3, time=4.8, pointX=0.5823, pointY=0.489584, distance=2622, color='red'), ShootingResult(nth=4, score=0.0, time=0.0, pointX=0.0, pointY=0.0, distance=0, color='gray'), ShootingResult(nth=5, score=8.4, time=29.0, pointX=0.626629, pointY=0.480368, distance=2626, color='orange'), ShootingResult(nth=6, score=8.6, time=11.8, pointX=0.600048, pointY=0.566492, distance=2620, color='orange'), ShootingResult(nth=7, score=9.4, time=10.5, pointX=0.578357, pointY=0.507141, distance=2622, color='red'), ShootingResult(nth=8, score=9.4, time=29.5, pointX=0.427609, pointY=0.526547, distance=2621, color='red'), ShootingResult(nth=9, score=9.4, time=8.0, pointX=0.532516, pointY=0.430862, distance=2621, color='red'), ShootingResult(nth=10, score=8.4, time=42.6, pointX=0.457807, pointY=0.378182, distance=2618, color='orange')]",10,"[0.5554365, 0.455615]",0.1919278804829164,"[0.18732966020243563, 0.17899320796387777]",-0.007477351999045756,입문
20250104-f01a2d86-bce9-42ac-9795-f715c8664d0a,"[ShootingResult(nth=1, score=8.9, time=0.0, pointX=0.5776, pointY=0.432665, distance=2581, color='orange'), ShootingResult(nth=2, score=8.9, time=4.3, pointX=0.48562, pointY=0.399133, distance=2586, color='orange'), ShootingResult(nth=3, score=9.3, time=4.9, pointX=0.461667, pointY=0.425258, distance=2584, color='red'), ShootingResult(nth=4, score=9.8, time=6.9, pointX=0.442649, pointY=0.504927, distance=2579, color='red'), ShootingResult(nth=5, score=10.2, time=6.1, pointX=0.53563, pointY=0.518581, distance=2584, color='red'), ShootingResult(nth=6, score=9.7, time=5.6, pointX=0.439235, pointY=0.513868, distance=2581, color='red'), ShootingResult(nth=7, score=10.5, time=5.2, pointX=0.476721, pointY=0.515491, distance=2579, color='red'), ShootingResult(nth=8, score=9.5, time=5.5, pointX=0.453398, pointY=0.442296, distance=2584, color='red'), ShootingResult(nth=9, score=9.4, time=8.2, pointX=0.473305, pointY=0.574, distance=2582, color='red'), ShootingResult(nth=10, score=9.9, time=5.9, pointX=0.53972, pointY=0.466383, distance=2581, color='red')]",10,"[0.475013, 0.485655]",0.06509117135761006,"[0.044320365050955976, 0.05170184052584587]",0.040095568292385905,입문
20250104-e0fe1a19-ac22-4443-8009-32b5e3674646,"[ShootingResult(nth=1, score=9.7, time=2.0, pointX=0.549288, pointY=0.458165, distance=2632, color='red'), ShootingResult(nth=2, score=10.9, time=5.1, pointX=0.495299, pointY=0.485622, distance=2622, color='red'), ShootingResult(nth=3, score=10.9, time=4.3, pointX=0.490053, pointY=0.491248, distance=2625, color='red'), ShootingResult(nth=4, score=9.3, time=6.3, pointX=0.447516, pointY=0.433858, distance=2627, color='red'), ShootingResult(nth=5, score=9.1, time=5.6, pointX=0.572952, pointY=0.444144, distance=2626, color='red'), ShootingResult(nth=6, score=8.6, time=5.9, pointX=0.591924, pointY=0.420406, distance=2624, color='orange'), ShootingResult(nth=7, score=8.4, time=5.7, pointX=0.62951, pointY=0.479669, distance=2624, color='orange'), ShootingResult(nth=8, score=8.8, time=5.3, pointX=0.5563, pointY=0.406196, distance=2624, color='orange'), ShootingResult(nth=9, score=9.4, time=8.4, pointX=0.505988, pointY=0.424638, distance=2628, color='red'), ShootingResult(nth=10, score=10.2, time=6.8, pointX=0.475224, pointY=0.53224, distance=2629, color='red')]",10,"[0.527638, 0.4511545]",0.06139460089798354,"[0.05459503678760552, 0.03719262199738008]",0.035887934219890935,입문
20250104-1e8aad3c-c6f7-4607-a5b7-7fd4f6c74476,"[ShootingResult(nth=1, score=10.1, time=5.8, pointX=0.478779, pointY=0.460787, distance=2611, color='red'), ShootingResult(nth=2, score=9.9, time=7.5, pointX=0.455795, pointY=0.470896, distance=2611, color='red'), ShootingResult(nth=3, score=9.3, time=8.7, pointX=0.41767, pointY=0.512254, distance=2603, color='red'), ShootingResult(nth=4, score=9.4, time=8.9, pointX=0.487796, pointY=0.423178, distance=2607, color='red'), ShootingResult(nth=5, score=9.0, time=7.7, pointX=0.442404, pointY=0.418097, distance=2608, color='red'), ShootingResult(nth=6, score=10.0, time=6.5, pointX=0.457576, pointY=0.521487, distance=2610, color='red'), ShootingResult(nth=7, score=10.6, time=5.1, pointX=0.519062, pointY=0.482935, distance=2610, color='red'), ShootingResult(nth=8, score=9.5, time=7.1, pointX=0.508073, pointY=0.427676, distance=2607, color='red'), ShootingResult(nth=9, score=10.4, time=6.7, pointX=0.529312, pointY=0.488541, distance=2611, color='red'), ShootingResult(nth=10, score=8.3, time=6.2, pointX=0.424272, pointY=0.61087, distance=2611, color='orange')]",10,"[0.4681775, 0.4769155]",0.05797597057013568,"[0.036976290055791165, 0.05494779027486001]",0.025370760935005864,입문
20250104-e3e6d413-7b0e-4937-8b3f-2f56cda94e5a,"[ShootingResult(nth=1, score=9.6, time=15.5, pointX=0.485143, pointY=0.56463, distance=2586, color='red'), ShootingResult(nth=2, score=9.9, time=6.6, pointX=0.465792, pointY=0.457637, distance=2588, color='red'), ShootingResult(nth=3, score=8.8, time=5.1, pointX=0.391805, pointY=0.510246, distance=2589, color='orange'), ShootingResult(nth=4, score=9.4, time=6.0, pointX=0.431909, pointY=0.465068, distance=2584, color='red'), ShootingResult(nth=5, score=10.6, time=6.0, pointX=0.516584, pointY=0.518697, distance=2592, color='red'), ShootingResult(nth=6, score=8.1, time=6.4, pointX=0.393296, pointY=0.404311, distance=2586, color='orange'), ShootingResult(nth=7, score=9.7, time=4.5, pointX=0.469965, pointY=0.446601, distance=2588, color='red'), ShootingResult(nth=8, score=9.8, time=4.7, pointX=0.494696, pointY=0.55678, distance=2589, color='red'), ShootingResult(nth=9, score=9.1, time=4.2, pointX=0.404795, pointY=0.501282, distance=2584, color='red'), ShootingResult(nth=10, score=10.7, time=4.6, pointX=0.484584, pointY=0.486368, distance=2590, color='red')]",10,"[0.4678785, 0.493825]",0.06017225995809842,"[0.042818517766148805, 0.047206612299549734]",0.03477766061916365,입문
20250104-1b839f1a-2b1d-4f5b-85e9-bee335ab8be9,"[ShootingResult(nth=1, score=8.9, time=1.1, pointX=0.432095, pointY=0.58054, distance=2583, color='orange'), ShootingResult(nth=2, score=10.1, time=5.7, pointX=0.463758, pointY=0.528092, distance=2582, color='red'), ShootingResult(nth=3, score=9.3, time=5.4, pointX=0.511346, pointY=0.418716, distance=2579, color='red'), ShootingResult(nth=4, score=9.5, time=5.5, pointX=0.464073, pointY=0.562686, distance=2583, color='red'), ShootingResult(nth=5, score=9.1, time=7.0, pointX=0.554874, pointY=0.576025, distance=2582, color='red'), ShootingResult(nth=6, score=9.9, time=6.2, pointX=0.506555, pointY=0.449056, distance=2583, color='red'), ShootingResult(nth=7, score=10.4, time=5.6, pointX=0.468471, pointY=0.500499, distance=2581, color='red'), ShootingResult(nth=8, score=8.7, time=4.9, pointX=0.435231, pointY=0.404632, distance=2582, color='orange'), ShootingResult(nth=9, score=9.9, time=5.7, pointX=0.547072, pointY=0.477006, distance=2580, color='red'), ShootingResult(nth=10, score=9.1, time=7.2, pointX=0.550273, pointY=0.581034, distance=2582, color='red')]",10,"[0.487513, 0.5142955]",0.0732328350351354,"[0.044599879707909525, 0.0646260279720176]",0.043588170608519855,입문
20250104-c77a271d-6398-49ce-9440-d8cb95063e07,"[ShootingResult(nth=1, score=7.5, time=3.2, pointX=0.526928, pointY=0.325194, distance=2625, color='orange'), ShootingResult(nth=2, score=9.5, time=2.6, pointX=0.539997, pointY=0.437939, distance=2624, color='red'), ShootingResult(nth=3, score=9.7, time=1.6, pointX=0.480668, pointY=0.441852, distance=2625, color='red'), ShootingResult(nth=4, score=9.8, time=1.4, pointX=0.530228, pointY=0.452512, distance=2628, color='red'), ShootingResult(nth=5, score=10.8, time=1.0, pointX=0.500527, pointY=0.518874, distance=2629, color='red'), ShootingResult(nth=6, score=7.8, time=6.2, pointX=0.526909, pointY=0.340692, distance=2627, color='orange'), ShootingResult(nth=7, score=8.2, time=1.7, pointX=0.390467, pointY=0.58377, distance=2629, color='orange'), ShootingResult(nth=8, score=5.7, time=1.7, pointX=0.516911, pointY=0.234007, distance=2630, color='green'), ShootingResult(nth=9, score=0.0, time=0.8, pointX=0.281874, pointY=1.03571, distance=2624, color='blue'), ShootingResult(nth=10, score=0.0, time=6.1, pointX=0.952782, pointY=0.200148, distance=2629, color='blue')]",10,"[0.52191, 0.4398955]",0.19068122721354772,"[0.1622021500945348, 0.22405721733021677]",-0.010452428912634648,입문
20250104-175ecef0-7307-45a3-9359-fe5cda270b79,"[ShootingResult(nth=1, score=10.2, time=3.5, pointX=0.486415, pointY=0.461037, distance=2603, color='red'), ShootingResult(nth=2, score=9.9, time=8.5, pointX=0.53594, pointY=0.538016, distance=2603, color='red'), ShootingResult(nth=3, score=8.2, time=6.9, pointX=0.461306, pointY=0.363673, distance=2610, color='orange'), ShootingResult(nth=4, score=9.1, time=6.2, pointX=0.564773, pointY=0.567049, distance=2602, color='red'), ShootingResult(nth=5, score=8.1, time=5.9, pointX=0.497665, pointY=0.356822, distance=2607, color='orange'), ShootingResult(nth=6, score=10.7, time=9.2, pointX=0.514169, pointY=0.482217, distance=2604, color='red'), ShootingResult(nth=7, score=10.0, time=11.0, pointX=0.452966, pointY=0.499216, distance=2608, color='red'), ShootingResult(nth=8, score=8.9, time=5.7, pointX=0.481463, pointY=0.397115, distance=2606, color='orange'), ShootingResult(nth=9, score=9.0, time=7.8, pointX=0.508439, pointY=0.401018, distance=2609, color='red'), ShootingResult(nth=10, score=6.9, time=5.8, pointX=0.379024, pointY=0.333465, distance=2610, color='green')]",10,"[0.49204000000000003, 0.4310275]",0.08022587289517867,"[0.048217026077932254, 0.07676767048673551]",0.0369081084554406,입문
20250104-a0688595-a405-4b78-823f-df632b7b8f84,"[ShootingResult(nth=1, score=9.4, time=14.1, pointX=0.489581, pointY=0.575862, distance=2583, color='red'), ShootingResult(nth=2, score=7.9, time=1.9, pointX=0.489468, pointY=0.654235, distance=2593, color='orange'), ShootingResult(nth=3, score=7.4, time=1.3, pointX=0.489419, pointY=0.678789, distance=2587, color='orange'), ShootingResult(nth=4, score=6.2, time=1.5, pointX=0.317822, pointY=0.660457, distance=2589, color='green'), ShootingResult(nth=5, score=7.3, time=3.0, pointX=0.504173, pointY=0.683746, distance=2586, color='orange'), ShootingResult(nth=6, score=9.0, time=3.1, pointX=0.542928, pointY=0.588626, distance=2594, color='red'), ShootingResult(nth=7, score=8.2, time=1.7, pointX=0.574864, pointY=0.381861, distance=2586, color='orange'), ShootingResult(nth=8, score=8.9, time=2.5, pointX=0.449719, pointY=0.411358, distance=2587, color='orange'), ShootingResult(nth=9, score=8.8, time=2.1, pointX=0.401263, pointY=0.545959, distance=2594, color='orange'), ShootingResult(nth=10, score=5.6, time=1.9, pointX=0.466567, pointY=0.770905, distance=2587, color='green')]",10,"[0.48944350000000003, 0.6214305]",0.11739315154035682,"[0.06845560635652861, 0.11644596469676395]",0.04364937824848612,입문
20250104-f05d32e3-effd-4987-b4c8-cbed58e3b514,"[ShootingResult(nth=1, score=9.5, time=2.2, pointX=0.558844, pointY=0.53935, distance=2623, color='red'), ShootingResult(nth=2, score=9.9, time=2.4, pointX=0.513758, pointY=0.44959, distance=2622, color='red'), ShootingResult(nth=3, score=10.7, time=2.1, pointX=0.478799, pointY=0.498998, distance=2624, color='red'), ShootingResult(nth=4, score=10.2, time=2.5, pointX=0.514762, pointY=0.462075, distance=2627, color='red'), ShootingResult(nth=5, score=10.1, time=2.0, pointX=0.532532, pointY=0.531474, distance=2622, color='red'), ShootingResult(nth=6, score=9.9, time=2.3, pointX=0.551976, pointY=0.494188, distance=2621, color='red'), ShootingResult(nth=7, score=10.9, time=3.0, pointX=0.514079, pointY=0.493861, distance=2620, color='red'), ShootingResult(nth=8, score=10.3, time=2.5, pointX=0.534871, pointY=0.503613, distance=2623, color='red'), ShootingResult(nth=9, score=10.0, time=3.4, pointX=0.540678, pointY=0.525949, distance=2626, color='red'), ShootingResult(nth=10, score=10.2, time=3.9, pointX=0.523326, pointY=0.464843, distance=2622, color='red')]",10,"[0.527929, 0.496593]",0.033541511846824926,"[0.02177688298287889, 0.02895405574509381]",0.019756358854228013,입문
20250104-713c4681-69b9-4e49-b276-25a2c3bba0f1,"[ShootingResult(nth=1, score=10.2, time=0.8, pointX=0.541151, pointY=0.503856, distance=2580, color='red'), ShootingResult(nth=2, score=10.9, time=7.2, pointX=0.50268, pointY=0.511408, distance=2582, color='red'), ShootingResult(nth=3, score=9.8, time=5.7, pointX=0.473418, pointY=0.548663, distance=2582, color='red'), ShootingResult(nth=4, score=7.4, time=4.3, pointX=0.505988, pointY=0.316586, distance=2581, color='orange'), ShootingResult(nth=5, score=9.7, time=5.8, pointX=0.496661, pointY=0.43904, distance=2584, color='red'), ShootingResult(nth=6, score=10.7, time=6.4, pointX=0.502346, pointY=0.476884, distance=2578, color='red'), ShootingResult(nth=7, score=10.9, time=5.7, pointX=0.48757, pointY=0.499945, distance=2582, color='red'), ShootingResult(nth=8, score=9.4, time=10.3, pointX=0.454722, pointY=0.562556, distance=2580, color='red'), ShootingResult(nth=9, score=8.9, time=15.5, pointX=0.463936, pointY=0.597826, distance=2583, color='orange'), ShootingResult(nth=10, score=9.1, time=7.5, pointX=0.563961, pointY=0.569989, distance=2586, color='red')]",10,"[0.4995035, 0.507632]",0.06577582703088629,"[0.031702044978360634, 0.07662528008307702]",0.015035011497896204,입문
20250104-91749b74-b5f7-45d6-a9e2-6a9c73561b8c,"[ShootingResult(nth=1, score=9.2, time=4.3, pointX=0.430961, pointY=0.556547, distance=2604, color='red'), ShootingResult(nth=2, score=8.5, time=7.4, pointX=0.390821, pointY=0.44322, distance=2604, color='orange'), ShootingResult(nth=3, score=10.0, time=7.5, pointX=0.492264, pointY=0.546878, distance=2611, color='red'), ShootingResult(nth=4, score=9.7, time=5.9, pointX=0.497909, pointY=0.43703, distance=2608, color='red'), ShootingResult(nth=5, score=9.9, time=5.7, pointX=0.508158, pointY=0.448287, distance=2608, color='red'), ShootingResult(nth=6, score=8.8, time=6.1, pointX=0.487129, pointY=0.391105, distance=2608, color='orange'), ShootingResult(nth=7, score=9.4, time=5.0, pointX=0.436256, pointY=0.451801, distance=2609, color='red'), ShootingResult(nth=8, score=9.4, time=5.6, pointX=0.421606, pointY=0.494825, distance=2606, color='red'), ShootingResult(nth=9, score=9.3, time=6.1, pointX=0.432588, pointY=0.545922, distance=2611, color='red'), ShootingResult(nth=10, score=9.4, time=6.4, pointX=0.574294, pointY=0.472922, distance=2610, color='red')]",10,"[0.46169249999999995, 0.4623615]",0.07114705402373352,"[0.05147469832490522, 0.05276074975215952]",0.04519040200842257,입문
20250104-b70f3d85-e23e-4b17-9555-d1b53d611754,"[ShootingResult(nth=1, score=9.2, time=6.1, pointX=0.581513, pointY=0.470269, distance=2632, color='red'), ShootingResult(nth=2, score=9.8, time=5.9, pointX=0.550392, pointY=0.528932, distance=2634, color='red'), ShootingResult(nth=3, score=8.9, time=6.6, pointX=0.588934, pointY=0.450695, distance=2638, color='orange'), ShootingResult(nth=4, score=9.9, time=5.7, pointX=0.451195, pointY=0.519346, distance=2634, color='red'), ShootingResult(nth=5, score=9.7, time=4.7, pointX=0.446485, pointY=0.469877, distance=2630, color='red'), ShootingResult(nth=6, score=7.5, time=3.6, pointX=0.449265, pointY=0.33101, distance=2624, color='orange'), ShootingResult(nth=7, score=9.7, time=2.7, pointX=0.530022, pointY=0.443083, distance=2630, color='red'), ShootingResult(nth=8, score=10.4, time=3.1, pointX=0.533919, pointY=0.501727, distance=2623, color='red'), ShootingResult(nth=9, score=8.9, time=1.8, pointX=0.465363, pointY=0.400408, distance=2626, color='orange'), ShootingResult(nth=10, score=10.9, time=1.6, pointX=0.495182, pointY=0.490967, distance=2627, color='red')]",10,"[0.512602, 0.47007299999999996]",0.06969271312654103,"[0.05228401410756444, 0.05633389855708549]",0.03577241786748334,입문
20250104-1added96-58a7-43ab-ad9d-5fd598d1cfca,"[ShootingResult(nth=1, score=9.2, time=15.4, pointX=0.565031, pointY=0.562024, distance=2588, color='red'), ShootingResult(nth=2, score=9.9, time=2.3, pointX=0.454202, pointY=0.523741, distance=2588, color='red'), ShootingResult(nth=3, score=8.5, time=1.8, pointX=0.423606, pointY=0.595873, distance=2587, color='orange'), ShootingResult(nth=4, score=5.7, time=4.3, pointX=0.295775, pointY=0.673235, distance=2590, color='green'), ShootingResult(nth=5, score=10.5, time=4.2, pointX=0.477392, pointY=0.478956, distance=2594, color='red'), ShootingResult(nth=6, score=9.5, time=3.1, pointX=0.439587, pointY=0.454637, distance=2589, color='red'), ShootingResult(nth=7, score=9.4, time=3.0, pointX=0.448057, pointY=0.439791, distance=2594, color='red'), ShootingResult(nth=8, score=9.5, time=2.8, pointX=0.571459, pointY=0.492274, distance=2589, color='red'), ShootingResult(nth=9, score=9.4, time=2.9, pointX=0.42402, pointY=0.48308, distance=2584, color='red'), ShootingResult(nth=10, score=5.5, time=2.3, pointX=0.552568, pointY=0.224402, distance=2588, color='green')]",10,"[0.45112949999999996, 0.487677]",0.10665707643670541,"[0.07889268333128237, 0.112035890079965]",0.019342989018209314,입문
20250104-44373fb7-aa6e-4a68-bca3-e97a06f365af,"[ShootingResult(nth=1, score=8.2, time=12.1, pointX=0.641819, pointY=0.506733, distance=2625, color='orange'), ShootingResult(nth=2, score=7.4, time=6.0, pointX=0.431298, pointY=0.331856, distance=2628, color='orange'), ShootingResult(nth=3, score=7.1, time=2.6, pointX=0.424722, pointY=0.318341, distance=2627, color='orange'), ShootingResult(nth=4, score=9.1, time=1.8, pointX=0.427489, pointY=0.4382, distance=2622, color='red'), ShootingResult(nth=5, score=9.5, time=1.9, pointX=0.508292, pointY=0.428058, distance=2625, color='red'), ShootingResult(nth=6, score=6.7, time=1.7, pointX=0.692795, pointY=0.404604, distance=2624, color='green'), ShootingResult(nth=7, score=10.7, time=2.0, pointX=0.482966, pointY=0.514912, distance=2624, color='red'), ShootingResult(nth=8, score=8.4, time=1.8, pointX=0.571323, pointY=0.390628, distance=2621, color='orange'), ShootingResult(nth=9, score=7.7, time=2.7, pointX=0.538582, pointY=0.338914, distance=2625, color='orange'), ShootingResult(nth=10, score=10.3, time=2.1, pointX=0.48251, pointY=0.46711, distance=2623, color='red')]",10,"[0.495629, 0.416331]",0.10056665927400743,"[0.08723263208593446, 0.06675122668266106]",0.049969472511641876,입문
20250104-6007881c-df66-4f08-8f6c-00e02c4480d5,"[ShootingResult(nth=1, score=9.6, time=3.7, pointX=0.511015, pointY=0.431059, distance=2632, color='red'), ShootingResult(nth=2, score=7.9, time=5.1, pointX=0.501144, pointY=0.345847, distance=2626, color='orange'), ShootingResult(nth=3, score=9.6, time=5.1, pointX=0.537797, pointY=0.557419, distance=2624, color='red'), ShootingResult(nth=4, score=9.2, time=5.7, pointX=0.584523, pointY=0.532545, distance=2626, color='red'), ShootingResult(nth=5, score=10.9, time=5.6, pointX=0.4902, pointY=0.491072, distance=2628, color='red'), ShootingResult(nth=6, score=10.1, time=6.2, pointX=0.532319, pointY=0.470327, distance=2631, color='red'), ShootingResult(nth=7, score=9.5, time=4.6, pointX=0.441275, pointY=0.460152, distance=2629, color='red'), ShootingResult(nth=8, score=10.3, time=8.3, pointX=0.521795, pointY=0.47036, distance=2633, color='red'), ShootingResult(nth=9, score=9.6, time=4.5, pointX=0.458559, pointY=0.552803, distance=2627, color='red'), ShootingResult(nth=10, score=10.4, time=4.2, pointX=0.480721, pointY=0.52656, distance=2632, color='red')]",10,"[0.5060795, 0.48071600000000003]",0.06346023947733206,"[0.039365483512336034, 0.06096931214012506]",0.028114555990806214,입문
20250104-9a2b5956-0e2d-4ad4-be7a-73b3cc27602b,"[ShootingResult(nth=1, score=8.9, time=3.9, pointX=0.60261, pointY=0.472273, distance=2603, color='orange'), ShootingResult(nth=2, score=10.7, time=5.5, pointX=0.51457, pointY=0.481556, distance=2602, color='red'), ShootingResult(nth=3, score=7.9, time=4.3, pointX=0.519076, pointY=0.34497, distance=2608, color='orange'), ShootingResult(nth=4, score=8.8, time=6.2, pointX=0.39396, pointY=0.476315, distance=2609, color='orange'), ShootingResult(nth=5, score=9.9, time=4.9, pointX=0.522292, pointY=0.454825, distance=2606, color='red'), ShootingResult(nth=6, score=9.5, time=6.6, pointX=0.569379, pointY=0.512979, distance=2613, color='red'), ShootingResult(nth=7, score=10.9, time=10.0, pointX=0.497218, pointY=0.488245, distance=2606, color='red'), ShootingResult(nth=8, score=8.8, time=6.3, pointX=0.389103, pointY=0.494333, distance=2604, color='orange'), ShootingResult(nth=9, score=9.9, time=8.0, pointX=0.449484, pointY=0.490324, distance=2608, color='red'), ShootingResult(nth=10, score=10.3, time=5.9, pointX=0.463052, pointY=0.499064, distance=2605, color='red')]",10,"[0.505894, 0.48490049999999996]",0.06915827760852329,"[0.06576823322881648, 0.04477629450546349]",0.025359014367317696,입문
20250104-746441c8-0ae1-4d5e-a4d0-792d65b01a52,"[ShootingResult(nth=1, score=10.9, time=4.1, pointX=0.496607, pointY=0.488598, distance=2580, color='red'), ShootingResult(nth=2, score=9.8, time=7.1, pointX=0.516332, pointY=0.445351, distance=2582, color='red'), ShootingResult(nth=3, score=8.8, time=8.5, pointX=0.522779, pointY=0.608384, distance=2582, color='orange'), ShootingResult(nth=4, score=10.2, time=9.3, pointX=0.486157, pointY=0.463332, distance=2583, color='red'), ShootingResult(nth=5, score=9.9, time=6.6, pointX=0.451929, pointY=0.52299, distance=2584, color='red'), ShootingResult(nth=6, score=10.2, time=4.9, pointX=0.54137, pointY=0.499411, distance=2581, color='red'), ShootingResult(nth=7, score=9.6, time=6.6, pointX=0.496429, pointY=0.434047, distance=2583, color='red'), ShootingResult(nth=8, score=10.8, time=11.3, pointX=0.516666, pointY=0.489776, distance=2582, color='red'), ShootingResult(nth=9, score=10.1, time=6.5, pointX=0.469091, pointY=0.533181, distance=2579, color='red'), ShootingResult(nth=10, score=9.9, time=6.0, pointX=0.53439, pointY=0.457225, distance=2580, color='red')]",10,"[0.5064695, 0.489187]",0.04749614321672615,"[0.027090211944538197, 0.04877403056391793]",0.01760998326456368,입문
20250104-caf8c7db-beea-4bde-b970-8c1886cbd031,"[ShootingResult(nth=1, score=10.1, time=5.4, pointX=0.466178, pointY=0.529161, distance=2588, color='red'), ShootingResult(nth=2, score=10.9, time=3.0, pointX=0.489258, pointY=0.496021, distance=2593, color='red'), ShootingResult(nth=3, score=8.8, time=2.5, pointX=0.469242, pointY=0.393727, distance=2592, color='orange'), ShootingResult(nth=4, score=9.4, time=2.9, pointX=0.557155, pointY=0.443985, distance=2583, color='red'), ShootingResult(nth=5, score=8.9, time=3.7, pointX=0.515791, pointY=0.39558, distance=2588, color='orange'), ShootingResult(nth=6, score=8.8, time=2.5, pointX=0.391395, pointY=0.505382, distance=2587, color='orange'), ShootingResult(nth=7, score=8.7, time=3.2, pointX=0.55052, pointY=0.400164, distance=2587, color='orange'), ShootingResult(nth=8, score=10.3, time=4.5, pointX=0.533354, pointY=0.510855, distance=2593, color='red'), ShootingResult(nth=9, score=10.9, time=3.1, pointX=0.510532, pointY=0.490527, distance=2589, color='red'), ShootingResult(nth=10, score=10.1, time=4.2, pointX=0.540181, pointY=0.519169, distance=2588, color='red')]",10,"[0.5131615, 0.493274]",0.06464764724828795,"[0.047802656537477076, 0.05179095504709292]",0.025652562065525145,입문
20250104-3ff42951-9c1f-434f-bed6-eff9939bf355,"[ShootingResult(nth=1, score=7.0, time=4.7, pointX=0.536929, pointY=0.696572, distance=2581, color='orange'), ShootingResult(nth=2, score=8.6, time=8.5, pointX=0.484917, pointY=0.379322, distance=2583, color='orange'), ShootingResult(nth=3, score=8.9, time=9.3, pointX=0.555305, pointY=0.590778, distance=2586, color='orange'), ShootingResult(nth=4, score=9.7, time=7.4, pointX=0.482267, pointY=0.559551, distance=2582, color='red'), ShootingResult(nth=5, score=10.3, time=6.2, pointX=0.476006, pointY=0.525902, distance=2583, color='red'), ShootingResult(nth=6, score=10.3, time=7.2, pointX=0.521968, pointY=0.468742, distance=2582, color='red'), ShootingResult(nth=7, score=9.3, time=6.5, pointX=0.44579, pointY=0.56598, distance=2581, color='red'), ShootingResult(nth=8, score=9.5, time=6.2, pointX=0.507356, pointY=0.570919, distance=2582, color='red'), ShootingResult(nth=9, score=10.2, time=5.5, pointX=0.512698, pointY=0.536937, distance=2584, color='red'), ShootingResult(nth=10, score=9.9, time=5.6, pointX=0.543003, pointY=0.466937, distance=2579, color='red')]",10,"[0.510027, 0.548244]",0.07235482672116024,"[0.032538019056021224, 0.0808706954712274]",0.0221444830671792,입문
20250104-1bbcf224-7554-4ace-b2ee-2ba8e7eee608,"[ShootingResult(nth=1, score=10.0, time=5.1, pointX=0.512515, pointY=0.544574, distance=2605, color='red'), ShootingResult(nth=2, score=9.4, time=6.5, pointX=0.464277, pointY=0.431649, distance=2604, color='red'), ShootingResult(nth=3, score=8.8, time=5.6, pointX=0.571877, pointY=0.415, distance=2608, color='orange'), ShootingResult(nth=4, score=10.1, time=7.8, pointX=0.539133, pointY=0.475967, distance=2611, color='red'), ShootingResult(nth=5, score=9.3, time=7.0, pointX=0.482957, pointY=0.419787, distance=2608, color='red'), ShootingResult(nth=6, score=9.5, time=5.6, pointX=0.482961, pointY=0.429808, distance=2609, color='red'), ShootingResult(nth=7, score=10.9, time=5.7, pointX=0.508449, pointY=0.487304, distance=2609, color='red'), ShootingResult(nth=8, score=9.8, time=4.7, pointX=0.555987, pointY=0.512516, distance=2608, color='red'), ShootingResult(nth=9, score=9.7, time=5.1, pointX=0.5027, pointY=0.437624, distance=2607, color='red'), ShootingResult(nth=10, score=8.6, time=5.7, pointX=0.380678, pointY=0.511949, distance=2609, color='orange')]",10,"[0.5055745, 0.4567955]",0.05937134718282666,"[0.051148771520340544, 0.04362338579202673]",0.025903367677092254,입문
20250104-97afbf0f-2312-490d-aa99-de1e14959306,"[ShootingResult(nth=1, score=10.0, time=4.3, pointX=0.515255, pointY=0.54473, distance=2631, color='red'), ShootingResult(nth=2, score=9.5, time=8.3, pointX=0.44931, pointY=0.553156, distance=2637, color='red'), ShootingResult(nth=3, score=9.2, time=10.3, pointX=0.579421, pointY=0.54103, distance=2637, color='red'), ShootingResult(nth=4, score=9.3, time=9.5, pointX=0.583228, pointY=0.51474, distance=2631, color='red'), ShootingResult(nth=5, score=9.8, time=11.3, pointX=0.528881, pointY=0.548381, distance=2630, color='red'), ShootingResult(nth=6, score=9.1, time=9.9, pointX=0.595134, pointY=0.501821, distance=2634, color='red'), ShootingResult(nth=7, score=9.8, time=9.4, pointX=0.543445, pointY=0.459442, distance=2632, color='red'), ShootingResult(nth=8, score=10.9, time=8.3, pointX=0.509325, pointY=0.488933, distance=2635, color='red'), ShootingResult(nth=9, score=9.0, time=8.8, pointX=0.581509, pointY=0.440426, distance=2630, color='red'), ShootingResult(nth=10, score=10.1, time=7.2, pointX=0.544625, pointY=0.506039, distance=2634, color='red')]",10,"[0.544035, 0.5103895]",0.050320927060295485,"[0.04246112110401703, 0.03667414657166544]",0.025480273064427697,입문
20250104-edf86294-4f18-4ac8-a9dc-8ef5714dac5e,"[ShootingResult(nth=1, score=10.5, time=17.4, pointX=0.530038, pointY=0.502048, distance=2583, color='red'), ShootingResult(nth=2, score=7.3, time=2.3, pointX=0.505084, pointY=0.312867, distance=2593, color='orange'), ShootingResult(nth=3, score=7.7, time=1.4, pointX=0.450983, pointY=0.660568, distance=2592, color='orange'), ShootingResult(nth=4, score=8.6, time=2.0, pointX=0.396049, pointY=0.555424, distance=2589, color='orange'), ShootingResult(nth=5, score=9.5, time=2.6, pointX=0.436302, pointY=0.533171, distance=2586, color='red'), ShootingResult(nth=6, score=9.6, time=2.4, pointX=0.48457, pointY=0.431806, distance=2589, color='red'), ShootingResult(nth=7, score=10.3, time=2.9, pointX=0.51003, pointY=0.465176, distance=2590, color='red'), ShootingResult(nth=8, score=9.4, time=3.7, pointX=0.489413, pointY=0.420393, distance=2587, color='red'), ShootingResult(nth=9, score=9.3, time=3.1, pointX=0.438981, pointY=0.557398, distance=2588, color='red'), ShootingResult(nth=10, score=8.2, time=2.4, pointX=0.556788, pointY=0.626803, distance=2590, color='orange')]",10,"[0.4869915, 0.5176095000000001]",0.0982557863026837,"[0.04639204199385923, 0.09804084104922806]",0.05047109628442206,입문
20250104-acc98b2c-0e2e-4770-96f6-2b6bca9a7187,"[ShootingResult(nth=1, score=9.7, time=0.2, pointX=0.4499, pointY=0.536243, distance=2622, color='red'), ShootingResult(nth=2, score=9.4, time=3.9, pointX=0.459688, pointY=0.431247, distance=2627, color='red'), ShootingResult(nth=3, score=8.7, time=4.2, pointX=0.606705, pointY=0.462812, distance=2621, color='orange'), ShootingResult(nth=4, score=9.2, time=6.8, pointX=0.567923, pointY=0.44384, distance=2624, color='red'), ShootingResult(nth=5, score=7.6, time=3.5, pointX=0.446568, pointY=0.335173, distance=2626, color='orange'), ShootingResult(nth=6, score=10.2, time=4.9, pointX=0.488982, pointY=0.459118, distance=2624, color='red'), ShootingResult(nth=7, score=8.9, time=5.8, pointX=0.430402, pointY=0.579146, distance=2627, color='orange'), ShootingResult(nth=8, score=8.8, time=5.1, pointX=0.392203, pointY=0.487043, distance=2624, color='orange'), ShootingResult(nth=9, score=10.0, time=4.8, pointX=0.547989, pointY=0.499148, distance=2622, color='red'), ShootingResult(nth=10, score=10.0, time=5.2, pointX=0.543453, pointY=0.521071, distance=2624, color='red')]",10,"[0.474335, 0.4749275]",0.0864413572015004,"[0.06582404081496364, 0.06346896362546028]",0.05105665986900059,입문
20250104-48cf8878-a33a-46bf-a3cd-1c3ad72d57cd,"[ShootingResult(nth=1, score=9.4, time=3.0, pointX=0.554247, pointY=0.555768, distance=2584, color='red'), ShootingResult(nth=2, score=9.4, time=5.5, pointX=0.466799, pointY=0.430786, distance=2584, color='red'), ShootingResult(nth=3, score=10.0, time=5.0, pointX=0.54561, pointY=0.490527, distance=2584, color='red'), ShootingResult(nth=4, score=8.6, time=6.9, pointX=0.422641, pointY=0.407113, distance=2582, color='orange'), ShootingResult(nth=5, score=8.8, time=7.6, pointX=0.45875, pointY=0.603063, distance=2583, color='orange'), ShootingResult(nth=6, score=9.0, time=4.1, pointX=0.437365, pointY=0.421544, distance=2582, color='red'), ShootingResult(nth=7, score=10.7, time=6.2, pointX=0.512493, pointY=0.520036, distance=2578, color='red'), ShootingResult(nth=8, score=9.9, time=6.1, pointX=0.526285, pointY=0.547308, distance=2584, color='red'), ShootingResult(nth=9, score=9.3, time=6.4, pointX=0.436357, pointY=0.556877, distance=2580, color='red'), ShootingResult(nth=10, score=9.6, time=7.5, pointX=0.555643, pointY=0.46312, distance=2584, color='red')]",10,"[0.489646, 0.5052815]",0.07733471613673783,"[0.050025569140190705, 0.06374075093344918]",0.052418986251779896,입문
20250104-b640e5cf-c35d-4038-b6c2-23d0c1173de3,"[ShootingResult(nth=1, score=7.4, time=3.0, pointX=0.524722, pointY=0.31832, distance=2607, color='orange'), ShootingResult(nth=2, score=8.4, time=4.4, pointX=0.529587, pointY=0.372694, distance=2608, color='orange'), ShootingResult(nth=3, score=8.9, time=3.9, pointX=0.481794, pointY=0.397099, distance=2608, color='orange'), ShootingResult(nth=4, score=9.1, time=6.8, pointX=0.481798, pointY=0.408012, distance=2608, color='red'), ShootingResult(nth=5, score=8.2, time=4.4, pointX=0.50883, pointY=0.362855, distance=2606, color='orange'), ShootingResult(nth=6, score=8.9, time=3.6, pointX=0.451947, pointY=0.406851, distance=2607, color='orange'), ShootingResult(nth=7, score=10.4, time=6.7, pointX=0.529397, pointY=0.483186, distance=2606, color='red'), ShootingResult(nth=8, score=9.9, time=5.2, pointX=0.518071, pointY=0.448509, distance=2607, color='red'), ShootingResult(nth=9, score=10.2, time=5.9, pointX=0.534521, pointY=0.47639, distance=2608, color='red'), ShootingResult(nth=10, score=8.9, time=7.3, pointX=0.492393, pointY=0.395526, distance=2604, color='orange')]",10,"[0.5134505, 0.40197499999999997]",0.051207326551306095,"[0.025875032332346958, 0.04854152709134726]",0.028966987369587156,입문
20250104-b8ef783e-9c10-4b61-a890-debb7943844c,"[ShootingResult(nth=1, score=9.7, time=3.7, pointX=0.559955, pointY=0.474306, distance=2635, color='red'), ShootingResult(nth=2, score=8.9, time=7.8, pointX=0.601871, pointY=0.528462, distance=2633, color='orange'), ShootingResult(nth=3, score=8.4, time=9.1, pointX=0.52413, pointY=0.62807, distance=2631, color='orange'), ShootingResult(nth=4, score=9.2, time=8.4, pointX=0.528705, pointY=0.583285, distance=2633, color='red'), ShootingResult(nth=5, score=9.4, time=7.3, pointX=0.557582, pointY=0.449422, distance=2638, color='red'), ShootingResult(nth=6, score=10.2, time=7.7, pointX=0.530985, pointY=0.52773, distance=2632, color='red'), ShootingResult(nth=7, score=9.5, time=8.0, pointX=0.476671, pointY=0.567035, distance=2635, color='red'), ShootingResult(nth=8, score=10.0, time=7.2, pointX=0.533783, pointY=0.46835, distance=2628, color='red'), ShootingResult(nth=9, score=10.2, time=7.4, pointX=0.500079, pointY=0.541991, distance=2637, color='red'), ShootingResult(nth=10, score=9.8, time=18.8, pointX=0.443612, pointY=0.510192, distance=2634, color='red')]",10,"[0.529845, 0.528096]",0.06203304568770873,"[0.04230290006855322, 0.052652505157969466]",0.035002675499591795,입문
20250104-75f737a8-d4d0-42b4-9d88-6e0cdbe6f5c2,"[ShootingResult(nth=1, score=8.4, time=10.0, pointX=0.374425, pointY=0.478782, distance=2588, color='orange'), ShootingResult(nth=2, score=8.5, time=6.3, pointX=0.387111, pointY=0.555365, distance=2592, color='orange'), ShootingResult(nth=3, score=9.2, time=4.9, pointX=0.42143, pointY=0.538287, distance=2590, color='red'), ShootingResult(nth=4, score=8.9, time=4.5, pointX=0.581609, pointY=0.434693, distance=2586, color='orange'), ShootingResult(nth=5, score=10.2, time=0.4, pointX=0.538979, pointY=0.516362, distance=2590, color='red'), ShootingResult(nth=6, score=2.7, time=7.8, pointX=0.212755, pointY=0.187402, distance=2591, color='blue'), ShootingResult(nth=7, score=5.7, time=13.2, pointX=0.765656, pointY=0.523853, distance=2588, color='green'), ShootingResult(nth=8, score=9.3, time=9.0, pointX=0.520225, pointY=0.421465, distance=2588, color='red'), ShootingResult(nth=9, score=9.0, time=3.1, pointX=0.438346, pointY=0.577079, distance=2589, color='red'), ShootingResult(nth=10, score=9.1, time=2.7, pointX=0.583527, pointY=0.460018, distance=2586, color='red')]",10,"[0.47928550000000003, 0.497572]",0.1451927078356722,"[0.1428426010691838, 0.10587820051852034]",0.03870047486445906,입문
20250104-bd3603af-880b-4d98-8c36-ef1d7a8305f8,"[ShootingResult(nth=1, score=8.4, time=2.5, pointX=0.454257, pointY=0.62246, distance=2581, color='orange'), ShootingResult(nth=2, score=9.4, time=5.6, pointX=0.579972, pointY=0.490411, distance=2582, color='red'), ShootingResult(nth=3, score=9.9, time=6.4, pointX=0.543234, pointY=0.47174, distance=2583, color='red'), ShootingResult(nth=4, score=9.6, time=6.3, pointX=0.525967, pointY=0.436027, distance=2586, color='red'), ShootingResult(nth=5, score=10.7, time=7.6, pointX=0.520813, pointY=0.490163, distance=2581, color='red'), ShootingResult(nth=6, score=9.2, time=9.7, pointX=0.558465, pointY=0.43275, distance=2583, color='red'), ShootingResult(nth=7, score=10.4, time=9.2, pointX=0.530633, pointY=0.509018, distance=2587, color='red'), ShootingResult(nth=8, score=9.7, time=6.6, pointX=0.501637, pointY=0.438996, distance=2587, color='red'), ShootingResult(nth=9, score=8.3, time=8.2, pointX=0.57528, pointY=0.385395, distance=2580, color='orange'), ShootingResult(nth=10, score=9.6, time=12.0, pointX=0.48667, pointY=0.435353, distance=2582, color='red')]",10,"[0.5283, 0.455368]",0.05755937172273775,"[0.037416119402738715, 0.06118731395975804]",0.011921831403569602,입문
20250104-9b8382ed-bc95-4790-a316-97dd7d886d14,"[ShootingResult(nth=1, score=9.6, time=2.9, pointX=0.512806, pointY=0.43376, distance=2606, color='red'), ShootingResult(nth=2, score=9.3, time=7.1, pointX=0.426693, pointY=0.463105, distance=2606, color='red'), ShootingResult(nth=3, score=10.2, time=7.7, pointX=0.46843, pointY=0.527886, distance=2606, color='red'), ShootingResult(nth=4, score=10.0, time=5.7, pointX=0.473882, pointY=0.460556, distance=2606, color='red'), ShootingResult(nth=5, score=8.4, time=9.8, pointX=0.432492, pointY=0.387897, distance=2608, color='orange'), ShootingResult(nth=6, score=10.1, time=6.0, pointX=0.47789, pointY=0.537978, distance=2608, color='red'), ShootingResult(nth=7, score=9.6, time=8.5, pointX=0.430502, pointY=0.498738, distance=2611, color='red'), ShootingResult(nth=8, score=9.4, time=5.9, pointX=0.42894, pointY=0.530778, distance=2608, color='red'), ShootingResult(nth=9, score=8.4, time=8.2, pointX=0.582171, pointY=0.400022, distance=2608, color='orange'), ShootingResult(nth=10, score=8.7, time=6.2, pointX=0.40036, pointY=0.447503, distance=2613, color='orange')]",10,"[0.450461, 0.46183050000000003]",0.0652897179357023,"[0.050437241957109434, 0.05106052437852552]",0.03204700299653962,입문
20250104-723867e7-c192-49c4-9ce3-4c4e1efe711a,"[ShootingResult(nth=1, score=10.2, time=5.3, pointX=0.539571, pointY=0.511458, distance=2584, color='red'), ShootingResult(nth=2, score=9.9, time=4.8, pointX=0.45019, pointY=0.514465, distance=2586, color='red'), ShootingResult(nth=3, score=9.5, time=5.3, pointX=0.529043, pointY=0.432303, distance=2587, color='red'), ShootingResult(nth=4, score=9.5, time=9.2, pointX=0.431505, pointY=0.528157, distance=2590, color='red'), ShootingResult(nth=5, score=9.0, time=7.3, pointX=0.585188, pointY=0.546559, distance=2590, color='red'), ShootingResult(nth=6, score=10.0, time=8.0, pointX=0.489369, pointY=0.545612, distance=2589, color='red'), ShootingResult(nth=7, score=10.6, time=6.0, pointX=0.51028, pointY=0.523647, distance=2587, color='red'), ShootingResult(nth=8, score=10.0, time=8.5, pointX=0.457948, pointY=0.519496, distance=2590, color='red'), ShootingResult(nth=9, score=9.3, time=8.0, pointX=0.423027, pointY=0.527934, distance=2584, color='red'), ShootingResult(nth=10, score=8.8, time=8.1, pointX=0.528671, pointY=0.604812, distance=2591, color='orange')]",10,"[0.4998245, 0.5257905]",0.05837024508139886,"[0.050267385318514435, 0.04024354826813859]",0.030658157833458943,입문
20250104-1fbd76f3-eb63-410b-8441-726b0c87ccad,"[ShootingResult(nth=1, score=9.4, time=11.7, pointX=0.578161, pointY=0.49731, distance=2632, color='red'), ShootingResult(nth=2, score=10.8, time=2.2, pointX=0.500296, pointY=0.51887, distance=2632, color='red'), ShootingResult(nth=3, score=9.6, time=2.1, pointX=0.475665, pointY=0.437406, distance=2627, color='red'), ShootingResult(nth=4, score=9.9, time=2.9, pointX=0.475632, pointY=0.452266, distance=2629, color='red'), ShootingResult(nth=5, score=9.6, time=2.6, pointX=0.430636, pointY=0.505834, distance=2626, color='red'), ShootingResult(nth=6, score=10.9, time=3.0, pointX=0.5058, pointY=0.513071, distance=2631, color='red'), ShootingResult(nth=7, score=9.3, time=2.4, pointX=0.525421, pointY=0.422089, distance=2628, color='red'), ShootingResult(nth=8, score=10.9, time=2.1, pointX=0.500357, pointY=0.490919, distance=2626, color='red'), ShootingResult(nth=9, score=8.7, time=1.9, pointX=0.565662, pointY=0.406797, distance=2628, color='orange'), ShootingResult(nth=10, score=8.1, time=3.7, pointX=0.425247, pointY=0.37618, distance=2628, color='orange')]",10,"[0.5003265, 0.47159249999999997]",0.0610503382825374,"[0.04759912805094228, 0.04748879891469146]",0.031243058140133458,입문
20250104-882e5a5c-3a8e-474c-93b7-6176c66847cb,"[ShootingResult(nth=1, score=9.5, time=1.9, pointX=0.551212, pointY=0.446299, distance=2625, color='red'), ShootingResult(nth=2, score=9.0, time=5.5, pointX=0.556209, pointY=0.578885, distance=2623, color='red'), ShootingResult(nth=3, score=10.1, time=5.8, pointX=0.513625, pointY=0.459314, distance=2623, color='red'), ShootingResult(nth=4, score=9.6, time=6.5, pointX=0.557544, pointY=0.534681, distance=2622, color='red'), ShootingResult(nth=5, score=10.7, time=6.4, pointX=0.4987, pointY=0.477005, distance=2624, color='red'), ShootingResult(nth=6, score=9.1, time=4.7, pointX=0.589082, pointY=0.467041, distance=2631, color='red'), ShootingResult(nth=7, score=7.8, time=7.0, pointX=0.621853, pointY=0.393646, distance=2627, color='orange'), ShootingResult(nth=8, score=9.6, time=5.7, pointX=0.564956, pointY=0.520738, distance=2621, color='red'), ShootingResult(nth=9, score=10.4, time=6.2, pointX=0.534017, pointY=0.494025, distance=2628, color='red'), ShootingResult(nth=10, score=7.6, time=4.7, pointX=0.656832, pointY=0.439274, distance=2622, color='orange')]",10,"[0.5568765, 0.47202299999999997]",0.0620023889765969,"[0.0453428824381512, 0.05046665820479894]",0.03204512711165379,입문
20250104-7e2f496e-1921-4632-a497-dff0ff7308a1,"[ShootingResult(nth=1, score=9.2, time=4.0, pointX=0.437258, pointY=0.559519, distance=2657, color='red'), ShootingResult(nth=2, score=9.0, time=7.7, pointX=0.411195, pointY=0.4622, distance=2654, color='red'), ShootingResult(nth=3, score=8.7, time=5.7, pointX=0.595875, pointY=0.434017, distance=2658, color='orange'), ShootingResult(nth=4, score=8.4, time=3.9, pointX=0.623265, pointY=0.463509, distance=2657, color='orange'), ShootingResult(nth=5, score=9.9, time=3.5, pointX=0.54045, pointY=0.466088, distance=2654, color='red'), ShootingResult(nth=6, score=7.3, time=3.7, pointX=0.668106, pointY=0.41666, distance=2655, color='orange'), ShootingResult(nth=7, score=9.1, time=3.7, pointX=0.407586, pointY=0.498819, distance=2658, color='red'), ShootingResult(nth=8, score=9.8, time=4.4, pointX=0.535851, pointY=0.456558, distance=2656, color='red'), ShootingResult(nth=9, score=8.0, time=4.7, pointX=0.617394, pointY=0.403798, distance=2656, color='orange'), ShootingResult(nth=10, score=10.0, time=4.2, pointX=0.503058, pointY=0.452907, distance=2657, color='red')]",10,"[0.5381505, 0.459379]",0.08338007502558961,"[0.08840743872978112, 0.04149656261728193]",0.03232213780054057,입문
20250104-1ce97c29-fc6e-4286-9322-68456cd35230,"[ShootingResult(nth=1, score=6.6, time=5.9, pointX=0.338083, pointY=0.346199, distance=2552, color='green'), ShootingResult(nth=2, score=9.1, time=6.6, pointX=0.426608, pointY=0.442221, distance=2556, color='red'), ShootingResult(nth=3, score=9.0, time=10.1, pointX=0.47156, pointY=0.403082, distance=2556, color='red'), ShootingResult(nth=4, score=9.3, time=8.1, pointX=0.445749, pointY=0.437795, distance=2558, color='red'), ShootingResult(nth=5, score=9.0, time=9.8, pointX=0.496443, pointY=0.400077, distance=2556, color='red'), ShootingResult(nth=6, score=10.1, time=9.8, pointX=0.536915, pointY=0.475805, distance=2556, color='red'), ShootingResult(nth=7, score=9.0, time=10.8, pointX=0.531482, pointY=0.407734, distance=2555, color='red'), ShootingResult(nth=8, score=9.8, time=12.9, pointX=0.538855, pointY=0.460593, distance=2556, color='red'), ShootingResult(nth=9, score=8.4, time=11.8, pointX=0.564699, pointY=0.389962, distance=2556, color='orange'), ShootingResult(nth=10, score=8.0, time=10.4, pointX=0.536575, pointY=0.355495, distance=2558, color='orange')]",10,"[0.5139625, 0.405408]",0.0676752079587569,"[0.06593769218504693, 0.040322560040379374]",0.022131790136979308,입문
20250104-a01bbc57-12c3-4caa-a88c-e44f0b073ddc,"[ShootingResult(nth=1, score=10.3, time=7.7, pointX=0.49159, pointY=0.465019, distance=2592, color='red'), ShootingResult(nth=2, score=8.7, time=7.7, pointX=0.599217, pointY=0.446999, distance=2591, color='orange'), ShootingResult(nth=3, score=10.5, time=8.6, pointX=0.523332, pointY=0.480795, distance=2587, color='red'), ShootingResult(nth=4, score=9.8, time=9.4, pointX=0.55476, pointY=0.484369, distance=2590, color='red'), ShootingResult(nth=5, score=10.3, time=7.4, pointX=0.52202, pointY=0.527663, distance=2589, color='red'), ShootingResult(nth=6, score=10.3, time=6.2, pointX=0.464171, pointY=0.496702, distance=2591, color='red'), ShootingResult(nth=7, score=10.6, time=9.5, pointX=0.512656, pointY=0.475477, distance=2588, color='red'), ShootingResult(nth=8, score=9.2, time=7.1, pointX=0.502519, pointY=0.413873, distance=2589, color='red'), ShootingResult(nth=9, score=10.1, time=7.7, pointX=0.502272, pointY=0.457616, distance=2588, color='red'), ShootingResult(nth=10, score=8.1, time=7.9, pointX=0.572857, pointY=0.377288, distance=2588, color='orange')]",10,"[0.5173380000000001, 0.470248]",0.04737554217144817,"[0.03832020519308318, 0.040365135722427586]",0.01632723844545801,입문
20250104-9fa90c6e-66a3-4dad-8a2a-c2c668dd8928,"[ShootingResult(nth=1, score=4.0, time=0.1, pointX=0.801845, pointY=0.315898, distance=2657, color='blue'), ShootingResult(nth=2, score=7.6, time=7.6, pointX=0.66881, pointY=0.538542, distance=2653, color='orange'), ShootingResult(nth=3, score=7.3, time=9.7, pointX=0.64901, pointY=0.390319, distance=2652, color='orange'), ShootingResult(nth=4, score=8.6, time=6.4, pointX=0.617596, pointY=0.490096, distance=2651, color='orange'), ShootingResult(nth=5, score=8.8, time=7.1, pointX=0.585781, pointY=0.568469, distance=2654, color='orange'), ShootingResult(nth=6, score=7.8, time=15.8, pointX=0.612634, pointY=0.614008, distance=2655, color='orange'), ShootingResult(nth=7, score=8.5, time=6.5, pointX=0.621763, pointY=0.494551, distance=2654, color='orange'), ShootingResult(nth=8, score=7.4, time=5.5, pointX=0.61361, pointY=0.638267, distance=2654, color='orange'), ShootingResult(nth=9, score=9.6, time=8.0, pointX=0.564059, pointY=0.476816, distance=2653, color='red'), ShootingResult(nth=10, score=8.7, time=7.8, pointX=0.597503, pointY=0.562438, distance=2654, color='orange')]",10,"[0.615603, 0.5165465]",0.090480931424738,"[0.06280402883963736, 0.09379606614266932]",0.020303225822019252,입문
20250104-5dbf0931-9708-4023-81c2-68301f68592a,"[ShootingResult(nth=1, score=9.4, time=0.3, pointX=0.576829, pointY=0.502315, distance=2588, color='red'), ShootingResult(nth=2, score=8.7, time=7.0, pointX=0.571474, pointY=0.413681, distance=2592, color='orange'), ShootingResult(nth=3, score=10.1, time=6.4, pointX=0.507234, pointY=0.455943, distance=2587, color='red'), ShootingResult(nth=4, score=7.8, time=6.1, pointX=0.544652, pointY=0.346512, distance=2586, color='orange'), ShootingResult(nth=5, score=10.4, time=5.0, pointX=0.531178, pointY=0.487388, distance=2588, color='red'), ShootingResult(nth=6, score=8.8, time=5.7, pointX=0.605561, pointY=0.471012, distance=2587, color='orange'), ShootingResult(nth=7, score=10.0, time=5.4, pointX=0.531099, pointY=0.463233, distance=2588, color='red'), ShootingResult(nth=8, score=10.9, time=11.7, pointX=0.48619, pointY=0.497502, distance=2586, color='red'), ShootingResult(nth=9, score=10.1, time=9.5, pointX=0.507234, pointY=0.455943, distance=2588, color='red'), ShootingResult(nth=10, score=10.0, time=9.1, pointX=0.539534, pointY=0.473814, distance=2584, color='red')]",10,"[0.5353559999999999, 0.4671225]",0.04628417000075773,"[0.034448203106257964, 0.0438415912577315]",0.013164003423716479,입문
20250104-4dcf1c19-d528-4292-aa1b-8ff2381b2b89,"[ShootingResult(nth=1, score=9.3, time=2.2, pointX=0.530477, pointY=0.42523, distance=2552, color='red'), ShootingResult(nth=2, score=10.9, time=6.9, pointX=0.507224, pointY=0.497637, distance=2553, color='red'), ShootingResult(nth=3, score=9.9, time=6.0, pointX=0.549829, pointY=0.484405, distance=2553, color='red'), ShootingResult(nth=4, score=9.7, time=5.6, pointX=0.534579, pointY=0.445849, distance=2553, color='red'), ShootingResult(nth=5, score=10.4, time=5.6, pointX=0.530538, pointY=0.48327, distance=2556, color='red'), ShootingResult(nth=6, score=10.2, time=7.3, pointX=0.506819, pointY=0.458716, distance=2554, color='red'), ShootingResult(nth=7, score=10.9, time=5.2, pointX=0.497133, pointY=0.486892, distance=2555, color='red'), ShootingResult(nth=8, score=10.9, time=7.5, pointX=0.512256, pointY=0.492588, distance=2552, color='red'), ShootingResult(nth=9, score=10.7, time=6.1, pointX=0.5221, pointY=0.50239, distance=2561, color='red'), ShootingResult(nth=10, score=9.6, time=5.5, pointX=0.530222, pointY=0.440456, distance=2555, color='red')]",10,"[0.526161, 0.4838375]",0.028908154579117034,"[0.015188878721288147, 0.02559195097310871]",0.014327806888479686,입문
20250104-a9a09b02-5532-42fb-82d6-d2fe7f3c2e41,"[ShootingResult(nth=1, score=10.4, time=3.1, pointX=0.529488, pointY=0.518536, distance=2620, color='red'), ShootingResult(nth=2, score=8.4, time=5.8, pointX=0.396215, pointY=0.42524, distance=2622, color='orange'), ShootingResult(nth=3, score=9.2, time=5.0, pointX=0.578612, pointY=0.462664, distance=2622, color='red'), ShootingResult(nth=4, score=9.1, time=4.8, pointX=0.417897, pointY=0.45902, distance=2624, color='red'), ShootingResult(nth=5, score=8.6, time=4.7, pointX=0.611153, pointY=0.452854, distance=2627, color='orange'), ShootingResult(nth=6, score=9.9, time=9.9, pointX=0.450538, pointY=0.512513, distance=2625, color='red'), ShootingResult(nth=7, score=9.0, time=10.2, pointX=0.492999, pointY=0.400158, distance=2624, color='red'), ShootingResult(nth=8, score=7.5, time=8.2, pointX=0.665031, pointY=0.443392, distance=2619, color='orange'), ShootingResult(nth=9, score=10.3, time=4.9, pointX=0.461571, pointY=0.503747, distance=2626, color='red'), ShootingResult(nth=10, score=9.7, time=5.7, pointX=0.5228, pointY=0.440384, distance=2627, color='red')]",10,"[0.5078995000000001, 0.455937]",0.08304772582462489,"[0.08188327016943082, 0.03684112126903848]",0.04808248836500035,입문
20250104-19172589-b2f4-48cc-bb49-79e85a543c42,"[ShootingResult(nth=1, score=8.3, time=5.7, pointX=0.49285, pointY=0.363002, distance=2644, color='orange'), ShootingResult(nth=2, score=8.2, time=11.0, pointX=0.41862, pointY=0.38841, distance=2645, color='orange'), ShootingResult(nth=3, score=10.2, time=7.3, pointX=0.534637, pointY=0.477099, distance=2643, color='red'), ShootingResult(nth=4, score=6.3, time=8.4, pointX=0.443855, pointY=0.271221, distance=2642, color='green'), ShootingResult(nth=5, score=8.1, time=9.3, pointX=0.53557, pointY=0.358771, distance=2645, color='orange'), ShootingResult(nth=6, score=7.9, time=6.3, pointX=0.425783, pointY=0.3634, distance=2644, color='orange'), ShootingResult(nth=7, score=6.7, time=8.1, pointX=0.641352, pointY=0.333441, distance=2645, color='green'), ShootingResult(nth=8, score=8.2, time=9.0, pointX=0.471787, pointY=0.365385, distance=2641, color='orange'), ShootingResult(nth=9, score=7.3, time=8.5, pointX=0.392151, pointY=0.346703, distance=2642, color='orange'), ShootingResult(nth=10, score=8.8, time=7.2, pointX=0.438, pointY=0.407281, distance=2645, color='orange')]",10,"[0.45782100000000003, 0.363201]",0.07380711105132937,"[0.07059196494963149, 0.05001157448641264]",0.023573687132023055,입문
20250104-6f5bd4a3-9f61-42ac-8d9e-9799026ad3e7,"[ShootingResult(nth=1, score=9.8, time=8.9, pointX=0.519326, pointY=0.551756, distance=2597, color='red'), ShootingResult(nth=2, score=10.1, time=9.3, pointX=0.540411, pointY=0.521304, distance=2598, color='red'), ShootingResult(nth=3, score=9.0, time=7.5, pointX=0.435559, pointY=0.572462, distance=2596, color='red'), ShootingResult(nth=4, score=8.9, time=9.0, pointX=0.427002, pointY=0.57637, distance=2596, color='orange'), ShootingResult(nth=5, score=9.1, time=8.2, pointX=0.457835, pointY=0.583165, distance=2594, color='red'), ShootingResult(nth=6, score=10.2, time=7.9, pointX=0.472492, pointY=0.530996, distance=2595, color='red'), ShootingResult(nth=7, score=10.2, time=6.5, pointX=0.46834, pointY=0.526029, distance=2598, color='red'), ShootingResult(nth=8, score=9.8, time=6.1, pointX=0.545884, pointY=0.535527, distance=2596, color='red'), ShootingResult(nth=9, score=9.2, time=6.7, pointX=0.580367, pointY=0.458842, distance=2598, color='red'), ShootingResult(nth=10, score=8.6, time=12.7, pointX=0.509783, pointY=0.621044, distance=2600, color='orange')]",10,"[0.4911375, 0.5436415]",0.057912276366655725,"[0.04847661416074765, 0.04192611537514537]",0.029776166565688385,입문
20250104-48ebe22b-1aa3-4daf-8c84-9d9370461d7a,"[ShootingResult(nth=1, score=9.8, time=2.4, pointX=0.547357, pointY=0.535905, distance=2598, color='red'), ShootingResult(nth=2, score=8.4, time=7.0, pointX=0.417153, pointY=0.59977, distance=2593, color='orange'), ShootingResult(nth=3, score=8.2, time=11.7, pointX=0.395402, pointY=0.589384, distance=2592, color='orange'), ShootingResult(nth=4, score=10.1, time=10.0, pointX=0.546099, pointY=0.498321, distance=2593, color='red'), ShootingResult(nth=5, score=8.3, time=13.9, pointX=0.380909, pointY=0.564554, distance=2596, color='orange'), ShootingResult(nth=6, score=8.3, time=12.5, pointX=0.490394, pointY=0.636138, distance=2594, color='orange'), ShootingResult(nth=7, score=10.3, time=9.6, pointX=0.500382, pointY=0.537046, distance=2598, color='red'), ShootingResult(nth=8, score=9.6, time=7.8, pointX=0.439413, pointY=0.472202, distance=2595, color='red'), ShootingResult(nth=9, score=9.2, time=6.8, pointX=0.41323, pointY=0.507001, distance=2597, color='red'), ShootingResult(nth=10, score=8.9, time=10.4, pointX=0.480821, pointY=0.600294, distance=2595, color='orange')]",10,"[0.460117, 0.5508]",0.07423077850412514,"[0.05735438488380814, 0.04996287813617225]",0.0572825761519135,입문
20250104-51aae398-48d5-42be-a7e9-fb3100eb71a9,"[ShootingResult(nth=1, score=9.3, time=19.6, pointX=0.463641, pointY=0.423057, distance=2641, color='red'), ShootingResult(nth=2, score=8.3, time=6.4, pointX=0.466824, pointY=0.371895, distance=2642, color='orange'), ShootingResult(nth=3, score=8.0, time=6.6, pointX=0.450459, pointY=0.359843, distance=2640, color='orange'), ShootingResult(nth=4, score=7.9, time=9.5, pointX=0.524708, pointY=0.349034, distance=2642, color='orange'), ShootingResult(nth=5, score=6.4, time=8.5, pointX=0.387196, pointY=0.297736, distance=2638, color='green'), ShootingResult(nth=6, score=6.9, time=6.8, pointX=0.562341, pointY=0.304236, distance=2640, color='green'), ShootingResult(nth=7, score=10.5, time=8.7, pointX=0.47409, pointY=0.512854, distance=2642, color='red'), ShootingResult(nth=8, score=9.1, time=6.8, pointX=0.482413, pointY=0.40687, distance=2640, color='red'), ShootingResult(nth=9, score=8.1, time=7.2, pointX=0.601282, pointY=0.399486, distance=2643, color='orange'), ShootingResult(nth=10, score=9.9, time=8.3, pointX=0.493554, pointY=0.446581, distance=2642, color='red')]",10,"[0.4782515, 0.3856905]",0.07342379345808084,"[0.05701290397936242, 0.062019930665552996]",0.030275337004517115,입문
20250104-f752635a-5d6d-4efa-b269-22d3edb917a1,"[ShootingResult(nth=1, score=9.2, time=9.1, pointX=0.434214, pointY=0.55807, distance=2644, color='red'), ShootingResult(nth=2, score=8.3, time=7.3, pointX=0.418932, pointY=0.393777, distance=2642, color='orange'), ShootingResult(nth=3, score=7.0, time=15.6, pointX=0.514331, pointY=0.300777, distance=2644, color='orange'), ShootingResult(nth=4, score=9.8, time=8.2, pointX=0.546216, pointY=0.464521, distance=2645, color='red'), ShootingResult(nth=5, score=7.4, time=8.1, pointX=0.466406, pointY=0.323607, distance=2644, color='orange'), ShootingResult(nth=6, score=7.8, time=8.4, pointX=0.357434, pointY=0.423241, distance=2648, color='orange'), ShootingResult(nth=7, score=6.6, time=8.3, pointX=0.42823, pointY=0.288924, distance=2643, color='green'), ShootingResult(nth=8, score=9.9, time=12.0, pointX=0.499169, pointY=0.553415, distance=2641, color='red'), ShootingResult(nth=9, score=9.6, time=6.9, pointX=0.436118, pointY=0.5208, distance=2640, color='red'), ShootingResult(nth=10, score=8.9, time=6.7, pointX=0.572616, pointY=0.423471, distance=2644, color='orange')]",10,"[0.451262, 0.42335599999999995]",0.11106338247824832,"[0.062089423184951566, 0.09494547372576535]",0.08283348158238388,입문
20250104-6a6f9920-0f88-4750-bf90-1f70a40b720d,"[ShootingResult(nth=1, score=8.7, time=15.1, pointX=0.520818, pointY=0.387388, distance=2597, color='orange'), ShootingResult(nth=2, score=6.6, time=8.6, pointX=0.30771, pointY=0.392857, distance=2599, color='green'), ShootingResult(nth=3, score=7.7, time=8.9, pointX=0.584537, pointY=0.355441, distance=2594, color='orange'), ShootingResult(nth=4, score=9.6, time=8.1, pointX=0.565802, pointY=0.481316, distance=2596, color='red'), ShootingResult(nth=5, score=9.4, time=7.0, pointX=0.42192, pointY=0.507351, distance=2598, color='red'), ShootingResult(nth=6, score=9.4, time=8.6, pointX=0.533711, pointY=0.569878, distance=2597, color='red'), ShootingResult(nth=7, score=8.8, time=10.7, pointX=0.405709, pointY=0.448907, distance=2597, color='orange'), ShootingResult(nth=8, score=10.1, time=8.5, pointX=0.544591, pointY=0.503117, distance=2595, color='red'), ShootingResult(nth=9, score=9.1, time=9.1, pointX=0.485948, pointY=0.595106, distance=2598, color='red'), ShootingResult(nth=10, score=9.7, time=11.5, pointX=0.553371, pointY=0.472269, distance=2596, color='red')]",10,"[0.5272645, 0.4767925]",0.10087173423831278,"[0.08334711036148763, 0.07387695558156142]",0.041934176251446686,입문
20250104-098a71cd-2ad8-4db4-86fa-3877041e7bf6,"[ShootingResult(nth=1, score=9.4, time=2.3, pointX=0.571576, pointY=0.474438, distance=2587, color='red'), ShootingResult(nth=2, score=10.1, time=5.7, pointX=0.458795, pointY=0.482855, distance=2582, color='red'), ShootingResult(nth=3, score=9.1, time=2.5, pointX=0.52587, pointY=0.408254, distance=2588, color='red'), ShootingResult(nth=4, score=8.3, time=6.9, pointX=0.403063, pointY=0.408966, distance=2583, color='orange'), ShootingResult(nth=5, score=9.0, time=2.2, pointX=0.440474, pointY=0.421837, distance=2588, color='red'), ShootingResult(nth=6, score=10.1, time=3.0, pointX=0.494832, pointY=0.455725, distance=2583, color='red'), ShootingResult(nth=7, score=9.5, time=2.7, pointX=0.555385, pointY=0.455103, distance=2591, color='red'), ShootingResult(nth=8, score=10.0, time=2.3, pointX=0.472404, pointY=0.462931, distance=2589, color='red'), ShootingResult(nth=9, score=10.1, time=2.2, pointX=0.536165, pointY=0.524012, distance=2591, color='red'), ShootingResult(nth=10, score=9.5, time=7.1, pointX=0.443627, pointY=0.4542, distance=2582, color='red')]",10,"[0.483618, 0.455414]",0.056087696868690404,"[0.05274018137710563, 0.033740614020642844]",0.027486313074092356,입문
20250104-37dd11c4-ba2b-47d3-98fa-fbb9c9aef60d,"[ShootingResult(nth=1, score=8.9, time=1.6, pointX=0.538482, pointY=0.403589, distance=2623, color='orange'), ShootingResult(nth=2, score=10.3, time=2.6, pointX=0.536481, pointY=0.51215, distance=2626, color='red'), ShootingResult(nth=3, score=9.8, time=2.7, pointX=0.552021, pointY=0.476306, distance=2622, color='red'), ShootingResult(nth=4, score=9.9, time=1.8, pointX=0.535934, pointY=0.461592, distance=2623, color='red'), ShootingResult(nth=5, score=8.6, time=2.2, pointX=0.457112, pointY=0.609705, distance=2622, color='orange'), ShootingResult(nth=6, score=9.3, time=3.7, pointX=0.550365, pointY=0.432726, distance=2623, color='red'), ShootingResult(nth=7, score=6.6, time=2.1, pointX=0.466024, pointY=0.278205, distance=2626, color='green'), ShootingResult(nth=8, score=8.2, time=3.5, pointX=0.493051, pointY=0.358592, distance=2623, color='orange'), ShootingResult(nth=9, score=9.6, time=4.0, pointX=0.489218, pointY=0.435509, distance=2621, color='red'), ShootingResult(nth=10, score=9.5, time=5.4, pointX=0.568527, pointY=0.480849, distance=2625, color='red')]",10,"[0.5362075, 0.44855049999999996]",0.07328288178521754,"[0.03700687916928418, 0.0845102512243929]",0.014460820138639453,입문
20250104-5d01f832-953f-4a2e-9ba1-ad0d3748b128,"[ShootingResult(nth=1, score=7.0, time=2.3, pointX=0.605136, pointY=0.327654, distance=2557, color='orange'), ShootingResult(nth=2, score=8.6, time=4.2, pointX=0.37848, pointY=0.499153, distance=2558, color='orange'), ShootingResult(nth=3, score=8.9, time=6.1, pointX=0.434653, pointY=0.417352, distance=2563, color='orange'), ShootingResult(nth=4, score=9.9, time=3.8, pointX=0.550022, pointY=0.501913, distance=2555, color='red'), ShootingResult(nth=5, score=9.3, time=4.7, pointX=0.506456, pointY=0.418944, distance=2553, color='red'), ShootingResult(nth=6, score=10.6, time=4.3, pointX=0.481628, pointY=0.518802, distance=2557, color='red'), ShootingResult(nth=7, score=10.5, time=10.5, pointX=0.474285, pointY=0.488891, distance=2561, color='red'), ShootingResult(nth=8, score=10.7, time=4.9, pointX=0.478047, pointY=0.502863, distance=2558, color='red'), ShootingResult(nth=9, score=10.7, time=4.3, pointX=0.477932, pointY=0.498008, distance=2556, color='red'), ShootingResult(nth=10, score=9.4, time=4.4, pointX=0.464031, pointY=0.432554, distance=2557, color='red')]",10,"[0.4779895, 0.4934495]",0.06564012921813889,"[0.058022707828918156, 0.057125561679864476]",0.006906507443843114,입문
20250104-48177091-de03-445c-ad90-78cb81ff1be6,"[ShootingResult(nth=1, score=7.1, time=3.4, pointX=0.603796, pointY=0.664994, distance=2651, color='orange'), ShootingResult(nth=2, score=10.1, time=9.0, pointX=0.517142, pointY=0.54216, distance=2656, color='red'), ShootingResult(nth=3, score=8.7, time=5.3, pointX=0.492529, pointY=0.615739, distance=2655, color='orange'), ShootingResult(nth=4, score=10.7, time=4.9, pointX=0.517894, pointY=0.48873, distance=2651, color='red'), ShootingResult(nth=5, score=9.8, time=4.0, pointX=0.465174, pointY=0.456435, distance=2655, color='red'), ShootingResult(nth=6, score=8.5, time=5.8, pointX=0.522446, pointY=0.622667, distance=2656, color='orange'), ShootingResult(nth=7, score=8.1, time=4.3, pointX=0.517586, pointY=0.643556, distance=2651, color='orange'), ShootingResult(nth=8, score=7.8, time=8.3, pointX=0.396072, pointY=0.618862, distance=2647, color='orange'), ShootingResult(nth=9, score=10.7, time=4.7, pointX=0.478986, pointY=0.508222, distance=2657, color='red'), ShootingResult(nth=10, score=10.2, time=5.9, pointX=0.507986, pointY=0.458444, distance=2652, color='red')]",10,"[0.512564, 0.5789495]",0.08577563456634629,"[0.04973665035856356, 0.07588333132045536]",0.05006975619470251,입문
20250104-62b9d928-05e0-40d5-b366-b7c37cfe4797,"[ShootingResult(nth=1, score=9.8, time=3.4, pointX=0.558915, pointY=0.488818, distance=2587, color='red'), ShootingResult(nth=2, score=8.7, time=8.7, pointX=0.588542, pointY=0.425842, distance=2588, color='orange'), ShootingResult(nth=3, score=9.3, time=8.4, pointX=0.550075, pointY=0.435207, distance=2588, color='red'), ShootingResult(nth=4, score=10.3, time=7.2, pointX=0.507598, pointY=0.464533, distance=2587, color='red'), ShootingResult(nth=5, score=9.1, time=7.5, pointX=0.513087, pointY=0.408433, distance=2588, color='red'), ShootingResult(nth=6, score=6.9, time=4.3, pointX=0.65929, pointY=0.366283, distance=2587, color='green'), ShootingResult(nth=7, score=8.9, time=9.5, pointX=0.570197, pointY=0.424822, distance=2579, color='orange'), ShootingResult(nth=8, score=7.8, time=4.3, pointX=0.564823, pointY=0.353325, distance=2588, color='orange'), ShootingResult(nth=9, score=7.9, time=7.1, pointX=0.644682, pointY=0.438505, distance=2586, color='orange'), ShootingResult(nth=10, score=8.8, time=2.4, pointX=0.59155, pointY=0.556587, distance=2587, color='orange')]",10,"[0.56751, 0.4305245]",0.06276478049208364,"[0.046690889519155676, 0.05552939303152882]",0.025201407532103627,입문
20250104-20ae741e-418b-4bc4-8a65-11c65dfcccc9,"[ShootingResult(nth=1, score=10.9, time=3.0, pointX=0.510648, pointY=0.490647, distance=2587, color='red'), ShootingResult(nth=2, score=10.2, time=4.3, pointX=0.526733, pointY=0.469287, distance=2584, color='red'), ShootingResult(nth=3, score=10.9, time=3.3, pointX=0.494064, pointY=0.489886, distance=2591, color='red'), ShootingResult(nth=4, score=10.2, time=2.9, pointX=0.459261, pointY=0.510086, distance=2598, color='red'), ShootingResult(nth=5, score=10.2, time=4.0, pointX=0.475321, pointY=0.466739, distance=2586, color='red'), ShootingResult(nth=6, score=9.6, time=4.9, pointX=0.566828, pointY=0.487936, distance=2584, color='red'), ShootingResult(nth=7, score=10.9, time=5.0, pointX=0.510012, pointY=0.501339, distance=2588, color='red'), ShootingResult(nth=8, score=10.1, time=4.4, pointX=0.466695, pointY=0.529514, distance=2590, color='red'), ShootingResult(nth=9, score=8.9, time=4.9, pointX=0.577197, pointY=0.429106, distance=2583, color='orange'), ShootingResult(nth=10, score=9.4, time=7.5, pointX=0.55151, pointY=0.440485, distance=2588, color='red')]",10,"[0.51033, 0.488911]",0.0422180871080696,"[0.039380526249530985, 0.029164893455145696]",0.01602335174511075,입문
20250104-62b98524-e348-4d45-84fd-c66299aec101,"[ShootingResult(nth=1, score=8.3, time=3.2, pointX=0.443719, pointY=0.620858, distance=2598, color='orange'), ShootingResult(nth=2, score=9.8, time=9.8, pointX=0.509955, pointY=0.55706, distance=2598, color='red'), ShootingResult(nth=3, score=10.2, time=7.7, pointX=0.530424, pointY=0.528755, distance=2593, color='red'), ShootingResult(nth=4, score=8.6, time=8.3, pointX=0.471392, pointY=0.618438, distance=2597, color='orange'), ShootingResult(nth=5, score=8.7, time=7.3, pointX=0.538186, pointY=0.607982, distance=2596, color='orange'), ShootingResult(nth=6, score=10.0, time=8.5, pointX=0.523863, pointY=0.541217, distance=2597, color='red'), ShootingResult(nth=7, score=10.4, time=6.9, pointX=0.529138, pointY=0.5179, distance=2596, color='red'), ShootingResult(nth=8, score=9.9, time=4.4, pointX=0.455554, pointY=0.529936, distance=2597, color='red'), ShootingResult(nth=9, score=10.2, time=3.8, pointX=0.525233, pointY=0.468658, distance=2597, color='red'), ShootingResult(nth=10, score=10.2, time=5.0, pointX=0.538208, pointY=0.517649, distance=2599, color='red')]",10,"[0.524548, 0.5355764999999999]",0.05072285304999804,"[0.03395297946513679, 0.04767997481763178]",0.013175251079721562,입문
20250104-8cc2cc7e-e507-4399-ac1d-886f375a7f63,"[ShootingResult(nth=1, score=10.9, time=5.2, pointX=0.514243, pointY=0.492542, distance=2640, color='red'), ShootingResult(nth=2, score=6.9, time=6.7, pointX=0.519746, pointY=0.295549, distance=2643, color='green'), ShootingResult(nth=3, score=9.5, time=12.0, pointX=0.445155, pointY=0.45423, distance=2641, color='red'), ShootingResult(nth=4, score=8.6, time=10.5, pointX=0.469476, pointY=0.617914, distance=2644, color='orange'), ShootingResult(nth=5, score=9.9, time=9.6, pointX=0.541495, pointY=0.469284, distance=2643, color='red'), ShootingResult(nth=6, score=9.3, time=7.3, pointX=0.528569, pointY=0.422702, distance=2640, color='red'), ShootingResult(nth=7, score=9.6, time=4.8, pointX=0.51877, pointY=0.437317, distance=2644, color='red'), ShootingResult(nth=8, score=8.2, time=4.4, pointX=0.476907, pointY=0.36433, distance=2645, color='orange'), ShootingResult(nth=9, score=7.4, time=5.9, pointX=0.49805, pointY=0.320836, distance=2643, color='orange'), ShootingResult(nth=10, score=9.8, time=5.1, pointX=0.556623, pointY=0.484476, distance=2648, color='red')]",10,"[0.5165065, 0.44577350000000004]",0.07890777606577475,"[0.032694763822973226, 0.0885347979847472]",0.025332862889423796,입문
20250104-3f57cc6b-3437-4c71-9f4a-bdc6d9126274,"[ShootingResult(nth=1, score=10.3, time=6.0, pointX=0.499487, pointY=0.536811, distance=2586, color='red'), ShootingResult(nth=2, score=10.1, time=4.4, pointX=0.540178, pointY=0.478555, distance=2595, color='red'), ShootingResult(nth=3, score=7.9, time=4.4, pointX=0.442948, pointY=0.356019, distance=2589, color='orange'), ShootingResult(nth=4, score=10.0, time=4.2, pointX=0.475459, pointY=0.539545, distance=2594, color='red'), ShootingResult(nth=5, score=8.2, time=3.9, pointX=0.369288, pointY=0.550114, distance=2583, color='orange'), ShootingResult(nth=6, score=10.0, time=6.2, pointX=0.499721, pointY=0.450338, distance=2588, color='red'), ShootingResult(nth=7, score=10.9, time=3.9, pointX=0.499546, pointY=0.507182, distance=2586, color='red'), ShootingResult(nth=8, score=9.7, time=4.0, pointX=0.542163, pointY=0.453953, distance=2592, color='red'), ShootingResult(nth=9, score=10.7, time=3.7, pointX=0.519665, pointY=0.50612, distance=2582, color='red'), ShootingResult(nth=10, score=10.4, time=6.8, pointX=0.483097, pointY=0.473566, distance=2590, color='red')]",10,"[0.49951650000000003, 0.4923375]",0.059402281564633806,"[0.048330001522449796, 0.05459919700883889]",0.014773965669722791,입문
20250104-afc5a6b3-4183-4c5c-aeac-4537fd9741c6,"[ShootingResult(nth=1, score=9.8, time=1.6, pointX=0.552677, pointY=0.516621, distance=2623, color='red'), ShootingResult(nth=2, score=10.1, time=10.3, pointX=0.485222, pointY=0.542908, distance=2627, color='red'), ShootingResult(nth=3, score=10.6, time=7.5, pointX=0.488348, pointY=0.477812, distance=2622, color='red'), ShootingResult(nth=4, score=9.9, time=5.4, pointX=0.457764, pointY=0.467522, distance=2625, color='red'), ShootingResult(nth=5, score=10.4, time=6.2, pointX=0.520053, pointY=0.472844, distance=2626, color='red'), ShootingResult(nth=6, score=10.2, time=7.0, pointX=0.530084, pointY=0.529517, distance=2623, color='red'), ShootingResult(nth=7, score=9.3, time=7.3, pointX=0.583218, pointY=0.503067, distance=2625, color='red'), ShootingResult(nth=8, score=10.7, time=6.0, pointX=0.477988, pointY=0.499408, distance=2624, color='red'), ShootingResult(nth=9, score=10.3, time=6.2, pointX=0.489084, pointY=0.536144, distance=2625, color='red'), ShootingResult(nth=10, score=9.5, time=7.0, pointX=0.447347, pointY=0.448165, distance=2627, color='red')]",10,"[0.48871600000000004, 0.5012375]",0.047679810083101945,"[0.0405219777262907, 0.030450954115758006]",0.025130655575907487,입문
20250104-e55388a5-81a1-47af-9fa8-6686bef0809a,"[ShootingResult(nth=1, score=7.9, time=4.8, pointX=0.378768, pointY=0.403322, distance=2653, color='orange'), ShootingResult(nth=2, score=7.0, time=4.7, pointX=0.310238, pointY=0.425385, distance=2656, color='orange'), ShootingResult(nth=3, score=8.9, time=3.7, pointX=0.407396, pointY=0.458067, distance=2657, color='orange'), ShootingResult(nth=4, score=8.6, time=3.8, pointX=0.389559, pointY=0.453626, distance=2653, color='orange'), ShootingResult(nth=5, score=9.8, time=3.1, pointX=0.545224, pointY=0.46133, distance=2658, color='red'), ShootingResult(nth=6, score=6.7, time=3.4, pointX=0.713704, pointY=0.481838, distance=2660, color='green'), ShootingResult(nth=7, score=10.9, time=3.8, pointX=0.485042, pointY=0.499059, distance=2657, color='red'), ShootingResult(nth=8, score=7.8, time=5.7, pointX=0.651442, pointY=0.449711, distance=2655, color='orange'), ShootingResult(nth=9, score=9.5, time=4.7, pointX=0.571548, pointY=0.499213, distance=2658, color='red'), ShootingResult(nth=10, score=8.3, time=4.2, pointX=0.492786, pointY=0.363651, distance=2654, color='orange')]",10,"[0.48891399999999996, 0.4558465]",0.11587029686411361,"[0.12133793545305606, 0.04035792550367275]",0.06111857212258442,입문
20250104-7766acd8-90ab-49ca-acf2-eaa3e2fc0821,"[ShootingResult(nth=1, score=8.4, time=5.1, pointX=0.370415, pointY=0.512303, distance=2554, color='orange'), ShootingResult(nth=2, score=8.2, time=8.3, pointX=0.401972, pointY=0.399292, distance=2555, color='orange'), ShootingResult(nth=3, score=8.2, time=10.3, pointX=0.437679, pointY=0.376098, distance=2555, color='orange'), ShootingResult(nth=4, score=8.2, time=14.2, pointX=0.485787, pointY=0.359366, distance=2558, color='orange'), ShootingResult(nth=5, score=7.1, time=10.3, pointX=0.444687, pointY=0.309771, distance=2559, color='orange'), ShootingResult(nth=6, score=9.7, time=9.9, pointX=0.473364, pointY=0.445887, distance=2561, color='red'), ShootingResult(nth=7, score=9.0, time=15.9, pointX=0.506673, pointY=0.399995, distance=2556, color='red'), ShootingResult(nth=8, score=10.1, time=8.8, pointX=0.541132, pointY=0.488839, distance=2554, color='red'), ShootingResult(nth=9, score=8.0, time=11.1, pointX=0.470579, pointY=0.350566, distance=2557, color='orange'), ShootingResult(nth=10, score=7.9, time=8.5, pointX=0.561678, pointY=0.355623, distance=2557, color='orange')]",10,"[0.4719715, 0.387695]",0.07319626263795152,"[0.055943848854364674, 0.0611446461384805]",0.03241365037627778,입문
20250104-16ff2375-2470-4424-b773-af95630c3708,"[ShootingResult(nth=1, score=7.8, time=6.7, pointX=0.500535, pointY=0.661238, distance=2599, color='orange'), ShootingResult(nth=2, score=10.1, time=6.7, pointX=0.50558, pointY=0.542762, distance=2601, color='red'), ShootingResult(nth=3, score=9.3, time=6.9, pointX=0.524742, pointY=0.580583, distance=2600, color='red'), ShootingResult(nth=4, score=9.4, time=9.0, pointX=0.444963, pointY=0.558815, distance=2600, color='red'), ShootingResult(nth=5, score=9.5, time=9.3, pointX=0.562773, pointY=0.534227, distance=2599, color='red'), ShootingResult(nth=6, score=9.5, time=11.1, pointX=0.462932, pointY=0.56447, distance=2599, color='red'), ShootingResult(nth=7, score=10.4, time=6.8, pointX=0.53135, pointY=0.498471, distance=2599, color='red'), ShootingResult(nth=8, score=8.3, time=6.0, pointX=0.619895, pointY=0.556209, distance=2600, color='orange'), ShootingResult(nth=9, score=9.0, time=8.2, pointX=0.519982, pointY=0.595428, distance=2591, color='red'), ShootingResult(nth=10, score=9.9, time=9.1, pointX=0.533808, pointY=0.541231, distance=2603, color='red')]",10,"[0.522362, 0.557512]",0.055057453959835266,"[0.04649767527952337, 0.041172076292555364]",0.02568457364379171,입문
20250104-f65418e8-120e-43d7-b6d8-31c2f83ff658,"[ShootingResult(nth=1, score=9.6, time=8.3, pointX=0.468241, pointY=0.438529, distance=2588, color='red'), ShootingResult(nth=2, score=10.1, time=8.2, pointX=0.542094, pointY=0.484051, distance=2587, color='red'), ShootingResult(nth=3, score=8.8, time=8.3, pointX=0.402064, pointY=0.450912, distance=2589, color='orange'), ShootingResult(nth=4, score=10.1, time=11.7, pointX=0.460756, pointY=0.523882, distance=2587, color='red'), ShootingResult(nth=5, score=10.4, time=15.3, pointX=0.480381, pointY=0.528271, distance=2586, color='red'), ShootingResult(nth=6, score=9.7, time=9.1, pointX=0.540626, pointY=0.44911, distance=2588, color='red'), ShootingResult(nth=7, score=10.1, time=16.6, pointX=0.456251, pointY=0.50131, distance=2588, color='red'), ShootingResult(nth=8, score=10.4, time=9.3, pointX=0.47111, pointY=0.481132, distance=2590, color='red'), ShootingResult(nth=9, score=10.9, time=7.0, pointX=0.496459, pointY=0.491049, distance=2590, color='red'), ShootingResult(nth=10, score=10.2, time=11.3, pointX=0.533329, pointY=0.476092, distance=2594, color='red')]",10,"[0.4757455, 0.4825915]",0.046632499008656035,"[0.04196259493513242, 0.02885445236978169]",0.024116655961865734,입문
20250104-4b2b39f9-f0fc-43d5-9431-c21c7f100066,"[ShootingResult(nth=1, score=9.1, time=4.6, pointX=0.565287, pointY=0.56658, distance=2584, color='red'), ShootingResult(nth=2, score=9.2, time=4.0, pointX=0.421762, pointY=0.454756, distance=2587, color='red'), ShootingResult(nth=3, score=10.0, time=7.5, pointX=0.544595, pointY=0.518932, distance=2587, color='red'), ShootingResult(nth=4, score=10.9, time=13.6, pointX=0.500079, pointY=0.483923, distance=2588, color='red'), ShootingResult(nth=5, score=9.9, time=7.6, pointX=0.485163, pointY=0.451143, distance=2593, color='red'), ShootingResult(nth=6, score=9.7, time=7.4, pointX=0.509917, pointY=0.561209, distance=2590, color='red'), ShootingResult(nth=7, score=10.2, time=3.8, pointX=0.483664, pointY=0.462785, distance=2589, color='red'), ShootingResult(nth=8, score=9.9, time=3.5, pointX=0.489916, pointY=0.44996, distance=2592, color='red'), ShootingResult(nth=9, score=9.7, time=3.2, pointX=0.529266, pointY=0.442935, distance=2593, color='red'), ShootingResult(nth=10, score=9.4, time=11.5, pointX=0.480225, pointY=0.42617, distance=2589, color='red')]",10,"[0.49499750000000003, 0.45877049999999997]",0.051737645819949496,"[0.03781154913832545, 0.04746418157316102]",0.012066167134255658,입문
20250104-721d5ea1-07b2-430c-b53f-293fa6b141f4,"[ShootingResult(nth=1, score=9.9, time=3.1, pointX=0.475704, pointY=0.544181, distance=2588, color='red'), ShootingResult(nth=2, score=9.9, time=4.2, pointX=0.453869, pointY=0.473256, distance=2587, color='red'), ShootingResult(nth=3, score=10.5, time=4.1, pointX=0.524489, pointY=0.486275, distance=2591, color='red'), ShootingResult(nth=4, score=10.2, time=4.3, pointX=0.46104, pointY=0.496077, distance=2592, color='red'), ShootingResult(nth=5, score=10.3, time=4.0, pointX=0.46516, pointY=0.505901, distance=2590, color='red'), ShootingResult(nth=6, score=9.6, time=3.2, pointX=0.504772, pointY=0.567447, distance=2588, color='red'), ShootingResult(nth=7, score=7.8, time=4.3, pointX=0.536828, pointY=0.343786, distance=2584, color='orange'), ShootingResult(nth=8, score=9.5, time=3.4, pointX=0.428083, pointY=0.487327, distance=2588, color='red'), ShootingResult(nth=9, score=10.9, time=4.2, pointX=0.505502, pointY=0.489782, distance=2590, color='red'), ShootingResult(nth=10, score=10.5, time=3.1, pointX=0.482998, pointY=0.523435, distance=2589, color='red')]",10,"[0.47935099999999997, 0.4929295]",0.05142109466083368,"[0.032109577637365445, 0.0565603600820398]",0.01132669491932884,입문
20250104-83e6cef7-9c13-48ca-b8d7-27b23b431a6d,"[ShootingResult(nth=1, score=9.6, time=0.1, pointX=0.550117, pointY=0.45651, distance=2605, color='red'), ShootingResult(nth=2, score=10.3, time=5.5, pointX=0.462762, pointY=0.508881, distance=2605, color='red'), ShootingResult(nth=3, score=7.7, time=5.9, pointX=0.612206, pointY=0.380254, distance=2610, color='orange'), ShootingResult(nth=4, score=4.7, time=10.2, pointX=0.764369, pointY=0.317541, distance=2607, color='blue'), ShootingResult(nth=5, score=4.4, time=4.9, pointX=0.702004, pointY=0.23334, distance=2611, color='blue'), ShootingResult(nth=6, score=10.5, time=4.7, pointX=0.475802, pointY=0.482618, distance=2604, color='red'), ShootingResult(nth=7, score=0.0, time=4.9, pointX=0.66012, pointY=-0.0700056, distance=2610, color='blue'), ShootingResult(nth=8, score=5.8, time=3.7, pointX=0.668677, pointY=0.299078, distance=2607, color='green'), ShootingResult(nth=9, score=2.5, time=5.5, pointX=0.610706, pointY=0.079157, distance=2605, color='blue'), ShootingResult(nth=10, score=7.6, time=7.4, pointX=0.370261, pointY=0.385617, distance=2606, color='orange')]",10,"[0.611456, 0.34889749999999997]",0.18783355478782535,"[0.11577217186284447, 0.17468316134823758]",0.08328393154816462,입문
20250104-87de9ef6-4bdf-41a5-9d33-d04470c18831,"[ShootingResult(nth=1, score=7.6, time=8.1, pointX=0.557569, pointY=0.659888, distance=2630, color='orange'), ShootingResult(nth=2, score=9.4, time=6.9, pointX=0.436591, pointY=0.546855, distance=2631, color='red'), ShootingResult(nth=3, score=8.9, time=6.5, pointX=0.585561, pointY=0.440383, distance=2631, color='orange'), ShootingResult(nth=4, score=9.5, time=6.0, pointX=0.559743, pointY=0.542792, distance=2630, color='red'), ShootingResult(nth=5, score=9.7, time=8.4, pointX=0.441642, pointY=0.52844, distance=2628, color='red'), ShootingResult(nth=6, score=9.2, time=6.2, pointX=0.585742, pointY=0.470273, distance=2642, color='red'), ShootingResult(nth=7, score=9.5, time=5.8, pointX=0.448639, pointY=0.449516, distance=2629, color='red'), ShootingResult(nth=8, score=10.8, time=7.4, pointX=0.480188, pointY=0.501621, distance=2628, color='red'), ShootingResult(nth=9, score=10.1, time=8.4, pointX=0.521084, pointY=0.537985, distance=2636, color='red'), ShootingResult(nth=10, score=9.8, time=7.2, pointX=0.537653, pointY=0.543626, distance=2630, color='red')]",10,"[0.5293685, 0.5332125000000001]",0.07338705225375994,"[0.056116479839348435, 0.05986143790864032]",0.032602152229315694,입문
20250104-499a2288-ae42-40cd-8dbf-a82902cfc54c,"[ShootingResult(nth=1, score=10.3, time=9.5, pointX=0.534016, pointY=0.516096, distance=2595, color='red'), ShootingResult(nth=2, score=10.3, time=4.5, pointX=0.499586, pointY=0.536399, distance=2587, color='red'), ShootingResult(nth=3, score=10.9, time=3.8, pointX=0.505094, pointY=0.496051, distance=2592, color='red'), ShootingResult(nth=4, score=10.2, time=5.6, pointX=0.533961, pointY=0.520974, distance=2587, color='red'), ShootingResult(nth=5, score=9.1, time=4.1, pointX=0.510361, pointY=0.406899, distance=2587, color='red'), ShootingResult(nth=6, score=10.7, time=4.0, pointX=0.515131, pointY=0.485994, distance=2597, color='red'), ShootingResult(nth=7, score=9.8, time=3.6, pointX=0.538078, pointY=0.458282, distance=2589, color='red'), ShootingResult(nth=8, score=10.6, time=5.3, pointX=0.473871, pointY=0.496172, distance=2587, color='red'), ShootingResult(nth=9, score=9.5, time=4.8, pointX=0.44231, pointY=0.453271, distance=2587, color='red'), ShootingResult(nth=10, score=9.4, time=5.3, pointX=0.46532, pointY=0.427288, distance=2586, color='red')]",10,"[0.5077275, 0.49102250000000003]",0.045200886698021844,"[0.030503974360073155, 0.04003185341250139]",0.019654533196737305,입문
20250104-2dbd073f-629b-4932-a72e-c97a83cc67cd,"[ShootingResult(nth=1, score=8.9, time=0.9, pointX=0.440049, pointY=0.586953, distance=2601, color='orange'), ShootingResult(nth=2, score=9.3, time=0.0, pointX=0.505412, pointY=0.582328, distance=2594, color='red'), ShootingResult(nth=3, score=8.8, time=0.1, pointX=0.457667, pointY=0.598495, distance=2594, color='orange'), ShootingResult(nth=4, score=8.7, time=0.7, pointX=0.510244, pointY=0.611192, distance=2596, color='orange'), ShootingResult(nth=5, score=8.7, time=0.5, pointX=0.40652, pointY=0.56578, distance=2593, color='orange'), ShootingResult(nth=6, score=9.5, time=0.4, pointX=0.430921, pointY=0.52048, distance=2599, color='red'), ShootingResult(nth=7, score=9.4, time=0.4, pointX=0.426289, pointY=0.524918, distance=2597, color='red'), ShootingResult(nth=8, score=9.9, time=0.4, pointX=0.510215, pointY=0.552053, distance=2602, color='red'), ShootingResult(nth=9, score=9.8, time=0.2, pointX=0.510218, pointY=0.556945, distance=2599, color='red'), ShootingResult(nth=10, score=8.1, time=0.3, pointX=0.430773, pointY=0.628658, distance=2596, color='orange')]",10,"[0.448858, 0.574054]",0.051061293501876895,"[0.039559830287300264, 0.03362521209390358]",0.03417221203143619,입문
20250104-da8d8101-4568-4e77-908e-70aa70bd80d8,"[ShootingResult(nth=1, score=4.5, time=1.3, pointX=0.720175, pointY=0.256872, distance=2606, color='blue'), ShootingResult(nth=2, score=7.9, time=6.6, pointX=0.345119, pointY=0.480644, distance=2607, color='orange'), ShootingResult(nth=3, score=3.3, time=4.9, pointX=0.470145, pointY=0.110464, distance=2608, color='blue'), ShootingResult(nth=4, score=8.2, time=4.4, pointX=0.441618, pointY=0.371247, distance=2608, color='orange'), ShootingResult(nth=5, score=8.9, time=3.8, pointX=0.502924, pointY=0.395251, distance=2605, color='orange'), ShootingResult(nth=6, score=10.2, time=4.4, pointX=0.458185, pointY=0.498869, distance=2608, color='red'), ShootingResult(nth=7, score=4.6, time=3.6, pointX=0.236373, pointY=0.305622, distance=2610, color='blue'), ShootingResult(nth=8, score=8.6, time=4.8, pointX=0.452128, pointY=0.608607, distance=2611, color='orange'), ShootingResult(nth=9, score=9.3, time=4.0, pointX=0.558684, pointY=0.438283, distance=2610, color='red'), ShootingResult(nth=10, score=9.1, time=5.8, pointX=0.584495, pointY=0.535974, distance=2606, color='red')]",10,"[0.464165, 0.416767]",0.16327456529354162,"[0.12473934093075849, 0.13922026062901188]",0.06987776811341875,입문
20250104-72418918-35da-4b51-b608-06823ca29023,"[ShootingResult(nth=1, score=9.0, time=1.7, pointX=0.524607, pointY=0.593118, distance=2632, color='red'), ShootingResult(nth=2, score=9.9, time=5.0, pointX=0.553331, pointY=0.510619, distance=2634, color='red'), ShootingResult(nth=3, score=8.5, time=5.9, pointX=0.619107, pointY=0.456547, distance=2638, color='orange'), ShootingResult(nth=4, score=10.0, time=6.7, pointX=0.519631, pointY=0.544521, distance=2631, color='red'), ShootingResult(nth=5, score=10.3, time=6.9, pointX=0.530679, pointY=0.482156, distance=2631, color='red'), ShootingResult(nth=6, score=10.1, time=9.0, pointX=0.532806, pointY=0.470307, distance=2634, color='red'), ShootingResult(nth=7, score=10.1, time=6.9, pointX=0.544751, pointY=0.506243, distance=2627, color='red'), ShootingResult(nth=8, score=10.3, time=7.7, pointX=0.527466, pointY=0.475625, distance=2635, color='red'), ShootingResult(nth=9, score=9.7, time=6.3, pointX=0.562191, pointY=0.484313, distance=2631, color='red'), ShootingResult(nth=10, score=10.8, time=7.8, pointX=0.481255, pointY=0.506796, distance=2636, color='red')]",10,"[0.5317425, 0.495278]",0.04302916385866467,"[0.03368598085613657, 0.03832492345263068]",0.013473988072109328,입문
20250104-43ea0561-3541-4dd1-96f1-73e754db98a3,"[ShootingResult(nth=1, score=9.6, time=8.1, pointX=0.464884, pointY=0.441387, distance=2594, color='red'), ShootingResult(nth=2, score=10.1, time=9.5, pointX=0.454636, pointY=0.49226, distance=2591, color='red'), ShootingResult(nth=3, score=10.8, time=7.6, pointX=0.505091, pointY=0.480647, distance=2589, color='red'), ShootingResult(nth=4, score=9.5, time=9.9, pointX=0.474928, pointY=0.431417, distance=2594, color='red'), ShootingResult(nth=5, score=9.6, time=10.0, pointX=0.510069, pointY=0.43078, distance=2594, color='red'), ShootingResult(nth=6, score=9.8, time=9.6, pointX=0.446293, pointY=0.514644, distance=2594, color='red'), ShootingResult(nth=7, score=10.2, time=9.1, pointX=0.477099, pointY=0.467573, distance=2592, color='red'), ShootingResult(nth=8, score=10.9, time=7.5, pointX=0.50525, pointY=0.496246, distance=2591, color='red'), ShootingResult(nth=9, score=9.7, time=5.8, pointX=0.534315, pointY=0.447544, distance=2586, color='red'), ShootingResult(nth=10, score=10.2, time=6.0, pointX=0.520072, pointY=0.537198, distance=2592, color='red')]",10,"[0.49109499999999995, 0.47411000000000003]",0.04133499145481574,"[0.028126708588279568, 0.03464754211542284]",0.024412941817425236,입문
20250104-ea1663d8-c313-4537-9505-72847cfb1863,"[ShootingResult(nth=1, score=7.6, time=1.3, pointX=0.619503, pointY=0.621879, distance=2605, color='orange'), ShootingResult(nth=2, score=9.0, time=8.0, pointX=0.497501, pointY=0.400697, distance=2606, color='red'), ShootingResult(nth=3, score=6.6, time=7.7, pointX=0.289995, pointY=0.433661, distance=2611, color='green'), ShootingResult(nth=4, score=9.5, time=5.1, pointX=0.526538, pointY=0.567564, distance=2605, color='red'), ShootingResult(nth=5, score=6.2, time=5.4, pointX=0.598485, pointY=0.27723, distance=2608, color='green'), ShootingResult(nth=6, score=0.0, time=8.5, pointX=1.04278, pointY=0.336659, distance=2609, color='blue'), ShootingResult(nth=7, score=9.1, time=15.4, pointX=0.421721, pointY=0.555474, distance=2607, color='red'), ShootingResult(nth=8, score=7.8, time=4.8, pointX=0.659499, pointY=0.486181, distance=2610, color='orange'), ShootingResult(nth=9, score=0.0, time=4.4, pointX=1.03315, pointY=0.527571, distance=2609, color='blue'), ShootingResult(nth=10, score=10.1, time=17.7, pointX=0.487662, pointY=0.459379, distance=2610, color='red')]",10,"[0.5625115, 0.47278]",0.21424423799804865,"[0.23256780867832935, 0.10224027634181158]",0.06686027203028985,입문
20250104-e1c6a500-ce8d-47fb-81b8-74775a86d134,"[ShootingResult(nth=1, score=9.1, time=3.0, pointX=0.446092, pointY=0.422502, distance=2629, color='red'), ShootingResult(nth=2, score=10.2, time=6.9, pointX=0.538933, pointY=0.501951, distance=2635, color='red'), ShootingResult(nth=3, score=10.3, time=8.1, pointX=0.495023, pointY=0.463694, distance=2628, color='red'), ShootingResult(nth=4, score=9.8, time=8.6, pointX=0.542185, pointY=0.539178, distance=2629, color='red'), ShootingResult(nth=5, score=9.8, time=7.6, pointX=0.553722, pointY=0.484064, distance=2630, color='red'), ShootingResult(nth=6, score=10.0, time=9.5, pointX=0.532908, pointY=0.534525, distance=2626, color='red'), ShootingResult(nth=7, score=10.8, time=7.9, pointX=0.519907, pointY=0.497041, distance=2636, color='red'), ShootingResult(nth=8, score=9.4, time=7.8, pointX=0.485409, pointY=0.420937, distance=2629, color='red'), ShootingResult(nth=9, score=10.1, time=7.1, pointX=0.490334, pointY=0.456183, distance=2633, color='red'), ShootingResult(nth=10, score=9.8, time=6.3, pointX=0.4547, pointY=0.533512, distance=2630, color='red')]",10,"[0.507465, 0.4905525]",0.050547067392280355,"[0.035495457461624594, 0.041794425551860394]",0.028614122907093895,입문
20250104-16b335a6-73da-4fe5-90a0-bd980753fd19,"[ShootingResult(nth=1, score=8.3, time=3.7, pointX=0.398863, pointY=0.41412, distance=2588, color='orange'), ShootingResult(nth=2, score=8.4, time=6.5, pointX=0.36974, pointY=0.514103, distance=2583, color='orange'), ShootingResult(nth=3, score=9.2, time=5.7, pointX=0.474947, pointY=0.415952, distance=2590, color='red'), ShootingResult(nth=4, score=8.9, time=7.2, pointX=0.431625, pointY=0.422781, distance=2583, color='orange'), ShootingResult(nth=5, score=9.1, time=7.6, pointX=0.474199, pointY=0.408255, distance=2588, color='red'), ShootingResult(nth=6, score=9.5, time=10.2, pointX=0.489925, pointY=0.425946, distance=2586, color='red'), ShootingResult(nth=7, score=10.0, time=9.6, pointX=0.49485, pointY=0.450713, distance=2589, color='red'), ShootingResult(nth=8, score=9.6, time=9.6, pointX=0.460981, pointY=0.447413, distance=2590, color='red'), ShootingResult(nth=9, score=9.6, time=6.4, pointX=0.451644, pointY=0.45265, distance=2587, color='red'), ShootingResult(nth=10, score=8.6, time=9.7, pointX=0.469104, pointY=0.382494, distance=2593, color='orange')]",10,"[0.4650425, 0.4243635]",0.042433635369611956,"[0.03830249385301171, 0.03383458416487485]",0.009650903100644245,입문
20250104-46c44f7e-eac9-4100-918a-bdb4ea42c7a5,"[ShootingResult(nth=1, score=9.4, time=2.1, pointX=0.572532, pointY=0.470256, distance=2635, color='red'), ShootingResult(nth=2, score=10.2, time=7.0, pointX=0.540944, pointY=0.49181, distance=2630, color='red'), ShootingResult(nth=3, score=9.7, time=7.6, pointX=0.550836, pointY=0.538639, distance=2630, color='red'), ShootingResult(nth=4, score=10.0, time=8.9, pointX=0.514599, pointY=0.545007, distance=2634, color='red'), ShootingResult(nth=5, score=10.1, time=7.3, pointX=0.540982, pointY=0.483687, distance=2632, color='red'), ShootingResult(nth=6, score=10.1, time=6.6, pointX=0.514574, pointY=0.540105, distance=2633, color='red'), ShootingResult(nth=7, score=9.2, time=7.7, pointX=0.576341, pointY=0.542149, distance=2634, color='red'), ShootingResult(nth=8, score=10.1, time=8.5, pointX=0.520812, pointY=0.537947, distance=2628, color='red'), ShootingResult(nth=9, score=9.5, time=6.8, pointX=0.556236, pointY=0.450676, distance=2635, color='red'), ShootingResult(nth=10, score=10.1, time=9.1, pointX=0.456078, pointY=0.492667, distance=2634, color='red')]",10,"[0.540963, 0.515307]",0.04403689461325967,"[0.03339208802456055, 0.033442804532664405]",0.024710310954458012,입문
20250104-0f060491-5116-45da-a03c-aa9f527570d9,"[ShootingResult(nth=1, score=10.0, time=2.2, pointX=0.459792, pointY=0.527473, distance=2611, color='red'), ShootingResult(nth=2, score=7.7, time=9.9, pointX=0.397142, pointY=0.372684, distance=2609, color='orange'), ShootingResult(nth=3, score=2.3, time=7.6, pointX=0.37462, pointY=0.0755347, distance=2607, color='blue'), ShootingResult(nth=4, score=8.0, time=4.6, pointX=0.460849, pointY=0.355786, distance=2609, color='orange'), ShootingResult(nth=5, score=5.4, time=11.8, pointX=0.519873, pointY=0.214649, distance=2609, color='green'), ShootingResult(nth=6, score=8.5, time=4.9, pointX=0.497868, pointY=0.375256, distance=2607, color='orange'), ShootingResult(nth=7, score=6.0, time=6.1, pointX=0.381209, pointY=0.725917, distance=2608, color='green'), ShootingResult(nth=8, score=2.9, time=3.9, pointX=0.475819, pointY=0.0879033, distance=2609, color='blue'), ShootingResult(nth=9, score=0.0, time=1.7, pointX=0.0645635, pointY=-0.0335806, distance=2606, color='blue'), ShootingResult(nth=10, score=6.5, time=2.8, pointX=0.598554, pointY=0.293398, distance=2609, color='green')]",10,"[0.4603205, 0.324592]",0.20866903483009985,"[0.135873953240209, 0.21475086996813866]",0.056823498121003374,입문
20250104-d18dfbaf-f72d-4e08-bb07-215bc8e90f4a,"[ShootingResult(nth=1, score=9.7, time=7.6, pointX=0.480005, pointY=0.559341, distance=2591, color='red'), ShootingResult(nth=2, score=9.5, time=4.8, pointX=0.533901, pointY=0.437668, distance=2593, color='red'), ShootingResult(nth=3, score=10.1, time=5.0, pointX=0.543907, pointY=0.48796, distance=2590, color='red'), ShootingResult(nth=4, score=9.8, time=7.2, pointX=0.449593, pointY=0.52378, distance=2590, color='red'), ShootingResult(nth=5, score=9.7, time=6.8, pointX=0.456165, pointY=0.452962, distance=2589, color='red'), ShootingResult(nth=6, score=9.7, time=5.0, pointX=0.475278, pointY=0.55906, distance=2590, color='red'), ShootingResult(nth=7, score=9.7, time=7.2, pointX=0.44186, pointY=0.483314, distance=2591, color='red'), ShootingResult(nth=8, score=9.9, time=14.3, pointX=0.494314, pointY=0.551809, distance=2588, color='red'), ShootingResult(nth=9, score=10.9, time=10.3, pointX=0.509845, pointY=0.491021, distance=2592, color='red'), ShootingResult(nth=10, score=9.8, time=8.8, pointX=0.545479, pointY=0.533539, distance=2584, color='red')]",10,"[0.48715949999999997, 0.5074005]",0.05411746194133478,"[0.036936637981955, 0.04163956889354163]",0.039820500476457604,입문
20250104-908d6471-7384-463e-a95e-0e73f3171d40,"[ShootingResult(nth=1, score=9.0, time=1.2, pointX=0.556048, pointY=0.582845, distance=2601, color='red'), ShootingResult(nth=2, score=9.7, time=6.4, pointX=0.439039, pointY=0.503515, distance=2596, color='red'), ShootingResult(nth=3, score=10.1, time=5.6, pointX=0.463649, pointY=0.476158, distance=2597, color='red'), ShootingResult(nth=4, score=9.3, time=4.1, pointX=0.480818, pointY=0.420464, distance=2594, color='red'), ShootingResult(nth=5, score=9.9, time=4.3, pointX=0.544989, pointY=0.53049, distance=2598, color='red'), ShootingResult(nth=6, score=10.9, time=13.9, pointX=0.500449, pointY=0.48804, distance=2600, color='red'), ShootingResult(nth=7, score=10.9, time=4.7, pointX=0.485692, pointY=0.503986, distance=2596, color='red'), ShootingResult(nth=8, score=9.6, time=4.2, pointX=0.431031, pointY=0.486137, distance=2596, color='red'), ShootingResult(nth=9, score=9.6, time=6.1, pointX=0.476674, pointY=0.565295, distance=2599, color='red'), ShootingResult(nth=10, score=10.3, time=6.1, pointX=0.47094, pointY=0.474506, distance=2596, color='red')]",10,"[0.478746, 0.4957775]",0.05064503552722639,"[0.03827666462598327, 0.04457059235235716]",0.01935193253637591,입문
20250104-c7c18431-0ff3-4e5d-9239-f329f0e96d5c,"[ShootingResult(nth=1, score=9.5, time=4.5, pointX=0.504954, pointY=0.575069, distance=2627, color='red'), ShootingResult(nth=2, score=8.7, time=7.3, pointX=0.583863, pointY=0.575923, distance=2633, color='orange'), ShootingResult(nth=3, score=9.3, time=6.5, pointX=0.580589, pointY=0.514751, distance=2636, color='red'), ShootingResult(nth=4, score=10.9, time=11.3, pointX=0.510831, pointY=0.490813, distance=2630, color='red'), ShootingResult(nth=5, score=10.0, time=8.0, pointX=0.495222, pointY=0.450561, distance=2633, color='red'), ShootingResult(nth=6, score=9.3, time=7.7, pointX=0.581577, pointY=0.510407, distance=2634, color='red'), ShootingResult(nth=7, score=10.5, time=10.4, pointX=0.484678, pointY=0.527104, distance=2629, color='red'), ShootingResult(nth=8, score=10.8, time=6.3, pointX=0.500187, pointY=0.518985, distance=2630, color='red'), ShootingResult(nth=9, score=9.7, time=6.2, pointX=0.547506, pointY=0.458829, distance=2631, color='red'), ShootingResult(nth=10, score=9.4, time=8.9, pointX=0.57162, pointY=0.528139, distance=2633, color='red')]",10,"[0.5291685, 0.516868]",0.053365205686126425,"[0.03864462730587526, 0.039457087927139284]",0.037434647094933826,입문
20250104-a538d29e-7cb3-4113-a4a4-dc6b937778d7,"[ShootingResult(nth=1, score=4.8, time=6.1, pointX=0.314278, pointY=0.245845, distance=2605, color='blue'), ShootingResult(nth=2, score=8.5, time=7.5, pointX=0.424372, pointY=0.600603, distance=2607, color='orange'), ShootingResult(nth=3, score=5.5, time=6.2, pointX=0.551547, pointY=0.227342, distance=2608, color='green'), ShootingResult(nth=4, score=3.7, time=4.2, pointX=0.845047, pointY=0.357567, distance=2606, color='blue'), ShootingResult(nth=5, score=10.2, time=9.7, pointX=0.530791, pointY=0.526929, distance=2606, color='red'), ShootingResult(nth=6, score=6.5, time=4.6, pointX=0.281951, pointY=0.43846, distance=2606, color='green'), ShootingResult(nth=7, score=10.6, time=7.1, pointX=0.52005, pointY=0.481637, distance=2606, color='red'), ShootingResult(nth=8, score=9.6, time=7.4, pointX=0.444966, pointY=0.541673, distance=2610, color='red'), ShootingResult(nth=9, score=6.5, time=26.6, pointX=0.608395, pointY=0.299553, distance=2605, color='green'), ShootingResult(nth=10, score=8.7, time=4.5, pointX=0.610059, pointY=0.52635, distance=2608, color='orange')]",10,"[0.5254205000000001, 0.46004849999999997]",0.1780271160098712,"[0.15361815268268267, 0.12647015172241236]",0.08155358548305854,입문
20250104-898fa422-3fa9-43a2-9148-5ab8e369cf8f,"[ShootingResult(nth=1, score=8.0, time=9.3, pointX=0.396677, pointY=0.393021, distance=2584, color='orange'), ShootingResult(nth=2, score=10.0, time=6.0, pointX=0.454596, pointY=0.514825, distance=2589, color='red'), ShootingResult(nth=3, score=7.5, time=10.5, pointX=0.377252, pointY=0.373513, distance=2587, color='orange'), ShootingResult(nth=4, score=9.2, time=5.6, pointX=0.422269, pointY=0.455566, distance=2589, color='red'), ShootingResult(nth=5, score=10.7, time=9.0, pointX=0.519742, pointY=0.491592, distance=2589, color='red'), ShootingResult(nth=6, score=10.0, time=4.2, pointX=0.465778, pointY=0.467348, distance=2589, color='red'), ShootingResult(nth=7, score=10.4, time=6.2, pointX=0.510253, pointY=0.470313, distance=2589, color='red'), ShootingResult(nth=8, score=9.3, time=5.6, pointX=0.480309, pointY=0.578559, distance=2591, color='red'), ShootingResult(nth=9, score=10.1, time=5.9, pointX=0.536123, pointY=0.5277, distance=2590, color='red'), ShootingResult(nth=10, score=10.4, time=13.9, pointX=0.483677, pointY=0.46934, distance=2591, color='red')]",10,"[0.4730435, 0.4698265]",0.06471572883073252,"[0.04998762177619576, 0.0573295076170204]",0.02364995404677045,입문
20250104-e6ef9eef-6f4e-4ac2-a543-32294ce22162,"[ShootingResult(nth=1, score=9.5, time=2.5, pointX=0.562619, pointY=0.532482, distance=2628, color='red'), ShootingResult(nth=2, score=10.9, time=5.9, pointX=0.506518, pointY=0.491273, distance=2634, color='red'), ShootingResult(nth=3, score=10.4, time=9.0, pointX=0.52199, pointY=0.475905, distance=2634, color='red'), ShootingResult(nth=4, score=9.4, time=6.4, pointX=0.564457, pointY=0.45646, distance=2636, color='red'), ShootingResult(nth=5, score=9.2, time=6.1, pointX=0.544715, pointY=0.424515, distance=2635, color='red'), ShootingResult(nth=6, score=9.3, time=9.2, pointX=0.525838, pointY=0.42319, distance=2632, color='red'), ShootingResult(nth=7, score=10.1, time=7.7, pointX=0.545852, pointY=0.497159, distance=2629, color='red'), ShootingResult(nth=8, score=9.3, time=6.8, pointX=0.516326, pointY=0.416737, distance=2634, color='red'), ShootingResult(nth=9, score=10.3, time=8.9, pointX=0.52198, pointY=0.470745, distance=2633, color='red'), ShootingResult(nth=10, score=10.7, time=8.8, pointX=0.511843, pointY=0.480685, distance=2633, color='red')]",10,"[0.523914, 0.473325]",0.03528977655607528,"[0.019707749814730235, 0.035254672630588985]",0.01302113237367658,입문
20250104-ad4a5ebf-7c62-448b-ae1e-8289fed4a52f,"[ShootingResult(nth=1, score=10.7, time=1.3, pointX=0.515699, pointY=0.517726, distance=2586, color='red'), ShootingResult(nth=2, score=9.7, time=6.9, pointX=0.451455, pointY=0.457847, distance=2587, color='red'), ShootingResult(nth=3, score=10.1, time=6.3, pointX=0.524108, pointY=0.462466, distance=2584, color='red'), ShootingResult(nth=4, score=10.5, time=4.9, pointX=0.48871, pointY=0.474197, distance=2584, color='red'), ShootingResult(nth=5, score=10.5, time=4.9, pointX=0.528738, pointY=0.491784, distance=2588, color='red'), ShootingResult(nth=6, score=10.5, time=6.1, pointX=0.493949, pointY=0.529543, distance=2590, color='red'), ShootingResult(nth=7, score=9.9, time=4.9, pointX=0.489649, pointY=0.45099, distance=2586, color='red'), ShootingResult(nth=8, score=10.5, time=5.3, pointX=0.473715, pointY=0.491085, distance=2590, color='red'), ShootingResult(nth=9, score=10.9, time=7.7, pointX=0.509997, pointY=0.491179, distance=2588, color='red'), ShootingResult(nth=10, score=10.2, time=9.8, pointX=0.525441, pointY=0.470656, distance=2590, color='red')]",10,"[0.501973, 0.482641]",0.031701471358371,"[0.023914928598889877, 0.024258625443540693]",0.019053036857833647,입문
20250104-207d32e1-6d10-4625-9fcf-c02b1ab8111e,"[ShootingResult(nth=1, score=6.2, time=7.2, pointX=0.298016, pointY=0.635695, distance=2607, color='green'), ShootingResult(nth=2, score=8.6, time=6.2, pointX=0.581165, pointY=0.415891, distance=2605, color='orange'), ShootingResult(nth=3, score=7.3, time=5.9, pointX=0.555931, pointY=0.325087, distance=2604, color='orange'), ShootingResult(nth=4, score=6.1, time=4.3, pointX=0.731344, pointY=0.412873, distance=2613, color='green'), ShootingResult(nth=5, score=7.0, time=4.5, pointX=0.546364, pointY=0.305351, distance=2609, color='orange'), ShootingResult(nth=6, score=0.0, time=5.5, pointX=0.953802, pointY=0.14753, distance=2613, color='blue'), ShootingResult(nth=7, score=8.0, time=5.2, pointX=0.421176, pointY=0.370851, distance=2609, color='orange'), ShootingResult(nth=8, score=5.4, time=10.3, pointX=0.301563, pointY=0.296744, distance=2610, color='green'), ShootingResult(nth=9, score=5.4, time=13.2, pointX=0.388752, pointY=0.237813, distance=2608, color='green'), ShootingResult(nth=10, score=1.7, time=2.7, pointX=0.452595, pointY=0.0262164, distance=2603, color='blue')]",10,"[0.49947949999999997, 0.315219]",0.20719863404709155,"[0.1915752310779241, 0.156074668686422]",0.07048570100509494,입문
20250104-19e62ff3-f2a3-4f9c-b6ce-576c60a6a89b,"[ShootingResult(nth=1, score=10.6, time=2.6, pointX=0.516073, pointY=0.478458, distance=2600, color='red'), ShootingResult(nth=2, score=10.1, time=5.3, pointX=0.469505, pointY=0.530021, distance=2596, color='red'), ShootingResult(nth=3, score=10.2, time=6.2, pointX=0.473085, pointY=0.531091, distance=2601, color='red'), ShootingResult(nth=4, score=10.1, time=6.3, pointX=0.455999, pointY=0.508743, distance=2599, color='red'), ShootingResult(nth=5, score=10.8, time=5.9, pointX=0.480972, pointY=0.493877, distance=2599, color='red'), ShootingResult(nth=6, score=10.0, time=6.1, pointX=0.495812, pointY=0.54781, distance=2598, color='red'), ShootingResult(nth=7, score=10.5, time=6.1, pointX=0.510736, pointY=0.528827, distance=2597, color='red'), ShootingResult(nth=8, score=9.5, time=5.5, pointX=0.538791, pointY=0.437161, distance=2597, color='red'), ShootingResult(nth=9, score=10.6, time=5.2, pointX=0.485392, pointY=0.478231, distance=2600, color='red'), ShootingResult(nth=10, score=9.5, time=4.4, pointX=0.458263, pointY=0.442175, distance=2600, color='red')]",10,"[0.483182, 0.5013099999999999]",0.03986122252025905,"[0.025441501684452517, 0.036432577834130814]",0.019196135349129305,입문
20250104-fd249f55-39a8-452d-883d-011d8d492acd,"[ShootingResult(nth=1, score=9.3, time=0.4, pointX=0.517791, pointY=0.418667, distance=2603, color='red'), ShootingResult(nth=2, score=7.3, time=13.0, pointX=0.445258, pointY=0.319622, distance=2613, color='orange'), ShootingResult(nth=3, score=5.7, time=5.2, pointX=0.681734, pointY=0.301023, distance=2606, color='green'), ShootingResult(nth=4, score=9.0, time=5.6, pointX=0.481581, pointY=0.402619, distance=2609, color='red'), ShootingResult(nth=5, score=8.4, time=9.1, pointX=0.570431, pointY=0.606613, distance=2605, color='orange'), ShootingResult(nth=6, score=9.2, time=7.6, pointX=0.412665, pointY=0.498731, distance=2606, color='red'), ShootingResult(nth=7, score=7.1, time=6.4, pointX=0.616928, pointY=0.343974, distance=2606, color='orange'), ShootingResult(nth=8, score=7.8, time=33.6, pointX=0.624021, pointY=0.402294, distance=2607, color='orange'), ShootingResult(nth=9, score=9.2, time=6.2, pointX=0.445254, pointY=0.4319, distance=2607, color='red'), ShootingResult(nth=10, score=9.2, time=5.4, pointX=0.41806, pointY=0.467728, distance=2608, color='red')]",10,"[0.49968599999999996, 0.410643]",0.11078646584579477,"[0.09135893071621407, 0.08606189119749807]",0.04734359436287283,입문
20250104-e78c7de4-1ec6-4cef-9419-2e0b56e071e4,"[ShootingResult(nth=1, score=9.0, time=12.8, pointX=0.535719, pointY=0.408812, distance=2588, color='red'), ShootingResult(nth=2, score=7.6, time=9.1, pointX=0.515493, pointY=0.328191, distance=2591, color='orange'), ShootingResult(nth=3, score=10.6, time=10.5, pointX=0.51515, pointY=0.48079, distance=2588, color='red'), ShootingResult(nth=4, score=9.7, time=8.2, pointX=0.557811, pointY=0.474774, distance=2588, color='red'), ShootingResult(nth=5, score=9.1, time=18.9, pointX=0.417131, pointY=0.542469, distance=2587, color='red'), ShootingResult(nth=6, score=8.7, time=9.2, pointX=0.48373, pointY=0.3857, distance=2588, color='orange'), ShootingResult(nth=7, score=8.5, time=7.6, pointX=0.388852, pointY=0.441398, distance=2589, color='orange'), ShootingResult(nth=8, score=9.6, time=6.6, pointX=0.435893, pointY=0.52861, distance=2583, color='red'), ShootingResult(nth=9, score=9.9, time=7.2, pointX=0.450741, pointY=0.488148, distance=2587, color='red'), ShootingResult(nth=10, score=10.4, time=8.6, pointX=0.509988, pointY=0.469978, distance=2584, color='red')]",10,"[0.496859, 0.472376]",0.0752229982728756,"[0.05255337388179753, 0.062168926453655286]",0.03618330870137728,입문
20250104-e6dcf558-78ce-421e-9c21-2565d4c4efe6,"[ShootingResult(nth=1, score=8.5, time=22.9, pointX=0.626204, pointY=0.510499, distance=2636, color='orange'), ShootingResult(nth=2, score=9.7, time=7.9, pointX=0.558271, pointY=0.479094, distance=2638, color='red'), ShootingResult(nth=3, score=9.8, time=8.3, pointX=0.550421, pointY=0.474084, distance=2630, color='red'), ShootingResult(nth=4, score=8.8, time=6.3, pointX=0.586356, pointY=0.429956, distance=2631, color='orange'), ShootingResult(nth=5, score=9.9, time=6.2, pointX=0.545941, pointY=0.528762, distance=2631, color='red'), ShootingResult(nth=6, score=7.6, time=7.5, pointX=0.500724, pointY=0.330245, distance=2633, color='orange'), ShootingResult(nth=7, score=8.8, time=5.8, pointX=0.56526, pointY=0.41192, distance=2631, color='orange'), ShootingResult(nth=8, score=9.8, time=8.0, pointX=0.549653, pointY=0.523792, distance=2632, color='red'), ShootingResult(nth=9, score=9.7, time=11.8, pointX=0.546996, pointY=0.538778, distance=2641, color='red'), ShootingResult(nth=10, score=9.6, time=9.2, pointX=0.534342, pointY=0.443365, distance=2633, color='red')]",10,"[0.550037, 0.47658900000000004]",0.057303459506066634,"[0.031172786942459927, 0.06160125905247392]",0.017122926912078007,입문
20250104-77e9a338-f53f-4862-b807-98aa75223ea4,"[ShootingResult(nth=1, score=9.8, time=4.6, pointX=0.444032, pointY=0.520579, distance=2594, color='red'), ShootingResult(nth=2, score=9.9, time=0.1, pointX=0.514834, pointY=0.551443, distance=2595, color='red'), ShootingResult(nth=3, score=8.7, time=2.5, pointX=0.552049, pointY=0.602168, distance=2590, color='orange'), ShootingResult(nth=4, score=10.6, time=1.6, pointX=0.48029, pointY=0.51394, distance=2597, color='red'), ShootingResult(nth=5, score=9.7, time=0.3, pointX=0.472357, pointY=0.555051, distance=2593, color='red'), ShootingResult(nth=6, score=8.6, time=0.7, pointX=0.435222, pointY=0.601232, distance=2595, color='orange'), ShootingResult(nth=7, score=9.0, time=0.4, pointX=0.426965, pointY=0.563091, distance=2597, color='red'), ShootingResult(nth=8, score=8.5, time=0.1, pointX=0.457761, pointY=0.617252, distance=2599, color='orange'), ShootingResult(nth=9, score=9.1, time=0.2, pointX=0.561408, pointY=0.569248, distance=2595, color='red'), ShootingResult(nth=10, score=10.3, time=0.4, pointX=0.529708, pointY=0.4754, distance=2596, color='red')]",10,"[0.4763235, 0.559071]",0.05819991013283375,"[0.046486836739447014, 0.042056975053372546]",0.03229229336903096,입문
20250104-ae3053c5-be80-4730-9abb-ae03eba3ca93,"[ShootingResult(nth=1, score=2.9, time=1.5, pointX=0.495669, pointY=0.910503, distance=2598, color='blue'), ShootingResult(nth=2, score=1.2, time=13.3, pointX=0.596581, pointY=0.990491, distance=2596, color='blue'), ShootingResult(nth=3, score=0.0, time=10.0, pointX=0.375249, pointY=1.02803, distance=2599, color='blue'), ShootingResult(nth=4, score=0.0, time=0.0, pointX=0.0, pointY=0.0, distance=0, color='gray'), ShootingResult(nth=5, score=0.0, time=0.0, pointX=0.0, pointY=0.0, distance=0, color='gray'), ShootingResult(nth=6, score=0.0, time=37.2, pointX=0.0616724, pointY=0.882781, distance=2599, color='blue'), ShootingResult(nth=7, score=4.3, time=4.6, pointX=0.407004, pointY=0.169883, distance=2597, color='blue'), ShootingResult(nth=8, score=7.5, time=2.8, pointX=0.382517, pointY=0.630344, distance=2599, color='orange'), ShootingResult(nth=9, score=3.0, time=3.5, pointX=0.714501, pointY=0.155262, distance=2595, color='blue'), ShootingResult(nth=10, score=5.9, time=4.2, pointX=0.332189, pointY=0.301233, distance=2597, color='green')]",10,"[0.37888299999999997, 0.4657885]",0.4405026396050272,"[0.23376586496937146, 0.4022786242066685]",0.2795326335772286,입문
20250104-1af15947-3959-4b85-92cb-5190337b2843,"[ShootingResult(nth=1, score=9.9, time=0.0, pointX=0.551264, pointY=0.513124, distance=2605, color='red'), ShootingResult(nth=2, score=7.9, time=5.0, pointX=0.487289, pointY=0.34463, distance=2607, color='orange'), ShootingResult(nth=3, score=6.9, time=7.3, pointX=0.481684, pointY=0.29172, distance=2609, color='green'), ShootingResult(nth=4, score=1.7, time=8.0, pointX=0.241766, pointY=0.105036, distance=2611, color='blue'), ShootingResult(nth=5, score=8.4, time=5.4, pointX=0.559465, pointY=0.386913, distance=2610, color='orange'), ShootingResult(nth=6, score=9.8, time=4.4, pointX=0.443925, pointY=0.499404, distance=2611, color='red'), ShootingResult(nth=7, score=7.9, time=3.3, pointX=0.624047, pointY=0.407855, distance=2610, color='orange'), ShootingResult(nth=8, score=7.5, time=9.4, pointX=0.476739, pointY=0.323676, distance=2609, color='orange'), ShootingResult(nth=9, score=8.3, time=5.4, pointX=0.569243, pointY=0.382658, distance=2606, color='orange'), ShootingResult(nth=10, score=6.9, time=15.2, pointX=0.476288, pointY=0.292318, distance=2604, color='green')]",10,"[0.48448650000000004, 0.36364399999999997]",0.11755491001562335,"[0.09848675321686669, 0.1104247173826585]",0.027011090612702793,입문
20250104-867583a0-6b53-4eb7-8828-298db2319b06,"[ShootingResult(nth=1, score=9.0, time=3.5, pointX=0.490855, pointY=0.600703, distance=2637, color='red'), ShootingResult(nth=2, score=10.1, time=5.3, pointX=0.501183, pointY=0.456829, distance=2636, color='red'), ShootingResult(nth=3, score=10.6, time=5.8, pointX=0.490779, pointY=0.522458, distance=2635, color='red'), ShootingResult(nth=4, score=9.8, time=7.7, pointX=0.5478, pointY=0.464682, distance=2636, color='red'), ShootingResult(nth=5, score=8.7, time=5.5, pointX=0.465494, pointY=0.389871, distance=2628, color='orange'), ShootingResult(nth=6, score=9.4, time=6.0, pointX=0.549692, pointY=0.43901, distance=2634, color='red'), ShootingResult(nth=7, score=9.0, time=4.8, pointX=0.50122, pointY=0.402381, distance=2632, color='red'), ShootingResult(nth=8, score=9.4, time=7.4, pointX=0.572339, pointY=0.475318, distance=2635, color='red'), ShootingResult(nth=9, score=8.8, time=6.4, pointX=0.597208, pointY=0.456386, distance=2632, color='orange'), ShootingResult(nth=10, score=10.7, time=8.7, pointX=0.480294, pointY=0.491856, distance=2629, color='red')]",10,"[0.5012015000000001, 0.4607555]",0.06506775902810066,"[0.041607035254149015, 0.05716775270412507]",0.030546701799779585,입문
20250104-350dfd8c-3506-47ef-800d-456418c9e217,"[ShootingResult(nth=1, score=9.2, time=6.0, pointX=0.584264, pointY=0.527929, distance=2590, color='red'), ShootingResult(nth=2, score=10.2, time=4.9, pointX=0.538276, pointY=0.486688, distance=2592, color='red'), ShootingResult(nth=3, score=10.7, time=4.1, pointX=0.478744, pointY=0.501138, distance=2589, color='red'), ShootingResult(nth=4, score=10.3, time=6.7, pointX=0.526726, pointY=0.47418, distance=2587, color='red'), ShootingResult(nth=5, score=10.0, time=6.2, pointX=0.523807, pointY=0.457753, distance=2590, color='red'), ShootingResult(nth=6, score=9.3, time=6.0, pointX=0.5468, pointY=0.56742, distance=2588, color='red'), ShootingResult(nth=7, score=10.8, time=5.8, pointX=0.519838, pointY=0.50119, distance=2587, color='red'), ShootingResult(nth=8, score=9.6, time=11.5, pointX=0.514536, pointY=0.432132, distance=2589, color='red'), ShootingResult(nth=9, score=10.5, time=7.4, pointX=0.524572, pointY=0.516191, distance=2587, color='red'), ShootingResult(nth=10, score=10.1, time=8.5, pointX=0.532394, pointY=0.468425, distance=2586, color='red')]",10,"[0.525649, 0.493913]",0.03829895211163124,"[0.02517751677211237, 0.03657020379543981]",0.015582262761046378,입문
20250104-066f7aaa-78fa-459d-8083-509dfc208279,"[ShootingResult(nth=1, score=8.8, time=0.0, pointX=0.571439, pointY=0.415501, distance=2607, color='orange'), ShootingResult(nth=2, score=8.5, time=4.1, pointX=0.617529, pointY=0.453155, distance=2613, color='orange'), ShootingResult(nth=3, score=7.0, time=3.5, pointX=0.572332, pointY=0.31289, distance=2615, color='orange'), ShootingResult(nth=4, score=0.0, time=23.0, pointX=0.603036, pointY=-0.0901963, distance=2606, color='blue'), ShootingResult(nth=5, score=8.5, time=4.1, pointX=0.576914, pointY=0.40012, distance=2608, color='orange'), ShootingResult(nth=6, score=9.4, time=4.2, pointX=0.547766, pointY=0.438735, distance=2609, color='red'), ShootingResult(nth=7, score=8.0, time=6.3, pointX=0.355762, pointY=0.457062, distance=2611, color='orange'), ShootingResult(nth=8, score=4.2, time=6.4, pointX=0.49836, pointY=0.15282, distance=2611, color='blue'), ShootingResult(nth=9, score=7.8, time=7.7, pointX=0.388808, pointY=0.384288, distance=2607, color='orange'), ShootingResult(nth=10, score=10.0, time=4.6, pointX=0.536802, pointY=0.469457, distance=2610, color='red')]",10,"[0.5596025, 0.40781049999999996]",0.14454843289615063,"[0.08382426605440695, 0.1688573005615099]",0.0017252978025459886,입문
20250104-22b518dc-0765-40e1-84a7-914b5931d4df,"[ShootingResult(nth=1, score=8.7, time=4.6, pointX=0.591835, pointY=0.57082, distance=2634, color='orange'), ShootingResult(nth=2, score=10.4, time=5.9, pointX=0.530431, pointY=0.517132, distance=2629, color='red'), ShootingResult(nth=3, score=10.5, time=5.9, pointX=0.47487, pointY=0.517269, distance=2632, color='red'), ShootingResult(nth=4, score=10.9, time=6.2, pointX=0.505524, pointY=0.502072, distance=2637, color='red'), ShootingResult(nth=5, score=10.5, time=6.4, pointX=0.529242, pointY=0.502006, distance=2632, color='red'), ShootingResult(nth=6, score=10.0, time=5.1, pointX=0.500268, pointY=0.546969, distance=2628, color='red'), ShootingResult(nth=7, score=9.4, time=6.0, pointX=0.571837, pointY=0.47519, distance=2632, color='red'), ShootingResult(nth=8, score=9.9, time=5.7, pointX=0.529187, pointY=0.45893, distance=2632, color='red'), ShootingResult(nth=9, score=9.7, time=5.9, pointX=0.54808, pointY=0.459189, distance=2631, color='red'), ShootingResult(nth=10, score=9.2, time=6.5, pointX=0.566788, pointY=0.44526, distance=2633, color='red')]",10,"[0.5298365, 0.5020389999999999]",0.04507149276599624,"[0.03398080950713211, 0.038448954511273774]",0.019915866480913463,입문
20250104-9207f535-7718-4d26-ba56-cc4f614ae443,"[ShootingResult(nth=1, score=9.4, time=8.7, pointX=0.541876, pointY=0.567508, distance=2584, color='red'), ShootingResult(nth=2, score=7.8, time=10.2, pointX=0.355801, pointY=0.572641, distance=2593, color='orange'), ShootingResult(nth=3, score=9.3, time=9.2, pointX=0.523585, pointY=0.579058, distance=2592, color='red'), ShootingResult(nth=4, score=9.7, time=10.9, pointX=0.451699, pointY=0.5393, distance=2588, color='red'), ShootingResult(nth=5, score=9.6, time=10.9, pointX=0.437353, pointY=0.478816, distance=2589, color='red'), ShootingResult(nth=6, score=10.5, time=8.1, pointX=0.483376, pointY=0.474559, distance=2590, color='red'), ShootingResult(nth=7, score=10.0, time=12.6, pointX=0.499544, pointY=0.450253, distance=2588, color='red'), ShootingResult(nth=8, score=10.8, time=15.4, pointX=0.499318, pointY=0.518973, distance=2592, color='red'), ShootingResult(nth=9, score=9.7, time=8.4, pointX=0.445239, pointY=0.464846, distance=2586, color='red'), ShootingResult(nth=10, score=10.8, time=8.8, pointX=0.480381, pointY=0.501211, distance=2589, color='red')]",10,"[0.4818785, 0.510092]",0.05855463629595642,"[0.05007877491672495, 0.045421320873021725]",0.022988494908419553,입문
20250104-004949d6-f115-4a60-822c-1be74bfa4a7f,"[ShootingResult(nth=1, score=9.5, time=2.2, pointX=0.438313, pointY=0.538608, distance=2594, color='red'), ShootingResult(nth=2, score=7.5, time=4.1, pointX=0.373757, pointY=0.381004, distance=2600, color='orange'), ShootingResult(nth=3, score=6.2, time=5.3, pointX=0.275346, pointY=0.408368, distance=2595, color='green'), ShootingResult(nth=4, score=6.1, time=10.6, pointX=0.605132, pointY=0.275032, distance=2596, color='green'), ShootingResult(nth=5, score=7.0, time=0.0, pointX=0.49556, pointY=0.299572, distance=2591, color='orange'), ShootingResult(nth=6, score=7.0, time=0.4, pointX=0.495697, pointY=0.704116, distance=2599, color='orange'), ShootingResult(nth=7, score=7.5, time=0.8, pointX=0.32631, pointY=0.481142, distance=2596, color='orange'), ShootingResult(nth=8, score=1.1, time=2.6, pointX=0.893359, pointY=0.82039, distance=2597, color='blue'), ShootingResult(nth=9, score=6.2, time=0.5, pointX=0.375376, pointY=0.708336, distance=2596, color='green'), ShootingResult(nth=10, score=9.6, time=0.3, pointX=0.568403, pointY=0.494206, distance=2602, color='red')]",10,"[0.4669365, 0.487674]",0.209185763339157,"[0.1685465614398882, 0.1736974733427058]",0.083949057170142,입문
20250104-5e1c608d-33dd-4e1e-aa9e-72bdb20b18b7,"[ShootingResult(nth=1, score=7.8, time=0.2, pointX=0.593778, pointY=0.367971, distance=2610, color='orange'), ShootingResult(nth=2, score=5.3, time=21.4, pointX=0.408655, pointY=0.224214, distance=2608, color='green'), ShootingResult(nth=3, score=4.5, time=4.3, pointX=0.586288, pointY=0.180178, distance=2613, color='blue'), ShootingResult(nth=4, score=8.7, time=7.5, pointX=0.4618, pointY=0.390599, distance=2608, color='orange'), ShootingResult(nth=5, score=8.4, time=8.1, pointX=0.410746, pointY=0.594738, distance=2604, color='orange'), ShootingResult(nth=6, score=8.0, time=5.6, pointX=0.394267, pointY=0.394836, distance=2611, color='orange'), ShootingResult(nth=7, score=5.0, time=9.0, pointX=0.796945, pointY=0.426299, distance=2607, color='green'), ShootingResult(nth=8, score=5.7, time=5.5, pointX=0.64716, pointY=0.278388, distance=2609, color='green'), ShootingResult(nth=9, score=2.9, time=7.1, pointX=0.0960453, pointY=0.409774, distance=2607, color='blue'), ShootingResult(nth=10, score=9.6, time=17.0, pointX=0.472666, pointY=0.562912, distance=2607, color='red')]",10,"[0.467233, 0.3927175]",0.19260035119050017,"[0.17810519547168777, 0.12550302490334644]",0.08840620086105508,입문
20250104-7d37c2b3-534d-4a96-b4fb-39eeb9ba37dc,"[ShootingResult(nth=1, score=9.8, time=12.4, pointX=0.532628, pointY=0.548378, distance=2587, color='red'), ShootingResult(nth=2, score=9.5, time=9.2, pointX=0.519621, pointY=0.427089, distance=2588, color='red'), ShootingResult(nth=3, score=10.9, time=7.8, pointX=0.491309, pointY=0.488289, distance=2583, color='red'), ShootingResult(nth=4, score=10.6, time=7.8, pointX=0.488507, pointY=0.523439, distance=2586, color='red'), ShootingResult(nth=5, score=10.1, time=9.8, pointX=0.459407, pointY=0.480921, distance=2586, color='red'), ShootingResult(nth=6, score=10.9, time=6.9, pointX=0.505066, pointY=0.495873, distance=2588, color='red'), ShootingResult(nth=7, score=9.9, time=7.6, pointX=0.540895, pointY=0.528667, distance=2581, color='red'), ShootingResult(nth=8, score=10.9, time=9.1, pointX=0.489215, pointY=0.501194, distance=2592, color='red'), ShootingResult(nth=9, score=10.3, time=6.7, pointX=0.494091, pointY=0.461811, distance=2589, color='red'), ShootingResult(nth=10, score=10.6, time=6.4, pointX=0.482755, pointY=0.518116, distance=2583, color='red')]",10,"[0.4927, 0.4985335]",0.034605758273615776,"[0.023346201644807232, 0.03356347202853126]",0.011500726913367149,입문
20250104-b31c41c4-fff0-4437-a6d2-d2491f7a7112,"[ShootingResult(nth=1, score=9.5, time=13.1, pointX=0.567614, pointY=0.533241, distance=2633, color='red'), ShootingResult(nth=2, score=9.1, time=10.7, pointX=0.580948, pointY=0.542181, distance=2632, color='red'), ShootingResult(nth=3, score=10.2, time=6.2, pointX=0.54028, pointY=0.507093, distance=2632, color='red'), ShootingResult(nth=4, score=8.7, time=6.6, pointX=0.570524, pointY=0.413079, distance=2634, color='orange'), ShootingResult(nth=5, score=9.8, time=7.0, pointX=0.516023, pointY=0.442406, distance=2636, color='red'), ShootingResult(nth=6, score=10.4, time=7.1, pointX=0.511926, pointY=0.469844, distance=2631, color='red'), ShootingResult(nth=7, score=10.3, time=5.8, pointX=0.479609, pointY=0.469981, distance=2633, color='red'), ShootingResult(nth=8, score=8.7, time=7.1, pointX=0.501285, pointY=0.386321, distance=2633, color='orange'), ShootingResult(nth=9, score=10.3, time=6.7, pointX=0.530717, pointY=0.482344, distance=2629, color='red'), ShootingResult(nth=10, score=9.9, time=8.0, pointX=0.458383, pointY=0.468761, distance=2628, color='red')]",10,"[0.52337, 0.46991249999999996]",0.05339207731970769,"[0.03819878455775786, 0.046604388702031055]",0.025310471328661585,입문
20250104-d1b18256-6bd9-4f75-9bf5-06c232fbf025,"[ShootingResult(nth=1, score=9.8, time=1.0, pointX=0.47449, pointY=0.552261, distance=2643, color='red'), ShootingResult(nth=2, score=9.6, time=5.5, pointX=0.503729, pointY=0.431014, distance=2643, color='red'), ShootingResult(nth=3, score=10.9, time=5.4, pointX=0.488159, pointY=0.497681, distance=2645, color='red'), ShootingResult(nth=4, score=9.7, time=7.0, pointX=0.550692, pointY=0.464682, distance=2643, color='red'), ShootingResult(nth=5, score=10.2, time=5.2, pointX=0.540961, pointY=0.502739, distance=2643, color='red'), ShootingResult(nth=6, score=9.9, time=5.2, pointX=0.459955, pointY=0.468871, distance=2646, color='red'), ShootingResult(nth=7, score=9.9, time=5.5, pointX=0.513828, pointY=0.447239, distance=2641, color='red'), ShootingResult(nth=8, score=9.3, time=5.2, pointX=0.580413, pointY=0.524719, distance=2646, color='red'), ShootingResult(nth=9, score=9.8, time=7.3, pointX=0.553211, pointY=0.520291, distance=2646, color='red'), ShootingResult(nth=10, score=10.7, time=6.3, pointX=0.519628, pointY=0.487211, distance=2641, color='red')]",10,"[0.516728, 0.492446]",0.04653063643456949,"[0.0362010356956814, 0.03552836545860223]",0.0260722698430277,입문
20250104-0f204ca8-bb7a-4081-bd43-f8985a06d24e,"[ShootingResult(nth=1, score=2.0, time=4.7, pointX=0.607593, pointY=0.0527414, distance=2605, color='blue'), ShootingResult(nth=2, score=9.2, time=6.4, pointX=0.415272, pointY=0.467217, distance=2607, color='red'), ShootingResult(nth=3, score=7.8, time=5.5, pointX=0.384202, pointY=0.385445, distance=2609, color='orange'), ShootingResult(nth=4, score=9.9, time=4.4, pointX=0.507938, pointY=0.448212, distance=2614, color='red'), ShootingResult(nth=5, score=6.6, time=4.6, pointX=0.449509, pointY=0.283517, distance=2605, color='green'), ShootingResult(nth=6, score=9.7, time=3.4, pointX=0.445845, pointY=0.466362, distance=2608, color='red'), ShootingResult(nth=7, score=0.0, time=3.5, pointX=0.682032, pointY=0.0191121, distance=2606, color='blue'), ShootingResult(nth=8, score=6.8, time=2.9, pointX=0.608723, pointY=0.32068, distance=2603, color='green'), ShootingResult(nth=9, score=9.5, time=3.4, pointX=0.443582, pointY=0.45015, distance=2609, color='red'), ShootingResult(nth=10, score=8.6, time=5.6, pointX=0.49236, pointY=0.380787, distance=2609, color='orange')]",10,"[0.47093450000000003, 0.383116]",0.14748521691298533,"[0.0926119683142519, 0.1572232086891579]",0.02210598233557748,입문
20250104-8ece8492-8307-41a5-94e7-0dbbfa8b25aa,"[ShootingResult(nth=1, score=9.7, time=4.6, pointX=0.510808, pointY=0.56037, distance=2627, color='red'), ShootingResult(nth=2, score=9.0, time=5.7, pointX=0.476526, pointY=0.594849, distance=2626, color='red'), ShootingResult(nth=3, score=10.3, time=5.7, pointX=0.530391, pointY=0.482526, distance=2635, color='red'), ShootingResult(nth=4, score=10.1, time=7.0, pointX=0.537082, pointY=0.524356, distance=2625, color='red'), ShootingResult(nth=5, score=10.1, time=6.2, pointX=0.515437, pointY=0.540162, distance=2635, color='red'), ShootingResult(nth=6, score=9.2, time=8.3, pointX=0.572754, pointY=0.546755, distance=2627, color='red'), ShootingResult(nth=7, score=5.8, time=5.3, pointX=0.51241, pointY=0.238553, distance=2631, color='green'), ShootingResult(nth=8, score=9.0, time=7.6, pointX=0.53703, pointY=0.410566, distance=2631, color='red'), ShootingResult(nth=9, score=9.9, time=5.5, pointX=0.546287, pointY=0.47479, distance=2631, color='red'), ShootingResult(nth=10, score=1.0, time=8.9, pointX=1.00522, pointY=0.559316, distance=2626, color='blue')]",10,"[0.5337105, 0.532259]",0.11883616344924208,"[0.14562538312275783, 0.0986844701045205]",-0.022593107800436024,입문
20250104-799a0343-ad8d-40dd-a690-0dd4edc50052,"[ShootingResult(nth=1, score=10.2, time=6.7, pointX=0.467193, pointY=0.473933, distance=2590, color='red'), ShootingResult(nth=2, score=8.8, time=5.7, pointX=0.606454, pointY=0.506503, distance=2591, color='orange'), ShootingResult(nth=3, score=10.4, time=6.6, pointX=0.534821, pointY=0.497079, distance=2590, color='red'), ShootingResult(nth=4, score=8.8, time=5.5, pointX=0.533321, pointY=0.603927, distance=2581, color='orange'), ShootingResult(nth=5, score=9.5, time=11.1, pointX=0.43544, pointY=0.46496, distance=2589, color='red'), ShootingResult(nth=6, score=10.2, time=6.0, pointX=0.459452, pointY=0.510623, distance=2590, color='red'), ShootingResult(nth=7, score=8.1, time=7.1, pointX=0.364525, pointY=0.445587, distance=2588, color='orange'), ShootingResult(nth=8, score=9.6, time=11.6, pointX=0.43103, pointY=0.501672, distance=2583, color='red'), ShootingResult(nth=9, score=10.4, time=5.8, pointX=0.465942, pointY=0.497042, distance=2591, color='red'), ShootingResult(nth=10, score=10.1, time=6.8, pointX=0.479844, pointY=0.462248, distance=2583, color='red')]",10,"[0.4665675, 0.4970605]",0.06056355713961127,"[0.06347661248648986, 0.041396411523705774]",0.013641157370449401,입문
20250104-bc635e2e-13b8-4b43-928f-d233e9d2d9ad,"[ShootingResult(nth=1, score=6.0, time=0.0, pointX=0.556676, pointY=0.254591, distance=2606, color='green'), ShootingResult(nth=2, score=10.3, time=4.7, pointX=0.471105, pointY=0.525053, distance=2609, color='red'), ShootingResult(nth=3, score=6.8, time=4.2, pointX=0.608443, pointY=0.320555, distance=2608, color='green'), ShootingResult(nth=4, score=9.1, time=35.0, pointX=0.565031, pointY=0.567107, distance=2609, color='red'), ShootingResult(nth=5, score=8.0, time=3.1, pointX=0.460689, pointY=0.355689, distance=2608, color='orange'), ShootingResult(nth=6, score=10.2, time=3.4, pointX=0.472054, pointY=0.468416, distance=2605, color='red'), ShootingResult(nth=7, score=4.6, time=3.0, pointX=0.34834, pointY=0.214593, distance=2607, color='blue'), ShootingResult(nth=8, score=2.3, time=3.6, pointX=0.894834, pointY=0.302267, distance=2609, color='blue'), ShootingResult(nth=9, score=4.8, time=42.9, pointX=0.605183, pointY=0.79726, distance=2609, color='blue'), ShootingResult(nth=10, score=10.0, time=3.3, pointX=0.512739, pointY=0.453636, distance=2607, color='red')]",10,"[0.5347074999999999, 0.4046625]",0.1836215260353224,"[0.13710248747940354, 0.16600167799938048]",0.06826286095393622,입문
20250104-5de38101-d294-4f8b-bbdc-a89035544167,"[ShootingResult(nth=1, score=0.0, time=8.5, pointX=1.01915, pointY=0.804838, distance=2632, color='blue'), ShootingResult(nth=2, score=9.5, time=16.4, pointX=0.566993, pointY=0.471015, distance=2630, color='red'), ShootingResult(nth=3, score=9.3, time=13.7, pointX=0.584948, pointY=0.510672, distance=2631, color='red'), ShootingResult(nth=4, score=6.9, time=9.2, pointX=0.421111, pointY=0.693204, distance=2634, color='green'), ShootingResult(nth=5, score=3.3, time=11.9, pointX=0.113996, pointY=0.574537, distance=2632, color='blue'), ShootingResult(nth=6, score=8.7, time=15.0, pointX=0.515512, pointY=0.614404, distance=2631, color='orange'), ShootingResult(nth=7, score=10.0, time=9.9, pointX=0.481272, pointY=0.456868, distance=2626, color='red'), ShootingResult(nth=8, score=4.5, time=10.6, pointX=0.801238, pointY=0.633025, distance=2636, color='blue'), ShootingResult(nth=9, score=10.4, time=12.7, pointX=0.530171, pointY=0.482499, distance=2634, color='red'), ShootingResult(nth=10, score=6.4, time=14.6, pointX=0.712409, pointY=0.590321, distance=2631, color='green')]",10,"[0.5485819999999999, 0.582429]",0.20291537865922954,"[0.22760405332155226, 0.10428445333610377]",0.05396636016605011,입문
20250104-19710a34-bc2a-4fac-9460-7479d3debf5f,"[ShootingResult(nth=1, score=8.9, time=14.2, pointX=0.538454, pointY=0.59853, distance=2589, color='orange'), ShootingResult(nth=2, score=7.6, time=5.2, pointX=0.423567, pointY=0.348198, distance=2594, color='orange'), ShootingResult(nth=3, score=10.3, time=4.0, pointX=0.533721, pointY=0.511399, distance=2587, color='red'), ShootingResult(nth=4, score=10.0, time=4.8, pointX=0.528659, pointY=0.463545, distance=2590, color='red'), ShootingResult(nth=5, score=10.5, time=3.9, pointX=0.470047, pointY=0.496679, distance=2587, color='red'), ShootingResult(nth=6, score=9.9, time=5.1, pointX=0.505204, pointY=0.445293, distance=2588, color='red'), ShootingResult(nth=7, score=9.7, time=4.3, pointX=0.505231, pointY=0.434955, distance=2584, color='red'), ShootingResult(nth=8, score=9.3, time=3.2, pointX=0.418664, pointY=0.523959, distance=2586, color='red'), ShootingResult(nth=9, score=10.0, time=3.8, pointX=0.537358, pointY=0.469027, distance=2591, color='red'), ShootingResult(nth=10, score=9.7, time=3.2, pointX=0.470548, pointY=0.442588, distance=2588, color='red')]",10,"[0.5052175, 0.466286]",0.06339558757143707,"[0.04317348857354475, 0.06261688910038568]",0.019096401966933532,입문
20250104-85b3e4f9-0c5c-4fe0-b972-145b94755b4f,"[ShootingResult(nth=1, score=8.8, time=2.2, pointX=0.606537, pointY=0.499493, distance=2609, color='orange'), ShootingResult(nth=2, score=6.2, time=12.0, pointX=0.297563, pointY=0.636138, distance=2604, color='green'), ShootingResult(nth=3, score=6.7, time=3.9, pointX=0.685404, pointY=0.389249, distance=2608, color='green'), ShootingResult(nth=4, score=8.0, time=5.6, pointX=0.366576, pointY=0.432927, distance=2607, color='orange'), ShootingResult(nth=5, score=9.6, time=3.7, pointX=0.550338, pointY=0.451588, distance=2607, color='red'), ShootingResult(nth=6, score=4.2, time=5.4, pointX=0.711795, pointY=0.229151, distance=2605, color='blue'), ShootingResult(nth=7, score=9.4, time=2.3, pointX=0.541729, pointY=0.563153, distance=2608, color='red'), ShootingResult(nth=8, score=8.2, time=3.6, pointX=0.497881, pointY=0.362458, distance=2604, color='orange'), ShootingResult(nth=9, score=9.5, time=4.5, pointX=0.554914, pointY=0.451773, distance=2605, color='red'), ShootingResult(nth=10, score=7.3, time=11.3, pointX=0.326814, pointY=0.429098, distance=2609, color='orange')]",10,"[0.5460335000000001, 0.44225749999999997]",0.145432239149205,"[0.13590651346896512, 0.1051003968572907]",0.04847759636430045,입문
20250104-1f12c211-6caf-47fb-b063-21839ce5def1,"[ShootingResult(nth=1, score=9.2, time=7.7, pointX=0.411142, pointY=0.496983, distance=2631, color='red'), ShootingResult(nth=2, score=9.4, time=7.0, pointX=0.577371, pointY=0.501883, distance=2635, color='red'), ShootingResult(nth=3, score=6.2, time=9.9, pointX=0.704839, pointY=0.626425, distance=2634, color='green'), ShootingResult(nth=4, score=9.2, time=10.5, pointX=0.552851, pointY=0.431529, distance=2633, color='red'), ShootingResult(nth=5, score=7.6, time=6.4, pointX=0.515282, pointY=0.672005, distance=2638, color='orange'), ShootingResult(nth=6, score=5.7, time=8.0, pointX=0.770069, pointY=0.497957, distance=2636, color='green'), ShootingResult(nth=7, score=10.9, time=10.7, pointX=0.495841, pointY=0.512735, distance=2635, color='red'), ShootingResult(nth=8, score=4.5, time=7.6, pointX=0.749195, pointY=0.715454, distance=2637, color='blue'), ShootingResult(nth=9, score=10.0, time=13.8, pointX=0.460039, pointY=0.524367, distance=2638, color='red'), ShootingResult(nth=10, score=2.9, time=5.5, pointX=0.117131, pointY=0.651501, distance=2638, color='blue')]",10,"[0.5340665, 0.518551]",0.16958949168889254,"[0.1815465363040562, 0.08978152702917232]",0.05024056743294017,입문
20250104-8f3e617c-6c27-489e-afe0-93c09f81d009,"[ShootingResult(nth=1, score=7.9, time=9.3, pointX=0.442947, pointY=0.356996, distance=2586, color='orange'), ShootingResult(nth=2, score=8.0, time=7.6, pointX=0.396743, pointY=0.393765, distance=2588, color='orange'), ShootingResult(nth=3, score=7.1, time=6.5, pointX=0.360958, pointY=0.357787, distance=2590, color='orange'), ShootingResult(nth=4, score=0.0, time=4.6, pointX=-0.0390433, pointY=0.101132, distance=2590, color='blue'), ShootingResult(nth=5, score=6.7, time=6.5, pointX=0.521611, pointY=0.281476, distance=2587, color='green'), ShootingResult(nth=6, score=6.1, time=14.0, pointX=0.608392, pointY=0.725241, distance=2588, color='green'), ShootingResult(nth=7, score=7.2, time=6.0, pointX=0.641331, pointY=0.625882, distance=2582, color='orange'), ShootingResult(nth=8, score=9.9, time=7.1, pointX=0.548656, pointY=0.519788, distance=2592, color='red'), ShootingResult(nth=9, score=0.0, time=8.0, pointX=-0.0185515, pointY=0.784773, distance=2583, color='blue'), ShootingResult(nth=10, score=3.3, time=6.2, pointX=0.729965, pointY=0.815007, distance=2587, color='blue')]",10,"[0.482279, 0.45677650000000003]",0.28352905497458014,"[0.24799820798332714, 0.2249355094235012]",0.09057925079969756,입문
20250104-3bf7c87f-3ea4-4629-9c64-297deda09b00,"[ShootingResult(nth=1, score=10.2, time=5.2, pointX=0.540473, pointY=0.491237, distance=2633, color='red'), ShootingResult(nth=2, score=10.5, time=4.7, pointX=0.529544, pointY=0.501529, distance=2630, color='red'), ShootingResult(nth=3, score=9.7, time=5.1, pointX=0.559564, pointY=0.521628, distance=2629, color='red'), ShootingResult(nth=4, score=8.0, time=5.2, pointX=0.438466, pointY=0.636791, distance=2630, color='orange'), ShootingResult(nth=5, score=10.0, time=3.5, pointX=0.472609, pointY=0.462693, distance=2631, color='red'), ShootingResult(nth=6, score=9.0, time=4.1, pointX=0.403534, pointY=0.525447, distance=2632, color='red'), ShootingResult(nth=7, score=10.3, time=4.1, pointX=0.533513, pointY=0.484582, distance=2631, color='red'), ShootingResult(nth=8, score=10.0, time=4.9, pointX=0.467248, pointY=0.532898, distance=2629, color='red'), ShootingResult(nth=9, score=9.6, time=3.9, pointX=0.43535, pointY=0.510351, distance=2631, color='red'), ShootingResult(nth=10, score=10.6, time=3.6, pointX=0.505633, pointY=0.526804, distance=2633, color='red')]",10,"[0.48912100000000003, 0.5159895]",0.05993315601358853,"[0.050007233057228824, 0.04436392759664094]",0.030120728334835926,입문
20250104-250b6a30-04d7-44bc-a122-16000e2f32d3,"[ShootingResult(nth=1, score=10.4, time=1.2, pointX=0.535015, pointY=0.501487, distance=2634, color='red'), ShootingResult(nth=2, score=9.1, time=5.5, pointX=0.51864, pointY=0.406566, distance=2629, color='red'), ShootingResult(nth=3, score=9.0, time=5.4, pointX=0.59272, pointY=0.465945, distance=2628, color='red'), ShootingResult(nth=4, score=9.3, time=4.2, pointX=0.565437, pointY=0.447559, distance=2629, color='red'), ShootingResult(nth=5, score=7.7, time=4.0, pointX=0.591887, pointY=0.360422, distance=2633, color='orange'), ShootingResult(nth=6, score=8.4, time=4.8, pointX=0.428985, pointY=0.608151, distance=2633, color='orange'), ShootingResult(nth=7, score=9.8, time=3.1, pointX=0.550674, pointY=0.521829, distance=2634, color='red'), ShootingResult(nth=8, score=8.3, time=3.0, pointX=0.535783, pointY=0.368966, distance=2631, color='orange'), ShootingResult(nth=9, score=9.8, time=4.6, pointX=0.554722, pointY=0.516463, distance=2636, color='red'), ShootingResult(nth=10, score=7.4, time=3.9, pointX=0.559161, pointY=0.328958, distance=2632, color='orange')]",10,"[0.552698, 0.456752]",0.08072527041193263,"[0.04419351796406347, 0.08280010946514503]",0.03176011794080928,입문
20250107-3f2fd238-fd13-4b4c-8d14-9a2d05bc2c6c,"[ShootingResult(nth=1, score=8.8, time=6.5, pointX=0.43122, pointY=0.581856, distance=2577, color='orange'), ShootingResult(nth=2, score=9.8, time=5.2, pointX=0.446729, pointY=0.519201, distance=2574, color='red'), ShootingResult(nth=3, score=10.6, time=6.2, pointX=0.479364, pointY=0.51791, distance=2578, color='red'), ShootingResult(nth=4, score=10.2, time=5.6, pointX=0.462443, pointY=0.480955, distance=2573, color='red'), ShootingResult(nth=5, score=10.0, time=4.2, pointX=0.476888, pointY=0.456003, distance=2576, color='red'), ShootingResult(nth=6, score=10.4, time=3.0, pointX=0.470671, pointY=0.511119, distance=2575, color='red'), ShootingResult(nth=7, score=9.7, time=3.4, pointX=0.543347, pointY=0.458098, distance=2574, color='red'), ShootingResult(nth=8, score=9.8, time=3.5, pointX=0.526643, pointY=0.54859, distance=2576, color='red'), ShootingResult(nth=9, score=10.0, time=2.2, pointX=0.467856, pointY=0.466783, distance=2579, color='red'), ShootingResult(nth=10, score=10.1, time=2.4, pointX=0.460186, pointY=0.477599, distance=2577, color='red')]",10,"[0.4692635, 0.496037]",0.0433617437648817,"[0.03240403604506698, 0.03937138469294674]",0.014969831058641837,입문
20250107-339ab07e-000a-4f97-8dbc-9e5bdf3a7af9,"[ShootingResult(nth=1, score=10.2, time=1.8, pointX=0.477345, pointY=0.53554, distance=2577, color='red'), ShootingResult(nth=2, score=10.1, time=4.1, pointX=0.456027, pointY=0.510971, distance=2574, color='red'), ShootingResult(nth=3, score=10.9, time=3.0, pointX=0.507671, pointY=0.511014, distance=2580, color='red'), ShootingResult(nth=4, score=10.7, time=2.1, pointX=0.478284, pointY=0.495765, distance=2575, color='red'), ShootingResult(nth=5, score=10.0, time=2.4, pointX=0.451807, pointY=0.496165, distance=2574, color='red'), ShootingResult(nth=6, score=10.5, time=2.4, pointX=0.491648, pointY=0.52743, distance=2574, color='red'), ShootingResult(nth=7, score=10.2, time=1.9, pointX=0.467444, pointY=0.524101, distance=2577, color='red'), ShootingResult(nth=8, score=10.2, time=5.3, pointX=0.491644, pointY=0.538699, distance=2573, color='red'), ShootingResult(nth=9, score=10.4, time=2.1, pointX=0.523901, pointY=0.521631, distance=2573, color='red'), ShootingResult(nth=10, score=9.8, time=6.8, pointX=0.477798, pointY=0.554874, distance=2577, color='red')]",10,"[0.478041, 0.522866]",0.025794229289570307,"[0.02109676872153646, 0.017814390856832573]",0.014965290779398935,입문
20250107-07bdd1bf-51e0-402a-985f-fb2cda487822,"[ShootingResult(nth=1, score=10.2, time=0.6, pointX=0.47694, pointY=0.465996, distance=2573, color='red'), ShootingResult(nth=2, score=10.8, time=2.2, pointX=0.512371, pointY=0.484571, distance=2575, color='red'), ShootingResult(nth=3, score=10.1, time=3.1, pointX=0.455488, pointY=0.500768, distance=2569, color='red'), ShootingResult(nth=4, score=10.2, time=2.6, pointX=0.473676, pointY=0.529493, distance=2575, color='red'), ShootingResult(nth=5, score=10.1, time=16.1, pointX=0.456745, pointY=0.514255, distance=2576, color='red'), ShootingResult(nth=6, score=10.6, time=2.0, pointX=0.517584, pointY=0.479259, distance=2574, color='red'), ShootingResult(nth=7, score=9.4, time=3.9, pointX=0.569895, pointY=0.535861, distance=2575, color='red'), ShootingResult(nth=8, score=10.7, time=3.1, pointX=0.481728, pointY=0.490445, distance=2574, color='red'), ShootingResult(nth=9, score=10.0, time=2.4, pointX=0.463934, pointY=0.534126, distance=2574, color='red'), ShootingResult(nth=10, score=9.5, time=2.6, pointX=0.441598, pointY=0.542817, distance=2575, color='red')]",10,"[0.47530799999999995, 0.5075115]",0.03934465326777489,"[0.03635761989308433, 0.025828858702815347]",0.016216284592302503,입문
20250107-70e25cf0-a374-4fc0-a98d-a6607831a5b4,"[ShootingResult(nth=1, score=9.7, time=11.2, pointX=0.439216, pointY=0.49166, distance=2574, color='red'), ShootingResult(nth=2, score=10.6, time=6.9, pointX=0.490751, pointY=0.522322, distance=2578, color='red'), ShootingResult(nth=3, score=10.2, time=35.7, pointX=0.479576, pointY=0.533788, distance=2573, color='red'), ShootingResult(nth=4, score=10.1, time=14.6, pointX=0.456819, pointY=0.495409, distance=2576, color='red'), ShootingResult(nth=5, score=10.5, time=3.5, pointX=0.474531, pointY=0.484038, distance=2574, color='red'), ShootingResult(nth=6, score=10.1, time=15.5, pointX=0.456625, pointY=0.510365, distance=2574, color='red'), ShootingResult(nth=7, score=10.4, time=2.6, pointX=0.473892, pointY=0.478152, distance=2572, color='red'), ShootingResult(nth=8, score=10.1, time=5.1, pointX=0.491135, pointY=0.455158, distance=2575, color='red'), ShootingResult(nth=9, score=10.6, time=1.7, pointX=0.48551, pointY=0.478907, distance=2577, color='red'), ShootingResult(nth=10, score=9.7, time=2.6, pointX=0.54541, pointY=0.543162, distance=2574, color='red')]",10,"[0.4770535, 0.4935345]",0.0324662435959996,"[0.027126760305093558, 0.026237016573726516]",0.0122514204786628,입문
20250107-d3056d8c-4983-46a3-bbe3-61dbe179a749,"[ShootingResult(nth=1, score=10.1, time=2.6, pointX=0.526237, pointY=0.533547, distance=2570, color='red'), ShootingResult(nth=2, score=10.9, time=2.8, pointX=0.486851, pointY=0.504008, distance=2575, color='red'), ShootingResult(nth=3, score=9.4, time=2.8, pointX=0.502887, pointY=0.578808, distance=2572, color='red'), ShootingResult(nth=4, score=9.2, time=2.6, pointX=0.487588, pointY=0.587181, distance=2573, color='red'), ShootingResult(nth=5, score=9.2, time=3.4, pointX=0.588716, pointY=0.512506, distance=2573, color='red'), ShootingResult(nth=6, score=10.9, time=2.6, pointX=0.491449, pointY=0.489649, distance=2572, color='red'), ShootingResult(nth=7, score=10.9, time=2.5, pointX=0.501983, pointY=0.485303, distance=2575, color='red'), ShootingResult(nth=8, score=10.6, time=2.7, pointX=0.526666, pointY=0.504962, distance=2576, color='red'), ShootingResult(nth=9, score=9.8, time=2.9, pointX=0.454043, pointY=0.46728, distance=2575, color='red'), ShootingResult(nth=10, score=10.1, time=2.4, pointX=0.542427, pointY=0.517839, distance=2571, color='red')]",10,"[0.502435, 0.508734]",0.04616612997119718,"[0.035227339130425396, 0.036832841894293186]",0.02115439196116418,입문
20250107-968ed696-90f1-4a6f-b6d1-84d0a5d5de20,"[ShootingResult(nth=1, score=10.1, time=5.7, pointX=0.460165, pointY=0.482329, distance=2574, color='red'), ShootingResult(nth=2, score=10.2, time=2.9, pointX=0.461502, pointY=0.515976, distance=2573, color='red'), ShootingResult(nth=3, score=10.0, time=9.5, pointX=0.452799, pointY=0.509696, distance=2578, color='red'), ShootingResult(nth=4, score=9.2, time=9.3, pointX=0.420889, pointY=0.537144, distance=2572, color='red'), ShootingResult(nth=5, score=10.9, time=3.2, pointX=0.486529, pointY=0.505711, distance=2574, color='red'), ShootingResult(nth=6, score=10.7, time=2.5, pointX=0.485988, pointY=0.484687, distance=2574, color='red'), ShootingResult(nth=7, score=10.9, time=2.0, pointX=0.511541, pointY=0.509932, distance=2574, color='red'), ShootingResult(nth=8, score=10.6, time=3.0, pointX=0.521716, pointY=0.485259, distance=2574, color='red'), ShootingResult(nth=9, score=9.8, time=3.5, pointX=0.47774, pointY=0.554749, distance=2576, color='red'), ShootingResult(nth=10, score=10.1, time=4.7, pointX=0.502312, pointY=0.545733, distance=2572, color='red')]",10,"[0.48186399999999996, 0.509814]",0.03467950476488953,"[0.028723977337583306, 0.02447739281132695]",0.018978754249006417,입문
20250107-f92884a5-0e88-426c-8fe1-b6c969c246d3,"[ShootingResult(nth=1, score=9.5, time=2.7, pointX=0.430604, pointY=0.483327, distance=2578, color='red'), ShootingResult(nth=2, score=9.4, time=8.4, pointX=0.432833, pointY=0.459952, distance=2573, color='red'), ShootingResult(nth=3, score=9.9, time=3.6, pointX=0.549968, pointY=0.504366, distance=2576, color='red'), ShootingResult(nth=4, score=10.0, time=2.7, pointX=0.482254, pointY=0.545563, distance=2575, color='red'), ShootingResult(nth=5, score=9.7, time=1.8, pointX=0.548491, pointY=0.537184, distance=2576, color='red'), ShootingResult(nth=6, score=10.2, time=3.6, pointX=0.541416, pointY=0.50888, distance=2581, color='red'), ShootingResult(nth=7, score=9.8, time=3.4, pointX=0.516875, pointY=0.553925, distance=2573, color='red'), ShootingResult(nth=8, score=9.4, time=5.9, pointX=0.452398, pointY=0.437424, distance=2577, color='red'), ShootingResult(nth=9, score=8.8, time=2.5, pointX=0.406371, pointY=0.560593, distance=2574, color='orange'), ShootingResult(nth=10, score=9.4, time=1.1, pointX=0.545103, pointY=0.561902, distance=2578, color='red')]",10,"[0.49956449999999997, 0.5230319999999999]",0.06421781937579864,"[0.05355301603467353, 0.041738428483113744]",0.039207816343665686,입문
20250107-1ead6638-7861-46c1-a613-13bf5b0b5027,"[ShootingResult(nth=1, score=9.6, time=9.5, pointX=0.487141, pointY=0.565129, distance=2574, color='red'), ShootingResult(nth=2, score=10.9, time=4.1, pointX=0.496298, pointY=0.505714, distance=2572, color='red'), ShootingResult(nth=3, score=10.9, time=3.4, pointX=0.512195, pointY=0.489524, distance=2576, color='red'), ShootingResult(nth=4, score=10.7, time=5.3, pointX=0.507128, pointY=0.521601, distance=2576, color='red'), ShootingResult(nth=5, score=9.8, time=3.4, pointX=0.444171, pointY=0.513982, distance=2573, color='red'), ShootingResult(nth=6, score=10.9, time=6.0, pointX=0.50682, pointY=0.510601, distance=2577, color='red'), ShootingResult(nth=7, score=10.9, time=3.2, pointX=0.51207, pointY=0.51062, distance=2571, color='red'), ShootingResult(nth=8, score=9.9, time=5.0, pointX=0.546996, pointY=0.47694, distance=2580, color='red'), ShootingResult(nth=9, score=9.9, time=4.9, pointX=0.463422, pointY=0.534145, distance=2574, color='red'), ShootingResult(nth=10, score=9.6, time=4.7, pointX=0.530231, pointY=0.436461, distance=2577, color='red')]",10,"[0.506974, 0.5106105]",0.035013472704880824,"[0.02853762151546622, 0.03253839005866762]",0.008473739055227022,입문
20250107-8e385f32-4a00-448f-8754-ce5a6dcc1d15,"[ShootingResult(nth=1, score=10.0, time=16.6, pointX=0.487495, pointY=0.544966, distance=2578, color='red'), ShootingResult(nth=2, score=10.2, time=2.1, pointX=0.525834, pointY=0.53311, distance=2574, color='red'), ShootingResult(nth=3, score=10.4, time=3.3, pointX=0.496879, pointY=0.534427, distance=2576, color='red'), ShootingResult(nth=4, score=9.7, time=5.2, pointX=0.47313, pointY=0.554165, distance=2577, color='red'), ShootingResult(nth=5, score=10.1, time=4.9, pointX=0.47788, pointY=0.539479, distance=2573, color='red'), ShootingResult(nth=6, score=10.9, time=2.7, pointX=0.506267, pointY=0.486444, distance=2576, color='red'), ShootingResult(nth=7, score=9.8, time=2.7, pointX=0.530637, pointY=0.547178, distance=2576, color='red'), ShootingResult(nth=8, score=10.4, time=4.3, pointX=0.486446, pointY=0.532274, distance=2575, color='red'), ShootingResult(nth=9, score=9.9, time=3.2, pointX=0.456453, pointY=0.527961, distance=2574, color='red'), ShootingResult(nth=10, score=9.6, time=2.5, pointX=0.492527, pointY=0.565652, distance=2573, color='red')]",10,"[0.490011, 0.536953]",0.02526315536550961,"[0.02171868919525302, 0.019921299501789547]",0.009717619273816792,입문
20250107-ff72dfd9-a8ab-414d-9e46-fa78c2d708b4,"[ShootingResult(nth=1, score=10.8, time=3.5, pointX=0.512349, pointY=0.515282, distance=2576, color='red'), ShootingResult(nth=2, score=10.9, time=4.5, pointX=0.502362, pointY=0.494492, distance=2575, color='red'), ShootingResult(nth=3, score=10.8, time=3.2, pointX=0.516856, pointY=0.509895, distance=2578, color='red'), ShootingResult(nth=4, score=9.5, time=6.9, pointX=0.527164, pointY=0.568596, distance=2575, color='red'), ShootingResult(nth=5, score=10.2, time=7.0, pointX=0.460522, pointY=0.505816, distance=2579, color='red'), ShootingResult(nth=6, score=10.9, time=20.8, pointX=0.497001, pointY=0.485462, distance=2576, color='red'), ShootingResult(nth=7, score=10.2, time=4.0, pointX=0.497045, pointY=0.540182, distance=2571, color='red'), ShootingResult(nth=8, score=10.9, time=1.9, pointX=0.497342, pointY=0.514639, distance=2570, color='red'), ShootingResult(nth=9, score=9.7, time=3.5, pointX=0.512465, pointY=0.559345, distance=2578, color='red'), ShootingResult(nth=10, score=10.5, time=2.7, pointX=0.491707, pointY=0.527321, distance=2574, color='red')]",10,"[0.49985199999999996, 0.5149604999999999]",0.026992183578226712,"[0.017220904529379397, 0.025542342394541655]",0.01043734264787317,입문
20250107-a15c8a8d-bcbf-4124-b14d-f196b6cb25e6,"[ShootingResult(nth=1, score=10.1, time=4.6, pointX=0.456794, pointY=0.50941, distance=2576, color='red'), ShootingResult(nth=2, score=10.4, time=4.5, pointX=0.474411, pointY=0.478429, distance=2579, color='red'), ShootingResult(nth=3, score=10.9, time=2.6, pointX=0.514609, pointY=0.504268, distance=2577, color='red'), ShootingResult(nth=4, score=10.2, time=5.6, pointX=0.507176, pointY=0.540316, distance=2578, color='red'), ShootingResult(nth=5, score=8.5, time=1.6, pointX=0.62175, pointY=0.521197, distance=2580, color='orange'), ShootingResult(nth=6, score=10.2, time=9.3, pointX=0.491377, pointY=0.459972, distance=2578, color='red'), ShootingResult(nth=7, score=10.1, time=3.1, pointX=0.522884, pointY=0.536144, distance=2579, color='red'), ShootingResult(nth=8, score=10.2, time=6.6, pointX=0.512828, pointY=0.537134, distance=2581, color='red'), ShootingResult(nth=9, score=10.4, time=4.0, pointX=0.496587, pointY=0.534593, distance=2578, color='red'), ShootingResult(nth=10, score=9.2, time=2.1, pointX=0.582513, pointY=0.530691, distance=2580, color='red')]",10,"[0.510002, 0.525944]",0.044889140698235706,"[0.04681734755077438, 0.025995879028030577]",0.012746018163640571,입문
20250107-779ac111-4b31-4409-a590-de33d85e465e,"[ShootingResult(nth=1, score=7.8, time=0.0, pointX=0.44077, pointY=0.348207, distance=2555, color='orange'), ShootingResult(nth=2, score=5.8, time=4.6, pointX=0.54057, pointY=0.237416, distance=2557, color='green'), ShootingResult(nth=3, score=10.2, time=3.2, pointX=0.542174, pointY=0.497389, distance=2556, color='red'), ShootingResult(nth=4, score=9.6, time=2.9, pointX=0.544293, pointY=0.548463, distance=2554, color='red'), ShootingResult(nth=5, score=9.0, time=1.6, pointX=0.58368, pointY=0.451593, distance=2563, color='red'), ShootingResult(nth=6, score=8.6, time=2.1, pointX=0.432138, pointY=0.597988, distance=2557, color='orange'), ShootingResult(nth=7, score=9.3, time=1.6, pointX=0.445904, pointY=0.438207, distance=2554, color='red'), ShootingResult(nth=8, score=4.3, time=7.2, pointX=0.232845, pointY=0.285731, distance=2561, color='blue'), ShootingResult(nth=9, score=5.8, time=1.5, pointX=0.362402, pointY=0.273023, distance=2562, color='green'), ShootingResult(nth=10, score=5.4, time=8.7, pointX=0.695723, pointY=0.290888, distance=2559, color='green')]",10,"[0.49323700000000004, 0.393207]",0.15833727984072507,"[0.1219914095512057, 0.12039606047063998]",0.09166539241851454,입문
20250107-058ceb68-5ffa-46ed-8b03-0d79c7c6b5ca,"[ShootingResult(nth=1, score=9.7, time=9.8, pointX=0.438767, pointY=0.518431, distance=2576, color='red'), ShootingResult(nth=2, score=8.6, time=17.9, pointX=0.449163, pointY=0.607125, distance=2577, color='orange'), ShootingResult(nth=3, score=10.9, time=8.3, pointX=0.514627, pointY=0.504175, distance=2580, color='red'), ShootingResult(nth=4, score=10.4, time=12.0, pointX=0.496377, pointY=0.534756, distance=2579, color='red'), ShootingResult(nth=5, score=9.4, time=5.6, pointX=0.570094, pointY=0.531166, distance=2574, color='red'), ShootingResult(nth=6, score=10.1, time=2.6, pointX=0.529501, pointY=0.466633, distance=2574, color='red'), ShootingResult(nth=7, score=7.0, time=3.2, pointX=0.637173, pointY=0.646894, distance=2576, color='orange'), ShootingResult(nth=8, score=10.5, time=2.6, pointX=0.526133, pointY=0.514328, distance=2577, color='red'), ShootingResult(nth=9, score=9.4, time=1.9, pointX=0.435278, pointY=0.453499, distance=2579, color='red'), ShootingResult(nth=10, score=1.0, time=0.1, pointX=0.0847799, pointY=0.205721, distance=2579, color='blue')]",10,"[0.505502, 0.5163795]",0.11542075969770682,"[0.14082657973265167, 0.11208984488150565]",-0.028781868669446098,입문
20250107-c1328661-96c7-4bdb-a889-9172d9b15737,"[ShootingResult(nth=1, score=10.4, time=1.9, pointX=0.516997, pointY=0.472222, distance=2556, color='red'), ShootingResult(nth=2, score=1.8, time=4.4, pointX=0.400361, pointY=0.0389424, distance=2557, color='blue'), ShootingResult(nth=3, score=6.3, time=2.7, pointX=0.336907, pointY=0.326389, distance=2557, color='green'), ShootingResult(nth=4, score=8.9, time=9.0, pointX=0.521296, pointY=0.396403, distance=2555, color='orange'), ShootingResult(nth=5, score=8.6, time=5.3, pointX=0.594812, pointY=0.426684, distance=2558, color='orange'), ShootingResult(nth=6, score=6.4, time=1.2, pointX=0.69572, pointY=0.375152, distance=2556, color='green'), ShootingResult(nth=7, score=8.2, time=3.1, pointX=0.569566, pointY=0.620345, distance=2555, color='orange'), ShootingResult(nth=8, score=10.9, time=2.2, pointX=0.502122, pointY=0.486768, distance=2558, color='red'), ShootingResult(nth=9, score=8.0, time=1.8, pointX=0.578305, pointY=0.62836, distance=2558, color='orange'), ShootingResult(nth=10, score=8.2, time=2.0, pointX=0.639159, pointY=0.492107, distance=2559, color='orange')]",10,"[0.545431, 0.449453]",0.15088934603564286,"[0.10113665946752443, 0.1587815090876718]",0.03554172416170896,입문
20250107-c2e3196e-d029-4b39-8f37-bd944d20abb5,"[ShootingResult(nth=1, score=9.6, time=3.0, pointX=0.49805, pointY=0.566139, distance=2558, color='red'), ShootingResult(nth=2, score=4.4, time=3.8, pointX=0.27353, pointY=0.749264, distance=2556, color='blue'), ShootingResult(nth=3, score=8.0, time=3.8, pointX=0.380962, pointY=0.594294, distance=2553, color='orange'), ShootingResult(nth=4, score=7.9, time=2.4, pointX=0.426311, pointY=0.364379, distance=2558, color='orange'), ShootingResult(nth=5, score=7.6, time=2.4, pointX=0.532614, pointY=0.665328, distance=2555, color='orange'), ShootingResult(nth=6, score=9.2, time=1.1, pointX=0.56165, pointY=0.560994, distance=2556, color='red'), ShootingResult(nth=7, score=9.2, time=2.0, pointX=0.464911, pointY=0.579341, distance=2554, color='red'), ShootingResult(nth=8, score=9.7, time=2.1, pointX=0.538324, pointY=0.451874, distance=2552, color='red'), ShootingResult(nth=9, score=9.9, time=0.9, pointX=0.453426, pointY=0.481058, distance=2554, color='red'), ShootingResult(nth=10, score=8.1, time=2.4, pointX=0.637858, pointY=0.540508, distance=2556, color='orange')]",10,"[0.4814805, 0.5635665]",0.11948758997170543,"[0.0970729636656881, 0.1023987508199685]",0.04384587638288191,입문
20250107-1f55aca7-251b-43c0-9a41-4db2e4ee7020,"[ShootingResult(nth=1, score=9.2, time=4.5, pointX=0.463231, pointY=0.579131, distance=2577, color='red'), ShootingResult(nth=2, score=8.6, time=6.2, pointX=0.616782, pointY=0.516584, distance=2573, color='orange'), ShootingResult(nth=3, score=10.9, time=2.7, pointX=0.492132, pointY=0.500031, distance=2577, color='red'), ShootingResult(nth=4, score=9.4, time=3.3, pointX=0.457453, pointY=0.436948, distance=2578, color='red'), ShootingResult(nth=5, score=10.7, time=6.0, pointX=0.491642, pointY=0.521309, distance=2581, color='red'), ShootingResult(nth=6, score=9.0, time=3.6, pointX=0.584459, pointY=0.553984, distance=2580, color='red'), ShootingResult(nth=7, score=9.5, time=3.7, pointX=0.531902, pointY=0.563382, distance=2578, color='red'), ShootingResult(nth=8, score=9.7, time=4.8, pointX=0.497458, pointY=0.561127, distance=2580, color='red'), ShootingResult(nth=9, score=9.0, time=4.6, pointX=0.527476, pointY=0.593538, distance=2578, color='red'), ShootingResult(nth=10, score=9.8, time=4.5, pointX=0.511364, pointY=0.445332, distance=2573, color='red')]",10,"[0.504411, 0.5376465]",0.06410779516305727,"[0.04790564745716313, 0.05099846149091167]",0.03147507270106385,입문
20250107-ce7cd038-76a2-451f-b358-ff1143b532f6,"[ShootingResult(nth=1, score=8.3, time=1.8, pointX=0.37562, pointY=0.449417, distance=2556, color='orange'), ShootingResult(nth=2, score=9.2, time=2.5, pointX=0.441633, pointY=0.569142, distance=2555, color='red'), ShootingResult(nth=3, score=9.6, time=2.0, pointX=0.460513, pointY=0.554622, distance=2554, color='red'), ShootingResult(nth=4, score=8.6, time=1.2, pointX=0.608439, pointY=0.456767, distance=2559, color='orange'), ShootingResult(nth=5, score=4.6, time=1.0, pointX=0.201201, pointY=0.377982, distance=2554, color='blue'), ShootingResult(nth=6, score=8.5, time=1.7, pointX=0.598694, pointY=0.578726, distance=2555, color='orange'), ShootingResult(nth=7, score=9.8, time=1.4, pointX=0.445105, pointY=0.511571, distance=2557, color='red'), ShootingResult(nth=8, score=8.7, time=1.6, pointX=0.523267, pointY=0.610482, distance=2550, color='orange'), ShootingResult(nth=9, score=5.8, time=1.8, pointX=0.540748, pointY=0.237473, distance=2557, color='green'), ShootingResult(nth=10, score=8.3, time=1.3, pointX=0.483991, pointY=0.631513, distance=2551, color='orange')]",10,"[0.472252, 0.5330965]",0.13323824828660247,"[0.11242669730224222, 0.11479746973975515]",0.03663315451682411,입문
20250107-0535eb14-a4cb-4301-8611-195a81eaa29b,"[ShootingResult(nth=1, score=9.4, time=2.7, pointX=0.488695, pointY=0.579908, distance=2556, color='red'), ShootingResult(nth=2, score=10.1, time=4.1, pointX=0.478124, pointY=0.459939, distance=2555, color='red'), ShootingResult(nth=3, score=8.1, time=3.0, pointX=0.381347, pointY=0.58477, distance=2556, color='orange'), ShootingResult(nth=4, score=8.9, time=1.7, pointX=0.592087, pointY=0.447267, distance=2551, color='orange'), ShootingResult(nth=5, score=8.5, time=1.9, pointX=0.38677, pointY=0.552599, distance=2552, color='orange'), ShootingResult(nth=6, score=4.1, time=2.9, pointX=0.787286, pointY=0.298805, distance=2553, color='blue'), ShootingResult(nth=7, score=9.7, time=1.9, pointX=0.547069, pointY=0.461246, distance=2553, color='red'), ShootingResult(nth=8, score=7.1, time=2.1, pointX=0.490087, pointY=0.696994, distance=2549, color='orange'), ShootingResult(nth=9, score=4.0, time=2.1, pointX=0.702668, pointY=0.206141, distance=2552, color='blue'), ShootingResult(nth=10, score=0.0, time=2.8, pointX=0.748656, pointY=0.0471444, distance=2553, color='blue')]",10,"[0.518578, 0.46059249999999996]",0.19514661954656287,"[0.13689470994633066, 0.18673389376393457]",0.06097700440052822,입문
20250107-6fcbb963-60f8-4d17-b5b5-c115cc261340,"[ShootingResult(nth=1, score=9.6, time=2.7, pointX=0.475667, pointY=0.436431, distance=2631, color='red'), ShootingResult(nth=2, score=8.7, time=6.1, pointX=0.394774, pointY=0.543892, distance=2632, color='orange'), ShootingResult(nth=3, score=8.3, time=4.5, pointX=0.385805, pointY=0.426924, distance=2637, color='orange'), ShootingResult(nth=4, score=8.6, time=3.9, pointX=0.54354, pointY=0.608433, distance=2633, color='orange'), ShootingResult(nth=5, score=6.9, time=4.3, pointX=0.346217, pointY=0.361145, distance=2636, color='green'), ShootingResult(nth=6, score=9.5, time=5.2, pointX=0.486377, pointY=0.570264, distance=2637, color='red'), ShootingResult(nth=7, score=7.6, time=4.9, pointX=0.345304, pointY=0.422853, distance=2641, color='orange'), ShootingResult(nth=8, score=6.9, time=5.9, pointX=0.316209, pointY=0.408481, distance=2637, color='green'), ShootingResult(nth=9, score=9.4, time=5.2, pointX=0.448238, pointY=0.443188, distance=2638, color='red'), ShootingResult(nth=10, score=7.5, time=6.6, pointX=0.473917, pointY=0.326462, distance=2640, color='orange')]",10,"[0.42150600000000005, 0.43167750000000005]",0.10078986328485003,"[0.07074402491207296, 0.08633059123862179]",0.04755370158181926,입문
20250107-1250746a-1d44-45dd-adea-49f36457e5ab,"[ShootingResult(nth=1, score=9.8, time=5.9, pointX=0.447537, pointY=0.529001, distance=2582, color='red'), ShootingResult(nth=2, score=8.9, time=5.2, pointX=0.603607, pointY=0.507483, distance=2580, color='orange'), ShootingResult(nth=3, score=7.6, time=6.5, pointX=0.59855, pointY=0.363329, distance=2581, color='orange'), ShootingResult(nth=4, score=8.6, time=6.7, pointX=0.614663, pointY=0.462808, distance=2579, color='orange'), ShootingResult(nth=5, score=9.3, time=8.1, pointX=0.473482, pointY=0.423471, distance=2578, color='red'), ShootingResult(nth=6, score=8.6, time=8.3, pointX=0.524138, pointY=0.383901, distance=2575, color='orange'), ShootingResult(nth=7, score=8.0, time=5.7, pointX=0.555555, pointY=0.357835, distance=2578, color='orange'), ShootingResult(nth=8, score=8.9, time=7.7, pointX=0.443931, pointY=0.413212, distance=2578, color='orange'), ShootingResult(nth=9, score=9.5, time=4.7, pointX=0.536577, pointY=0.435268, distance=2581, color='red'), ShootingResult(nth=10, score=9.2, time=6.2, pointX=0.572493, pointY=0.447075, distance=2575, color='red')]",10,"[0.5460659999999999, 0.42936949999999996]",0.07396629960675641,"[0.06060203182245624, 0.05408160610235241]",0.0390885783963111,입문
20250107-e99a00af-6faf-4448-a8db-0ae70140bc5d,"[ShootingResult(nth=1, score=10.1, time=12.4, pointX=0.474557, pointY=0.463953, distance=2642, color='red'), ShootingResult(nth=2, score=8.9, time=9.4, pointX=0.567675, pointY=0.418488, distance=2641, color='orange'), ShootingResult(nth=3, score=8.4, time=8.5, pointX=0.559312, pointY=0.385771, distance=2636, color='orange'), ShootingResult(nth=4, score=9.8, time=5.6, pointX=0.451644, pointY=0.469724, distance=2634, color='red'), ShootingResult(nth=5, score=9.1, time=9.4, pointX=0.408264, pointY=0.480187, distance=2633, color='red'), ShootingResult(nth=6, score=7.6, time=37.5, pointX=0.669869, pointY=0.474715, distance=2638, color='orange'), ShootingResult(nth=7, score=7.8, time=6.3, pointX=0.450697, pointY=0.344761, distance=2638, color='orange'), ShootingResult(nth=8, score=9.3, time=5.3, pointX=0.551454, pointY=0.564044, distance=2640, color='red'), ShootingResult(nth=9, score=10.3, time=3.3, pointX=0.46713, pointY=0.481901, distance=2644, color='red'), ShootingResult(nth=10, score=7.1, time=1.2, pointX=0.567666, pointY=0.315175, distance=2638, color='orange')]",10,"[0.5130055, 0.4668385]",0.09800699540792641,"[0.07500696714945887, 0.07033856022900953]",0.05665500783283283,입문
20250107-5a7d6931-5065-41ed-ad3d-36d0911e2a87,"[ShootingResult(nth=1, score=9.9, time=2.2, pointX=0.535949, pointY=0.464582, distance=2582, color='red'), ShootingResult(nth=2, score=8.6, time=5.4, pointX=0.548913, pointY=0.391568, distance=2579, color='orange'), ShootingResult(nth=3, score=9.0, time=6.1, pointX=0.462543, pointY=0.410851, distance=2579, color='red'), ShootingResult(nth=4, score=8.3, time=5.4, pointX=0.514118, pointY=0.366432, distance=2584, color='orange'), ShootingResult(nth=5, score=10.9, time=5.9, pointX=0.490128, pointY=0.490093, distance=2576, color='red'), ShootingResult(nth=6, score=10.3, time=5.6, pointX=0.476315, pointY=0.470753, distance=2581, color='red'), ShootingResult(nth=7, score=8.3, time=5.2, pointX=0.549109, pointY=0.376205, distance=2580, color='orange'), ShootingResult(nth=8, score=10.2, time=8.4, pointX=0.458218, pointY=0.497236, distance=2576, color='red'), ShootingResult(nth=9, score=9.1, time=8.9, pointX=0.513717, pointY=0.408679, distance=2582, color='red'), ShootingResult(nth=10, score=9.1, time=5.7, pointX=0.538888, pointY=0.416114, distance=2580, color='red')]",10,"[0.5139175, 0.4134825]",0.052592578223389794,"[0.03321272158315244, 0.045176173003144034]",0.027039876630082164,입문
20250107-895fc681-81cc-4ca7-933f-246fa936b698,"[ShootingResult(nth=1, score=10.4, time=4.6, pointX=0.474888, pointY=0.478546, distance=2635, color='red'), ShootingResult(nth=2, score=7.3, time=5.2, pointX=0.539381, pointY=0.318261, distance=2638, color='orange'), ShootingResult(nth=3, score=8.2, time=6.0, pointX=0.56665, pointY=0.620682, distance=2635, color='orange'), ShootingResult(nth=4, score=7.9, time=6.0, pointX=0.431025, pointY=0.63877, distance=2630, color='orange'), ShootingResult(nth=5, score=8.8, time=6.5, pointX=0.395137, pointY=0.521213, distance=2637, color='orange'), ShootingResult(nth=6, score=6.1, time=5.8, pointX=0.351813, pointY=0.698614, distance=2633, color='green'), ShootingResult(nth=7, score=6.9, time=7.0, pointX=0.296822, pointY=0.521442, distance=2629, color='green'), ShootingResult(nth=8, score=3.7, time=10.3, pointX=0.161076, pointY=0.342774, distance=2635, color='blue'), ShootingResult(nth=9, score=9.7, time=8.9, pointX=0.439861, pointY=0.490496, distance=2637, color='red'), ShootingResult(nth=10, score=8.2, time=7.1, pointX=0.418307, pointY=0.388993, distance=2638, color='orange')]",10,"[0.424666, 0.5058545]",0.14094692180170257,"[0.11189647333048527, 0.12031691267768631]",0.054687005966624624,입문
20250107-632ac555-4be4-44b9-a19f-b38b42cd8da1,"[ShootingResult(nth=1, score=9.5, time=6.2, pointX=0.546344, pointY=0.559099, distance=2636, color='red'), ShootingResult(nth=2, score=9.5, time=8.1, pointX=0.430312, pointY=0.486811, distance=2641, color='red'), ShootingResult(nth=3, score=9.4, time=5.8, pointX=0.566894, pointY=0.543621, distance=2635, color='red'), ShootingResult(nth=4, score=7.4, time=5.5, pointX=0.362019, pointY=0.381689, distance=2636, color='orange'), ShootingResult(nth=5, score=9.0, time=6.2, pointX=0.548144, pointY=0.41186, distance=2637, color='red'), ShootingResult(nth=6, score=9.8, time=6.9, pointX=0.555973, pointY=0.507859, distance=2635, color='red'), ShootingResult(nth=7, score=8.0, time=6.3, pointX=0.417445, pointY=0.624708, distance=2635, color='orange'), ShootingResult(nth=8, score=5.6, time=5.6, pointX=0.448183, pointY=0.231876, distance=2635, color='green'), ShootingResult(nth=9, score=8.8, time=6.9, pointX=0.598567, pointY=0.454137, distance=2638, color='orange'), ShootingResult(nth=10, score=7.0, time=5.4, pointX=0.36375, pointY=0.354891, distance=2634, color='orange')]",10,"[0.4972635, 0.470474]",0.1276679343344239,"[0.08432795801446873, 0.10878200636819492]",0.0724638715081134,입문
20250107-c725c90d-7b5f-4199-891f-827e40ebce5e,"[ShootingResult(nth=1, score=9.8, time=8.6, pointX=0.478273, pointY=0.448406, distance=2581, color='red'), ShootingResult(nth=2, score=10.1, time=6.9, pointX=0.545447, pointY=0.506994, distance=2578, color='red'), ShootingResult(nth=3, score=8.4, time=6.4, pointX=0.589816, pointY=0.406944, distance=2580, color='orange'), ShootingResult(nth=4, score=10.9, time=6.3, pointX=0.49194, pointY=0.492016, distance=2581, color='red'), ShootingResult(nth=5, score=8.7, time=8.1, pointX=0.524196, pointY=0.3888, distance=2582, color='orange'), ShootingResult(nth=6, score=8.1, time=9.8, pointX=0.604268, pointY=0.402287, distance=2579, color='orange'), ShootingResult(nth=7, score=8.9, time=13.2, pointX=0.600911, pointY=0.47632, distance=2581, color='orange'), ShootingResult(nth=8, score=9.7, time=13.7, pointX=0.464572, pointY=0.449723, distance=2583, color='red'), ShootingResult(nth=9, score=9.5, time=5.4, pointX=0.571335, pointY=0.511537, distance=2573, color='red'), ShootingResult(nth=10, score=10.3, time=7.3, pointX=0.476007, pointY=0.528817, distance=2579, color='red')]",10,"[0.5348215000000001, 0.4630215]",0.06890708486658728,"[0.052157985860748116, 0.04725761693780168]",0.05445206967154382,입문
20250107-28b5ca1e-a1f2-4999-bae2-ddb925b4a0be,"[ShootingResult(nth=1, score=10.1, time=4.1, pointX=0.465028, pointY=0.473983, distance=2576, color='red'), ShootingResult(nth=2, score=9.5, time=13.5, pointX=0.512929, pointY=0.427926, distance=2581, color='red'), ShootingResult(nth=3, score=9.8, time=10.4, pointX=0.555474, pointY=0.480527, distance=2579, color='red'), ShootingResult(nth=4, score=7.9, time=6.1, pointX=0.529827, pointY=0.346634, distance=2580, color='orange'), ShootingResult(nth=5, score=7.7, time=5.3, pointX=0.575334, pointY=0.349752, distance=2577, color='orange'), ShootingResult(nth=6, score=9.8, time=6.6, pointX=0.531543, pointY=0.454547, distance=2579, color='red'), ShootingResult(nth=7, score=9.4, time=5.7, pointX=0.570097, pointY=0.462279, distance=2580, color='red'), ShootingResult(nth=8, score=10.4, time=5.3, pointX=0.496657, pointY=0.531832, distance=2581, color='red'), ShootingResult(nth=9, score=9.3, time=4.8, pointX=0.557544, pointY=0.563394, distance=2582, color='red'), ShootingResult(nth=10, score=7.5, time=6.1, pointX=0.56082, pointY=0.332351, distance=2581, color='orange')]",10,"[0.5435085, 0.45841299999999996]",0.07338703507769562,"[0.03367798513584208, 0.07463679159938481]",0.0328674583516849,입문
20250107-59639e3f-5f66-4600-8059-b41bfae99a33,"[ShootingResult(nth=1, score=7.3, time=4.2, pointX=0.500675, pointY=0.684409, distance=2637, color='orange'), ShootingResult(nth=2, score=4.1, time=14.2, pointX=0.189853, pointY=0.331906, distance=2636, color='blue'), ShootingResult(nth=3, score=6.1, time=6.3, pointX=0.662697, pointY=0.687198, distance=2635, color='green'), ShootingResult(nth=4, score=9.0, time=7.0, pointX=0.47892, pointY=0.40234, distance=2634, color='red'), ShootingResult(nth=5, score=7.5, time=4.4, pointX=0.34996, pointY=0.588152, distance=2640, color='orange'), ShootingResult(nth=6, score=8.0, time=4.2, pointX=0.359702, pointY=0.441079, distance=2640, color='orange'), ShootingResult(nth=7, score=8.7, time=8.2, pointX=0.464838, pointY=0.391036, distance=2637, color='orange'), ShootingResult(nth=8, score=6.6, time=6.0, pointX=0.422436, pointY=0.706781, distance=2633, color='green'), ShootingResult(nth=9, score=8.7, time=7.1, pointX=0.39099, pointY=0.530081, distance=2640, color='orange'), ShootingResult(nth=10, score=5.5, time=14.6, pointX=0.752549, pointY=0.382208, distance=2637, color='green')]",10,"[0.44363699999999995, 0.48558]",0.18393667771308875,"[0.15164207175055344, 0.1361574976775058]",0.09053117982098752,입문
20250107-be2cfbf3-963c-457d-bb02-42f63a6ab26d,"[ShootingResult(nth=1, score=9.0, time=2.8, pointX=0.599292, pointY=0.494255, distance=2579, color='red'), ShootingResult(nth=2, score=10.3, time=6.3, pointX=0.463941, pointY=0.492502, distance=2583, color='red'), ShootingResult(nth=3, score=8.9, time=5.5, pointX=0.5087, pointY=0.397471, distance=2578, color='orange'), ShootingResult(nth=4, score=9.4, time=6.1, pointX=0.478132, pointY=0.422465, distance=2582, color='red'), ShootingResult(nth=5, score=8.3, time=5.0, pointX=0.599358, pointY=0.407061, distance=2580, color='orange'), ShootingResult(nth=6, score=9.7, time=5.3, pointX=0.463948, pointY=0.554172, distance=2580, color='red'), ShootingResult(nth=7, score=9.6, time=6.1, pointX=0.556672, pointY=0.466639, distance=2586, color='red'), ShootingResult(nth=8, score=9.9, time=5.6, pointX=0.464535, pointY=0.464013, distance=2586, color='red'), ShootingResult(nth=9, score=9.6, time=5.4, pointX=0.512955, pointY=0.432904, distance=2578, color='red'), ShootingResult(nth=10, score=9.2, time=4.2, pointX=0.417133, pointY=0.474627, distance=2584, color='red')]",10,"[0.493416, 0.465326]",0.0686303255913834,"[0.05828455662042905, 0.044971136573251067]",0.03859831928609796,입문
20250107-ca492272-f86f-4d61-9c5f-23bb9f7a5ab6,"[ShootingResult(nth=1, score=8.8, time=4.8, pointX=0.420876, pointY=0.422809, distance=2610, color='orange'), ShootingResult(nth=2, score=7.9, time=6.1, pointX=0.497727, pointY=0.343186, distance=2607, color='orange'), ShootingResult(nth=3, score=8.4, time=5.1, pointX=0.557226, pointY=0.613716, distance=2610, color='orange'), ShootingResult(nth=4, score=9.4, time=6.7, pointX=0.43468, pointY=0.459066, distance=2610, color='red'), ShootingResult(nth=5, score=8.5, time=6.1, pointX=0.398811, pointY=0.424624, distance=2614, color='orange'), ShootingResult(nth=6, score=10.7, time=3.2, pointX=0.514292, pointY=0.51475, distance=2609, color='red'), ShootingResult(nth=7, score=7.2, time=3.1, pointX=0.370813, pointY=0.359009, distance=2610, color='orange'), ShootingResult(nth=8, score=8.6, time=4.5, pointX=0.385675, pointY=0.459952, distance=2609, color='orange'), ShootingResult(nth=9, score=10.2, time=5.8, pointX=0.467075, pointY=0.473565, distance=2609, color='red'), ShootingResult(nth=10, score=8.8, time=11.1, pointX=0.452712, pointY=0.403971, distance=2609, color='orange')]",10,"[0.443696, 0.441845]",0.0766634763907126,"[0.05684994481272607, 0.07406639995679554]",0.022703867044548368,입문
20250107-25fa3087-42e2-47d4-a2b7-063c7b32bd10,"[ShootingResult(nth=1, score=4.7, time=6.6, pointX=0.786692, pointY=0.640719, distance=2637, color='blue'), ShootingResult(nth=2, score=9.7, time=8.9, pointX=0.48083, pointY=0.441464, distance=2636, color='red'), ShootingResult(nth=3, score=8.0, time=4.9, pointX=0.403065, pointY=0.388518, distance=2638, color='orange'), ShootingResult(nth=4, score=6.5, time=7.5, pointX=0.280855, pointY=0.437904, distance=2638, color='green'), ShootingResult(nth=5, score=9.3, time=8.4, pointX=0.429509, pointY=0.544251, distance=2637, color='red'), ShootingResult(nth=6, score=9.8, time=12.8, pointX=0.495209, pointY=0.444535, distance=2643, color='red'), ShootingResult(nth=7, score=9.9, time=5.6, pointX=0.462438, pointY=0.466459, distance=2637, color='red'), ShootingResult(nth=8, score=7.4, time=6.3, pointX=0.387856, pointY=0.358873, distance=2638, color='orange'), ShootingResult(nth=9, score=9.1, time=6.5, pointX=0.588853, pointY=0.467951, distance=2641, color='red'), ShootingResult(nth=10, score=10.1, time=21.3, pointX=0.528049, pointY=0.466845, distance=2640, color='red')]",10,"[0.471634, 0.45549700000000004]",0.11115514040354846,"[0.12852536718189136, 0.07482370261013553]",0.011013316673563284,입문
20250107-be138fb1-19c4-44d8-bd69-dc9d59ea0837,"[ShootingResult(nth=1, score=8.2, time=0.2, pointX=0.366879, pointY=0.549236, distance=2609, color='orange'), ShootingResult(nth=2, score=8.4, time=4.8, pointX=0.538591, pointY=0.377658, distance=2602, color='orange'), ShootingResult(nth=3, score=8.4, time=3.7, pointX=0.51878, pointY=0.369679, distance=2609, color='orange'), ShootingResult(nth=4, score=10.9, time=3.3, pointX=0.488622, pointY=0.509983, distance=2609, color='red'), ShootingResult(nth=5, score=8.0, time=3.4, pointX=0.568876, pointY=0.36719, distance=2613, color='orange'), ShootingResult(nth=6, score=9.6, time=2.9, pointX=0.532942, pointY=0.440369, distance=2607, color='red'), ShootingResult(nth=7, score=10.1, time=3.3, pointX=0.467065, pointY=0.532118, distance=2613, color='red'), ShootingResult(nth=8, score=9.8, time=3.8, pointX=0.548144, pointY=0.472183, distance=2610, color='red'), ShootingResult(nth=9, score=7.4, time=4.5, pointX=0.456455, pointY=0.324416, distance=2613, color='orange'), ShootingResult(nth=10, score=8.9, time=3.7, pointX=0.498278, pointY=0.394577, distance=2611, color='orange')]",10,"[0.508529, 0.417473]",0.0820058295479901,"[0.055497536588212645, 0.07450888693364033]",0.03433445847848976,입문
20250107-c85e4ec5-e71d-4330-8377-875ecc8e60d9,"[ShootingResult(nth=1, score=9.5, time=2.6, pointX=0.527392, pointY=0.433954, distance=2584, color='red'), ShootingResult(nth=2, score=9.5, time=5.6, pointX=0.567902, pointY=0.480784, distance=2578, color='red'), ShootingResult(nth=3, score=10.7, time=6.2, pointX=0.502558, pointY=0.520294, distance=2575, color='red'), ShootingResult(nth=4, score=9.3, time=5.5, pointX=0.58495, pointY=0.498459, distance=2579, color='red'), ShootingResult(nth=5, score=8.7, time=7.8, pointX=0.520983, pointY=0.610664, distance=2582, color='orange'), ShootingResult(nth=6, score=9.6, time=6.0, pointX=0.455441, pointY=0.44989, distance=2580, color='red'), ShootingResult(nth=7, score=10.1, time=8.2, pointX=0.492715, pointY=0.457223, distance=2580, color='red'), ShootingResult(nth=8, score=7.1, time=6.6, pointX=0.509593, pointY=0.30491, distance=2577, color='orange'), ShootingResult(nth=9, score=8.0, time=8.7, pointX=0.519355, pointY=0.351892, distance=2586, color='orange'), ShootingResult(nth=10, score=10.3, time=6.4, pointX=0.513429, pointY=0.465437, distance=2586, color='red')]",10,"[0.516392, 0.46133]",0.07296565467267992,"[0.03454553853915148, 0.08045745176309027]",0.024304743995965043,입문
20250107-d5aaa791-9a14-45c8-b1b1-ec1e455b402e,"[ShootingResult(nth=1, score=3.6, time=4.6, pointX=0.634024, pointY=0.150327, distance=2633, color='blue'), ShootingResult(nth=2, score=8.7, time=10.8, pointX=0.506021, pointY=0.616276, distance=2640, color='orange'), ShootingResult(nth=3, score=6.1, time=6.0, pointX=0.362248, pointY=0.294175, distance=2637, color='green'), ShootingResult(nth=4, score=7.4, time=5.6, pointX=0.36578, pointY=0.621948, distance=2637, color='orange'), ShootingResult(nth=5, score=9.1, time=5.7, pointX=0.420025, pointY=0.549199, distance=2640, color='red'), ShootingResult(nth=6, score=9.6, time=5.0, pointX=0.453703, pointY=0.453065, distance=2638, color='red'), ShootingResult(nth=7, score=6.1, time=5.1, pointX=0.341135, pointY=0.312924, distance=2638, color='green'), ShootingResult(nth=8, score=2.9, time=6.6, pointX=0.104951, pointY=0.38793, distance=2642, color='blue'), ShootingResult(nth=9, score=8.2, time=6.5, pointX=0.389035, pointY=0.416685, distance=2637, color='orange'), ShootingResult(nth=10, score=4.4, time=8.1, pointX=0.483892, pointY=0.833903, distance=2641, color='blue')]",10,"[0.40453, 0.434875]",0.1950600343798387,"[0.1300754338875716, 0.18719549794468882]",0.07363774601095588,입문
20250107-e8c111f1-e120-47e6-a1f1-cb786a99a901,"[ShootingResult(nth=1, score=8.4, time=5.5, pointX=0.585859, pointY=0.40579, distance=2583, color='orange'), ShootingResult(nth=2, score=10.4, time=6.1, pointX=0.497284, pointY=0.468128, distance=2581, color='red'), ShootingResult(nth=3, score=7.5, time=6.6, pointX=0.570736, pointY=0.33842, distance=2582, color='orange'), ShootingResult(nth=4, score=9.7, time=5.3, pointX=0.477724, pointY=0.560106, distance=2583, color='red'), ShootingResult(nth=5, score=8.6, time=10.3, pointX=0.600487, pointY=0.437982, distance=2579, color='orange'), ShootingResult(nth=6, score=9.7, time=7.0, pointX=0.554863, pointY=0.524686, distance=2582, color='red'), ShootingResult(nth=7, score=7.9, time=6.0, pointX=0.607337, pointY=0.609157, distance=2580, color='orange'), ShootingResult(nth=8, score=9.5, time=15.9, pointX=0.558703, pointY=0.456066, distance=2582, color='red'), ShootingResult(nth=9, score=10.3, time=7.0, pointX=0.535642, pointY=0.507424, distance=2579, color='red'), ShootingResult(nth=10, score=9.9, time=9.1, pointX=0.464017, pointY=0.535307, distance=2580, color='red')]",10,"[0.556783, 0.487776]",0.0806373082169742,"[0.04798911466947479, 0.07533400695197355]",0.04038201406923871,입문
20250107-23304bc2-7814-4db0-b332-47cb9717563f,"[ShootingResult(nth=1, score=8.6, time=6.0, pointX=0.38599, pointY=0.534753, distance=2635, color='orange'), ShootingResult(nth=2, score=5.7, time=6.8, pointX=0.304872, pointY=0.315079, distance=2635, color='green'), ShootingResult(nth=3, score=10.4, time=6.2, pointX=0.534108, pointY=0.503661, distance=2642, color='red'), ShootingResult(nth=4, score=8.8, time=5.4, pointX=0.448834, pointY=0.597932, distance=2643, color='orange'), ShootingResult(nth=5, score=10.2, time=5.9, pointX=0.461851, pointY=0.51831, distance=2636, color='red'), ShootingResult(nth=6, score=9.8, time=5.3, pointX=0.486107, pointY=0.555951, distance=2644, color='red'), ShootingResult(nth=7, score=7.3, time=6.3, pointX=0.316111, pointY=0.478053, distance=2644, color='orange'), ShootingResult(nth=8, score=8.0, time=6.6, pointX=0.454395, pointY=0.359133, distance=2638, color='orange'), ShootingResult(nth=9, score=9.4, time=7.8, pointX=0.426154, pointY=0.482054, distance=2638, color='red'), ShootingResult(nth=10, score=9.4, time=6.6, pointX=0.562532, pointY=0.543229, distance=2643, color='red')]",10,"[0.45161450000000003, 0.5109855000000001]",0.09990081092288983,"[0.07964895569208678, 0.08350955319512852]",0.03656121383347799,입문
20250107-53ceed6c-7bbe-49fb-94e6-10b406ae7eee,"[ShootingResult(nth=1, score=9.8, time=0.4, pointX=0.541207, pointY=0.456868, distance=2645, color='red'), ShootingResult(nth=2, score=8.9, time=5.2, pointX=0.576696, pointY=0.568906, distance=2641, color='orange'), ShootingResult(nth=3, score=9.9, time=4.5, pointX=0.512674, pointY=0.552499, distance=2643, color='red'), ShootingResult(nth=4, score=10.7, time=5.1, pointX=0.522173, pointY=0.504349, distance=2646, color='red'), ShootingResult(nth=5, score=9.9, time=4.8, pointX=0.446005, pointY=0.490718, distance=2646, color='red'), ShootingResult(nth=6, score=7.9, time=4.2, pointX=0.40861, pointY=0.374442, distance=2651, color='orange'), ShootingResult(nth=7, score=9.4, time=12.5, pointX=0.424524, pointY=0.516827, distance=2646, color='red'), ShootingResult(nth=8, score=10.5, time=7.2, pointX=0.527175, pointY=0.489988, distance=2649, color='red'), ShootingResult(nth=9, score=8.3, time=11.9, pointX=0.498469, pointY=0.363039, distance=2643, color='orange'), ShootingResult(nth=10, score=9.8, time=14.5, pointX=0.445195, pointY=0.477244, distance=2648, color='red')]",10,"[0.5055715, 0.490353]",0.07459819807681879,"[0.052910313345887486, 0.06378600915561343]",0.033912039340195495,입문
20250107-812fe74c-0912-4b4e-aee0-5c028a15ffca,"[ShootingResult(nth=1, score=9.7, time=6.1, pointX=0.517498, pointY=0.437953, distance=2581, color='red'), ShootingResult(nth=2, score=9.9, time=6.5, pointX=0.546945, pointY=0.475571, distance=2578, color='red'), ShootingResult(nth=3, score=10.9, time=5.8, pointX=0.491536, pointY=0.507716, distance=2580, color='red'), ShootingResult(nth=4, score=9.0, time=6.8, pointX=0.508285, pointY=0.402739, distance=2578, color='red'), ShootingResult(nth=5, score=9.3, time=8.1, pointX=0.46871, pointY=0.424334, distance=2580, color='red'), ShootingResult(nth=6, score=9.4, time=6.7, pointX=0.578249, pointY=0.493771, distance=2581, color='red'), ShootingResult(nth=7, score=10.9, time=9.3, pointX=0.492119, pointY=0.502245, distance=2580, color='red'), ShootingResult(nth=8, score=8.2, time=7.3, pointX=0.548818, pointY=0.371053, distance=2580, color='orange'), ShootingResult(nth=9, score=8.8, time=9.5, pointX=0.533536, pointY=0.39585, distance=2583, color='orange'), ShootingResult(nth=10, score=8.4, time=12.3, pointX=0.487551, pointY=0.371075, distance=2586, color='orange')]",10,"[0.5128915000000001, 0.4311435]",0.055785939682758315,"[0.03236627802528429, 0.05067225252354587]",0.03184719015794704,입문
20250107-e1e0a655-93ed-4115-8129-e0d09033f9ab,"[ShootingResult(nth=1, score=8.7, time=8.1, pointX=0.385021, pointY=0.500062, distance=2638, color='orange'), ShootingResult(nth=2, score=7.5, time=5.6, pointX=0.618206, pointY=0.370726, distance=2640, color='orange'), ShootingResult(nth=3, score=8.8, time=7.9, pointX=0.435603, pointY=0.587888, distance=2640, color='orange'), ShootingResult(nth=4, score=10.2, time=6.1, pointX=0.538633, pointY=0.49448, distance=2641, color='red'), ShootingResult(nth=5, score=8.2, time=6.0, pointX=0.417544, pointY=0.388875, distance=2638, color='orange'), ShootingResult(nth=6, score=7.1, time=5.5, pointX=0.454017, pointY=0.692334, distance=2640, color='orange'), ShootingResult(nth=7, score=7.6, time=8.0, pointX=0.339554, pointY=0.561135, distance=2638, color='orange'), ShootingResult(nth=8, score=8.0, time=4.8, pointX=0.360513, pointY=0.446235, distance=2641, color='orange'), ShootingResult(nth=9, score=9.1, time=5.9, pointX=0.408505, pointY=0.517419, distance=2642, color='red'), ShootingResult(nth=10, score=7.4, time=5.6, pointX=0.392423, pointY=0.354076, distance=2640, color='orange')]",10,"[0.4130245, 0.497271]",0.11319418289296532,"[0.08040018495183951, 0.10063804973368672]",0.04763757705919813,입문
20250107-b0ee152e-9484-43a1-8e16-6a94c5fbf5a5,"[ShootingResult(nth=1, score=10.0, time=0.2, pointX=0.47048, pointY=0.536216, distance=2650, color='red'), ShootingResult(nth=2, score=8.9, time=4.1, pointX=0.452699, pointY=0.409049, distance=2652, color='orange'), ShootingResult(nth=3, score=10.1, time=4.7, pointX=0.458058, pointY=0.48628, distance=2653, color='red'), ShootingResult(nth=4, score=8.8, time=5.1, pointX=0.412978, pointY=0.438081, distance=2653, color='orange'), ShootingResult(nth=5, score=10.9, time=7.0, pointX=0.511824, pointY=0.490483, distance=2653, color='red'), ShootingResult(nth=6, score=7.4, time=7.5, pointX=0.569859, pointY=0.330554, distance=2653, color='orange'), ShootingResult(nth=7, score=10.6, time=4.9, pointX=0.482789, pointY=0.47957, distance=2650, color='red'), ShootingResult(nth=8, score=9.3, time=12.3, pointX=0.418806, pointY=0.490737, distance=2651, color='red'), ShootingResult(nth=9, score=10.1, time=4.7, pointX=0.52715, pointY=0.465618, distance=2653, color='red'), ShootingResult(nth=10, score=7.4, time=5.0, pointX=0.67898, pointY=0.486804, distance=2656, color='orange')]",10,"[0.4766345, 0.482925]",0.07638085000525774,"[0.07556036537107268, 0.054149121937109926]",0.01518031055890711,입문
20250107-5b3c9a93-06f9-45ae-b733-96705f1ea1a3,"[ShootingResult(nth=1, score=9.5, time=1.5, pointX=0.425289, pointY=0.505487, distance=2590, color='red'), ShootingResult(nth=2, score=9.2, time=5.1, pointX=0.495594, pointY=0.586897, distance=2589, color='red'), ShootingResult(nth=3, score=10.6, time=6.3, pointX=0.480416, pointY=0.517419, distance=2592, color='red'), ShootingResult(nth=4, score=9.3, time=5.4, pointX=0.477402, pointY=0.417845, distance=2592, color='red'), ShootingResult(nth=5, score=9.7, time=6.2, pointX=0.452997, pointY=0.539755, distance=2592, color='red'), ShootingResult(nth=6, score=9.8, time=6.9, pointX=0.554912, pointY=0.4843, distance=2590, color='red'), ShootingResult(nth=7, score=9.9, time=5.4, pointX=0.464471, pointY=0.459652, distance=2586, color='red'), ShootingResult(nth=8, score=9.2, time=8.7, pointX=0.480844, pointY=0.585608, distance=2590, color='red'), ShootingResult(nth=9, score=9.1, time=5.8, pointX=0.527719, pointY=0.410178, distance=2588, color='red'), ShootingResult(nth=10, score=9.8, time=7.6, pointX=0.464454, pointY=0.454938, distance=2591, color='red')]",10,"[0.47890900000000003, 0.4948935]",0.06454248317218195,"[0.035052718387594425, 0.059474765624506674]",0.03975958732810006,입문
20250107-d1a2ce3c-9309-475d-b502-a0c0d50f70af,"[ShootingResult(nth=1, score=6.2, time=4.4, pointX=0.321652, pointY=0.661244, distance=2634, color='green'), ShootingResult(nth=2, score=8.2, time=3.5, pointX=0.476719, pointY=0.638647, distance=2632, color='orange'), ShootingResult(nth=3, score=7.9, time=3.9, pointX=0.347187, pointY=0.491081, distance=2635, color='orange'), ShootingResult(nth=4, score=9.8, time=3.1, pointX=0.476966, pointY=0.555208, distance=2635, color='red'), ShootingResult(nth=5, score=9.5, time=5.2, pointX=0.555736, pointY=0.549474, distance=2638, color='red'), ShootingResult(nth=6, score=9.8, time=4.9, pointX=0.499768, pointY=0.441343, distance=2637, color='red'), ShootingResult(nth=7, score=9.1, time=3.8, pointX=0.439949, pointY=0.573733, distance=2641, color='red'), ShootingResult(nth=8, score=7.1, time=3.7, pointX=0.458577, pointY=0.69272, distance=2638, color='orange'), ShootingResult(nth=9, score=9.9, time=3.6, pointX=0.510006, pointY=0.552027, distance=2635, color='red'), ShootingResult(nth=10, score=8.2, time=6.2, pointX=0.479169, pointY=0.362657, distance=2638, color='orange')]",10,"[0.4768425, 0.5536175000000001]",0.10195199029813998,"[0.06807044563751584, 0.09567632317684455]",0.040247472463965366,입문
20250107-e9281ccb-54cb-4e6a-ab58-9ecab95d68c9,"[ShootingResult(nth=1, score=9.5, time=0.1, pointX=0.430183, pointY=0.523794, distance=2593, color='red'), ShootingResult(nth=2, score=10.0, time=5.7, pointX=0.452302, pointY=0.492638, distance=2587, color='red'), ShootingResult(nth=3, score=6.5, time=5.1, pointX=0.441172, pointY=0.28167, distance=2588, color='green'), ShootingResult(nth=4, score=10.1, time=4.6, pointX=0.465304, pointY=0.528292, distance=2593, color='red'), ShootingResult(nth=5, score=10.1, time=4.8, pointX=0.545686, pointY=0.502418, distance=2589, color='red'), ShootingResult(nth=6, score=8.5, time=5.0, pointX=0.43839, pointY=0.392379, distance=2590, color='orange'), ShootingResult(nth=7, score=8.6, time=5.9, pointX=0.452502, pointY=0.390664, distance=2590, color='orange'), ShootingResult(nth=8, score=9.0, time=4.8, pointX=0.462269, pointY=0.589674, distance=2589, color='red'), ShootingResult(nth=9, score=8.2, time=6.3, pointX=0.419603, pointY=0.388697, distance=2587, color='orange'), ShootingResult(nth=10, score=9.1, time=7.1, pointX=0.587086, pointY=0.538844, distance=2590, color='red')]",10,"[0.45240199999999997, 0.497528]",0.09423762255251808,"[0.05107953646823746, 0.08989493914342454]",0.0368030742270621,입문
20250107-d6f8da77-4262-4070-8cef-fc8450f2bafc,"[ShootingResult(nth=1, score=10.5, time=1.0, pointX=0.509042, pointY=0.471453, distance=2650, color='red'), ShootingResult(nth=2, score=10.0, time=3.7, pointX=0.46523, pointY=0.465929, distance=2652, color='red'), ShootingResult(nth=3, score=8.1, time=5.2, pointX=0.564558, pointY=0.371848, distance=2654, color='orange'), ShootingResult(nth=4, score=9.5, time=5.4, pointX=0.558308, pointY=0.457738, distance=2652, color='red'), ShootingResult(nth=5, score=8.0, time=5.6, pointX=0.447202, pointY=0.360752, distance=2659, color='orange'), ShootingResult(nth=6, score=10.0, time=5.8, pointX=0.540094, pointY=0.471356, distance=2650, color='red'), ShootingResult(nth=7, score=9.9, time=4.0, pointX=0.44933, pointY=0.481209, distance=2654, color='red'), ShootingResult(nth=8, score=8.0, time=4.0, pointX=0.508812, pointY=0.352545, distance=2654, color='orange'), ShootingResult(nth=9, score=8.4, time=6.6, pointX=0.482866, pointY=0.369991, distance=2655, color='orange'), ShootingResult(nth=10, score=9.9, time=4.9, pointX=0.48832, pointY=0.44927, distance=2655, color='red')]",10,"[0.498566, 0.453504]",0.06265019018145304,"[0.0403851258108725, 0.05102002028312023]",0.029221862123834527,입문
20250107-c0033628-0d8f-4b6c-b906-61fdde9ccba5,"[ShootingResult(nth=1, score=10.1, time=2.0, pointX=0.473217, pointY=0.536185, distance=2641, color='red'), ShootingResult(nth=2, score=10.2, time=3.4, pointX=0.460472, pointY=0.508734, distance=2636, color='red'), ShootingResult(nth=3, score=9.3, time=3.3, pointX=0.459528, pointY=0.573061, distance=2640, color='red'), ShootingResult(nth=4, score=9.4, time=4.2, pointX=0.441146, pointY=0.550252, distance=2638, color='red'), ShootingResult(nth=5, score=9.3, time=5.1, pointX=0.505556, pointY=0.581159, distance=2638, color='red'), ShootingResult(nth=6, score=8.4, time=5.8, pointX=0.524891, pointY=0.373568, distance=2641, color='orange'), ShootingResult(nth=7, score=7.6, time=2.5, pointX=0.458755, pointY=0.664864, distance=2642, color='orange'), ShootingResult(nth=8, score=10.5, time=7.8, pointX=0.484427, pointY=0.473334, distance=2638, color='red'), ShootingResult(nth=9, score=7.1, time=3.1, pointX=0.310123, pointY=0.543928, distance=2638, color='orange'), ShootingResult(nth=10, score=2.9, time=5.4, pointX=0.0917358, pointY=0.448512, distance=2637, color='blue')]",10,"[0.45999999999999996, 0.5400564999999999]",0.1064851578094658,"[0.12258671365550838, 0.07606667972910346]",0.0005950581352886647,입문
20250107-308a3d0d-6add-477c-9d89-5aeffbf06c7c,"[ShootingResult(nth=1, score=9.1, time=0.2, pointX=0.518359, pointY=0.406507, distance=2655, color='red'), ShootingResult(nth=2, score=6.5, time=4.0, pointX=0.497879, pointY=0.271626, distance=2651, color='green'), ShootingResult(nth=3, score=8.3, time=5.5, pointX=0.558266, pointY=0.378568, distance=2652, color='orange'), ShootingResult(nth=4, score=7.6, time=7.9, pointX=0.583506, pointY=0.353399, distance=2652, color='orange'), ShootingResult(nth=5, score=8.0, time=7.2, pointX=0.451568, pointY=0.360541, distance=2655, color='orange'), ShootingResult(nth=6, score=10.6, time=5.0, pointX=0.473479, pointY=0.494485, distance=2653, color='red'), ShootingResult(nth=7, score=9.4, time=5.9, pointX=0.455166, pointY=0.437638, distance=2651, color='red'), ShootingResult(nth=8, score=7.5, time=7.1, pointX=0.55941, pointY=0.335288, distance=2651, color='orange'), ShootingResult(nth=9, score=8.9, time=4.8, pointX=0.51839, pointY=0.396105, distance=2654, color='orange'), ShootingResult(nth=10, score=7.5, time=7.4, pointX=0.672305, pointY=0.459474, distance=2656, color='orange')]",10,"[0.5183745, 0.3873365]",0.07649470334570015,"[0.06404083822187215, 0.06137001705140712]",0.030347639955346326,입문
20250107-2ceb92d7-278f-4be2-8d69-f3afdf376e09,"[ShootingResult(nth=1, score=7.8, time=2.2, pointX=0.436655, pointY=0.353638, distance=2595, color='orange'), ShootingResult(nth=2, score=10.0, time=5.8, pointX=0.53521, pointY=0.468736, distance=2589, color='red'), ShootingResult(nth=3, score=10.3, time=5.2, pointX=0.535283, pointY=0.511766, distance=2590, color='red'), ShootingResult(nth=4, score=10.4, time=5.7, pointX=0.468953, pointY=0.507292, distance=2590, color='red'), ShootingResult(nth=5, score=8.5, time=5.8, pointX=0.420309, pointY=0.40461, distance=2593, color='orange'), ShootingResult(nth=6, score=9.6, time=10.1, pointX=0.557536, pointY=0.460484, distance=2586, color='red'), ShootingResult(nth=7, score=8.2, time=7.8, pointX=0.378798, pointY=0.432253, distance=2591, color='orange'), ShootingResult(nth=8, score=10.1, time=5.2, pointX=0.457475, pointY=0.512821, distance=2592, color='red'), ShootingResult(nth=9, score=9.9, time=8.6, pointX=0.511974, pointY=0.447573, distance=2589, color='red'), ShootingResult(nth=10, score=5.4, time=4.3, pointX=0.451811, pointY=0.219565, distance=2593, color='green')]",10,"[0.463214, 0.4540285]",0.09134085881839252,"[0.054803868316388026, 0.08543200422300766]",0.04036755290864715,입문
20250107-308beeec-6474-45c6-9918-8907028c9bbd,"[ShootingResult(nth=1, score=9.4, time=3.8, pointX=0.433491, pointY=0.539402, distance=2637, color='red'), ShootingResult(nth=2, score=10.9, time=3.6, pointX=0.486903, pointY=0.507885, distance=2642, color='red'), ShootingResult(nth=3, score=7.6, time=2.6, pointX=0.370271, pointY=0.607559, distance=2641, color='orange'), ShootingResult(nth=4, score=6.8, time=2.6, pointX=0.711418, pointY=0.528004, distance=2637, color='green'), ShootingResult(nth=5, score=3.7, time=3.5, pointX=0.702717, pointY=0.810351, distance=2637, color='blue'), ShootingResult(nth=6, score=9.4, time=4.1, pointX=0.461669, pointY=0.431996, distance=2645, color='red'), ShootingResult(nth=7, score=9.5, time=1.9, pointX=0.434673, pointY=0.473049, distance=2637, color='red'), ShootingResult(nth=8, score=5.5, time=1.7, pointX=0.226274, pointY=0.448144, distance=2641, color='green'), ShootingResult(nth=9, score=8.0, time=1.8, pointX=0.359985, pointY=0.445369, distance=2636, color='orange'), ShootingResult(nth=10, score=9.7, time=7.6, pointX=0.56423, pointY=0.507133, distance=2638, color='red')]",10,"[0.448171, 0.507509]",0.14276569548876508,"[0.14333182738627873, 0.10603175220828902]",0.030363968525567525,입문
20250107-8dfe470c-8753-4285-acdf-3ca3a383a18e,"[ShootingResult(nth=1, score=9.4, time=0.1, pointX=0.497767, pointY=0.421446, distance=2652, color='red'), ShootingResult(nth=2, score=8.5, time=9.3, pointX=0.54329, pointY=0.383623, distance=2656, color='orange'), ShootingResult(nth=3, score=7.9, time=8.4, pointX=0.360809, pointY=0.56556, distance=2655, color='orange'), ShootingResult(nth=4, score=6.8, time=4.4, pointX=0.534806, pointY=0.28929, distance=2655, color='green'), ShootingResult(nth=5, score=9.2, time=4.0, pointX=0.522754, pointY=0.41498, distance=2656, color='red'), ShootingResult(nth=6, score=7.2, time=8.6, pointX=0.35443, pointY=0.37953, distance=2656, color='orange'), ShootingResult(nth=7, score=8.2, time=7.3, pointX=0.626782, pointY=0.435406, distance=2659, color='orange'), ShootingResult(nth=8, score=8.7, time=4.7, pointX=0.421085, pointY=0.417667, distance=2652, color='orange'), ShootingResult(nth=9, score=9.2, time=5.2, pointX=0.586448, pointY=0.517428, distance=2655, color='red'), ShootingResult(nth=10, score=6.7, time=3.6, pointX=0.519125, pointY=0.283138, distance=2657, color='green')]",10,"[0.5209395, 0.4163235]",0.10438862079154118,"[0.08614307391682746, 0.08299534730067704]",0.04091873861471805,입문
20250107-d47f69e8-d120-46af-812d-8242aa05ed1f,"[ShootingResult(nth=1, score=7.1, time=0.2, pointX=0.599519, pointY=0.668019, distance=2591, color='orange'), ShootingResult(nth=2, score=7.6, time=4.4, pointX=0.4084, pointY=0.356727, distance=2590, color='orange'), ShootingResult(nth=3, score=10.2, time=5.0, pointX=0.534111, pointY=0.524034, distance=2588, color='red'), ShootingResult(nth=4, score=9.7, time=5.9, pointX=0.463262, pointY=0.54938, distance=2589, color='red'), ShootingResult(nth=5, score=10.3, time=7.4, pointX=0.464558, pointY=0.48765, distance=2587, color='red'), ShootingResult(nth=6, score=8.2, time=7.2, pointX=0.534997, pointY=0.634449, distance=2590, color='orange'), ShootingResult(nth=7, score=10.2, time=6.3, pointX=0.468749, pointY=0.473177, distance=2584, color='red'), ShootingResult(nth=8, score=7.5, time=7.0, pointX=0.553342, pointY=0.665951, distance=2583, color='orange'), ShootingResult(nth=9, score=7.7, time=6.0, pointX=0.390492, pointY=0.373999, distance=2591, color='orange'), ShootingResult(nth=10, score=9.0, time=7.9, pointX=0.457615, pointY=0.411622, distance=2589, color='red')]",10,"[0.46665350000000005, 0.505842]",0.11089472873719222,"[0.0627199065293468, 0.10947420205491336]",0.046625873547804036,입문
20250107-18a972da-e191-4756-bdcd-301bda89a52a,"[ShootingResult(nth=1, score=6.3, time=4.7, pointX=0.658088, pointY=0.677355, distance=2636, color='green'), ShootingResult(nth=2, score=7.0, time=9.6, pointX=0.468644, pointY=0.299405, distance=2636, color='orange'), ShootingResult(nth=3, score=7.0, time=4.6, pointX=0.601364, pointY=0.675919, distance=2637, color='orange'), ShootingResult(nth=4, score=9.5, time=4.6, pointX=0.425863, pointY=0.503547, distance=2640, color='red'), ShootingResult(nth=5, score=6.9, time=2.7, pointX=0.519995, pointY=0.704371, distance=2636, color='green'), ShootingResult(nth=6, score=6.3, time=2.7, pointX=0.579769, pointY=0.276652, distance=2635, color='green'), ShootingResult(nth=7, score=2.9, time=7.2, pointX=0.423723, pointY=0.0940144, distance=2637, color='blue'), ShootingResult(nth=8, score=8.3, time=2.4, pointX=0.441403, pointY=0.377542, distance=2636, color='orange'), ShootingResult(nth=9, score=6.6, time=7.2, pointX=0.450261, pointY=0.717275, distance=2636, color='green'), ShootingResult(nth=10, score=9.4, time=5.2, pointX=0.425864, pointY=0.52547, distance=2638, color='red')]",10,"[0.45945250000000004, 0.5145085]",0.1986716076262886,"[0.08107295530471305, 0.20488502822005905]",0.09122156889320097,입문
20250107-71b994a0-e47c-4f26-82bd-3bb723abaa5d,"[ShootingResult(nth=1, score=10.0, time=8.8, pointX=0.522071, pointY=0.458776, distance=2588, color='red'), ShootingResult(nth=2, score=4.3, time=5.8, pointX=0.41383, pointY=0.168393, distance=2589, color='blue'), ShootingResult(nth=3, score=8.0, time=5.8, pointX=0.446967, pointY=0.3579, distance=2589, color='orange'), ShootingResult(nth=4, score=4.8, time=5.6, pointX=0.516028, pointY=0.187154, distance=2592, color='blue'), ShootingResult(nth=5, score=8.3, time=6.9, pointX=0.41121, pointY=0.400037, distance=2592, color='orange'), ShootingResult(nth=6, score=6.3, time=5.3, pointX=0.401078, pointY=0.285112, distance=2589, color='green'), ShootingResult(nth=7, score=9.2, time=5.4, pointX=0.419361, pointY=0.538199, distance=2588, color='red'), ShootingResult(nth=8, score=5.9, time=6.4, pointX=0.572067, pointY=0.253558, distance=2589, color='green'), ShootingResult(nth=9, score=8.9, time=7.3, pointX=0.467524, pointY=0.400197, distance=2592, color='orange'), ShootingResult(nth=10, score=8.8, time=6.2, pointX=0.43843, pointY=0.407367, distance=2589, color='orange')]",10,"[0.4426985, 0.3789685]",0.10950015060753368,"[0.05465420262742839, 0.11333657357274395]",0.03683288763976089,입문
20250107-73ee040c-b476-4a23-b20e-0c5d3c4172e6,"[ShootingResult(nth=1, score=8.9, time=9.1, pointX=0.526483, pointY=0.601443, distance=2655, color='orange'), ShootingResult(nth=2, score=5.8, time=20.1, pointX=0.529379, pointY=0.237918, distance=2657, color='green'), ShootingResult(nth=3, score=5.0, time=3.7, pointX=0.60455, pointY=0.212196, distance=2656, color='green'), ShootingResult(nth=4, score=7.9, time=3.6, pointX=0.446344, pointY=0.355747, distance=2658, color='orange'), ShootingResult(nth=5, score=7.5, time=3.2, pointX=0.5445, pointY=0.328688, distance=2657, color='orange'), ShootingResult(nth=6, score=6.8, time=3.2, pointX=0.585774, pointY=0.308624, distance=2656, color='green'), ShootingResult(nth=7, score=10.6, time=4.7, pointX=0.51417, pointY=0.477388, distance=2654, color='red'), ShootingResult(nth=8, score=10.5, time=3.7, pointX=0.513438, pointY=0.526671, distance=2655, color='red'), ShootingResult(nth=9, score=8.4, time=3.5, pointX=0.538827, pointY=0.376645, distance=2655, color='orange'), ShootingResult(nth=10, score=9.3, time=3.5, pointX=0.418931, pointY=0.482168, distance=2657, color='red')]",10,"[0.527931, 0.36619599999999997]",0.11878343274368688,"[0.053128770166831464, 0.12082596415406748]",0.055955827659408736,입문
20250107-94c8cb7f-44ef-4875-905d-23adaadddd5f,"[ShootingResult(nth=1, score=5.5, time=10.8, pointX=0.408187, pointY=0.237534, distance=2636, color='green'), ShootingResult(nth=2, score=10.3, time=6.6, pointX=0.515754, pointY=0.534986, distance=2640, color='red'), ShootingResult(nth=3, score=6.8, time=6.7, pointX=0.496575, pointY=0.710016, distance=2638, color='green'), ShootingResult(nth=4, score=4.5, time=3.4, pointX=0.547592, pointY=0.828571, distance=2632, color='blue'), ShootingResult(nth=5, score=9.0, time=3.6, pointX=0.538361, pointY=0.588679, distance=2635, color='red'), ShootingResult(nth=6, score=4.4, time=1.9, pointX=0.251751, pointY=0.272572, distance=2636, color='blue'), ShootingResult(nth=7, score=7.2, time=11.1, pointX=0.395528, pointY=0.660377, distance=2640, color='orange'), ShootingResult(nth=8, score=8.5, time=1.8, pointX=0.576427, pointY=0.403102, distance=2636, color='orange'), ShootingResult(nth=9, score=6.9, time=1.8, pointX=0.349717, pointY=0.642411, distance=2640, color='green'), ShootingResult(nth=10, score=10.0, time=10.1, pointX=0.455885, pointY=0.517353, distance=2636, color='red')]",10,"[0.47623, 0.5618325]",0.1752649499059758,"[0.09684522494687077, 0.17938994197471048]",0.06640204204381284,입문
20250107-a72c63fb-236d-4a08-ab12-d861c68f0223,"[ShootingResult(nth=1, score=6.8, time=1.8, pointX=0.358229, pointY=0.656293, distance=2593, color='green'), ShootingResult(nth=2, score=5.4, time=9.0, pointX=0.372453, pointY=0.24813, distance=2583, color='green'), ShootingResult(nth=3, score=9.3, time=8.2, pointX=0.554432, pointY=0.43579, distance=2589, color='red'), ShootingResult(nth=4, score=10.3, time=13.2, pointX=0.4915, pointY=0.464872, distance=2590, color='red'), ShootingResult(nth=5, score=8.7, time=6.1, pointX=0.401207, pointY=0.5599, distance=2584, color='orange'), ShootingResult(nth=6, score=7.7, time=6.2, pointX=0.437877, pointY=0.655001, distance=2592, color='orange'), ShootingResult(nth=7, score=9.2, time=6.5, pointX=0.417168, pointY=0.46538, distance=2588, color='red'), ShootingResult(nth=8, score=8.9, time=5.8, pointX=0.582516, pointY=0.441058, distance=2589, color='orange'), ShootingResult(nth=9, score=9.9, time=7.2, pointX=0.550233, pointY=0.515478, distance=2584, color='red'), ShootingResult(nth=10, score=0.0, time=6.5, pointX=1.03288, pointY=0.532869, distance=2589, color='blue')]",10,"[0.4646885, 0.490429]",0.16996904627398277,"[0.1868786030872716, 0.11259005835281373]",0.022310424869532747,입문
20250107-f2d3e6d4-c2c5-4abf-bddd-f225df03d005,"[ShootingResult(nth=1, score=7.8, time=2.1, pointX=0.457023, pointY=0.344964, distance=2656, color='orange'), ShootingResult(nth=2, score=7.1, time=3.7, pointX=0.306984, pointY=0.546757, distance=2649, color='orange'), ShootingResult(nth=3, score=10.1, time=3.6, pointX=0.466829, pointY=0.473249, distance=2657, color='red'), ShootingResult(nth=4, score=10.7, time=6.2, pointX=0.492555, pointY=0.478038, distance=2658, color='red'), ShootingResult(nth=5, score=1.8, time=2.8, pointX=0.465032, pointY=0.0304313, distance=2653, color='blue'), ShootingResult(nth=6, score=3.1, time=4.3, pointX=0.118863, pointY=0.623585, distance=2655, color='blue'), ShootingResult(nth=7, score=1.0, time=5.0, pointX=0.829751, pointY=0.110671, distance=2654, color='blue'), ShootingResult(nth=8, score=6.3, time=3.4, pointX=0.328444, pointY=0.338822, distance=2658, color='green'), ShootingResult(nth=9, score=9.0, time=2.8, pointX=0.584057, pointY=0.553783, distance=2655, color='red'), ShootingResult(nth=10, score=3.4, time=4.3, pointX=0.794076, pointY=0.751965, distance=2657, color='blue')]",10,"[0.4659305, 0.4756435]",0.24368215798599585,"[0.20396419144212544, 0.21241751625402291]",0.06983404203345767,입문
20250107-ed985775-e465-4fdb-ac6d-e397dad19e85,"[ShootingResult(nth=1, score=8.1, time=6.6, pointX=0.63889, pointY=0.533513, distance=2641, color='orange'), ShootingResult(nth=2, score=8.5, time=3.2, pointX=0.578289, pointY=0.595026, distance=2635, color='orange'), ShootingResult(nth=3, score=8.1, time=3.5, pointX=0.534219, pointY=0.642031, distance=2635, color='orange'), ShootingResult(nth=4, score=6.9, time=2.9, pointX=0.708028, pointY=0.515848, distance=2638, color='green'), ShootingResult(nth=5, score=8.7, time=3.6, pointX=0.614535, pointY=0.50779, distance=2638, color='orange'), ShootingResult(nth=6, score=8.1, time=8.1, pointX=0.525034, pointY=0.643953, distance=2641, color='orange'), ShootingResult(nth=7, score=6.7, time=5.9, pointX=0.653146, pointY=0.65098, distance=2637, color='green'), ShootingResult(nth=8, score=9.1, time=6.7, pointX=0.592831, pointY=0.499106, distance=2636, color='red'), ShootingResult(nth=9, score=8.8, time=5.6, pointX=0.412123, pointY=0.435326, distance=2636, color='orange'), ShootingResult(nth=10, score=8.9, time=3.2, pointX=0.581733, pointY=0.562318, distance=2636, color='orange')]",10,"[0.587282, 0.5479155]",0.08925629830519524,"[0.07727991762650889, 0.06920648009175154]",0.03521449906142467,입문
20250108-f0c10d1b-39ba-43a0-a59c-8629dcdcb2c1,"[ShootingResult(nth=1, score=9.2, time=6.9, pointX=0.589353, pointY=0.483473, distance=0, color='red'), ShootingResult(nth=2, score=10.9, time=11.5, pointX=0.514046, pointY=0.504754, distance=0, color='red'), ShootingResult(nth=3, score=9.3, time=10.5, pointX=0.576672, pointY=0.474595, distance=0, color='red'), ShootingResult(nth=4, score=9.9, time=8.6, pointX=0.549989, pointY=0.513912, distance=0, color='red'), ShootingResult(nth=5, score=9.5, time=12.5, pointX=0.553559, pointY=0.547647, distance=0, color='red'), ShootingResult(nth=6, score=10.4, time=5.2, pointX=0.53224, pointY=0.500908, distance=0, color='red'), ShootingResult(nth=7, score=9.5, time=4.5, pointX=0.516897, pointY=0.569446, distance=0, color='red'), ShootingResult(nth=8, score=10.7, time=7.4, pointX=0.521328, pointY=0.510385, distance=0, color='red'), ShootingResult(nth=9, score=9.6, time=6.2, pointX=0.435861, pointY=0.518273, distance=0, color='red'), ShootingResult(nth=10, score=10.4, time=9.2, pointX=0.51252, pointY=0.531353, distance=0, color='red')]",10,"[0.526784, 0.5121485]",0.04051584173940599,"[0.04040937366812309, 0.026941857609303777]",0.013307394755107036,입문
20250108-054a49a5-7781-4983-bdbd-133c001489af,"[ShootingResult(nth=1, score=9.6, time=8.1, pointX=0.559447, pointY=0.529745, distance=0, color='red'), ShootingResult(nth=2, score=10.9, time=9.7, pointX=0.490491, pointY=0.48715, distance=0, color='red'), ShootingResult(nth=3, score=9.6, time=12.2, pointX=0.435367, pointY=0.479966, distance=0, color='red'), ShootingResult(nth=4, score=10.3, time=7.8, pointX=0.536574, pointY=0.502621, distance=0, color='red'), ShootingResult(nth=5, score=10.1, time=24.9, pointX=0.494597, pointY=0.543268, distance=0, color='red'), ShootingResult(nth=6, score=10.5, time=6.5, pointX=0.490165, pointY=0.470758, distance=0, color='red'), ShootingResult(nth=7, score=10.9, time=9.7, pointX=0.509476, pointY=0.488753, distance=0, color='red'), ShootingResult(nth=8, score=9.9, time=5.3, pointX=0.485876, pointY=0.447487, distance=0, color='red'), ShootingResult(nth=9, score=9.8, time=8.2, pointX=0.495772, pointY=0.441298, distance=0, color='red'), ShootingResult(nth=10, score=10.5, time=7.2, pointX=0.526322, pointY=0.487142, distance=0, color='red')]",10,"[0.4951845, 0.487146]",0.03915999567739367,"[0.03194895295952592, 0.03032635738363576]",0.017722644829014388,입문
20250108-13d4dab0-250b-40d8-ae47-64348d711f0c,"[ShootingResult(nth=1, score=10.1, time=10.5, pointX=0.502153, pointY=0.457227, distance=0, color='red'), ShootingResult(nth=2, score=9.6, time=7.7, pointX=0.492939, pointY=0.565881, distance=0, color='red'), ShootingResult(nth=3, score=10.1, time=11.8, pointX=0.454325, pointY=0.504825, distance=0, color='red'), ShootingResult(nth=4, score=9.5, time=9.0, pointX=0.498035, pointY=0.571288, distance=0, color='red'), ShootingResult(nth=5, score=10.1, time=15.8, pointX=0.464887, pointY=0.528613, distance=0, color='red'), ShootingResult(nth=6, score=10.3, time=9.3, pointX=0.463709, pointY=0.495573, distance=0, color='red'), ShootingResult(nth=7, score=10.6, time=13.2, pointX=0.472865, pointY=0.500306, distance=0, color='red'), ShootingResult(nth=8, score=9.8, time=9.9, pointX=0.449188, pointY=0.478566, distance=0, color='red'), ShootingResult(nth=9, score=9.9, time=6.1, pointX=0.526162, pointY=0.456128, distance=0, color='red'), ShootingResult(nth=10, score=10.1, time=7.5, pointX=0.531124, pointY=0.533028, distance=0, color='red')]",10,"[0.482902, 0.5025655]",0.04366702947729363,"[0.0275218979034877, 0.038408947648301946]",0.02427334671255889,입문
20250108-2433fc88-a2e1-428b-bacf-c591ca8e46d1,"[ShootingResult(nth=1, score=8.5, time=3.6, pointX=0.531354, pointY=0.619895, distance=0, color='orange'), ShootingResult(nth=2, score=9.9, time=5.3, pointX=0.460176, pointY=0.469344, distance=0, color='red'), ShootingResult(nth=3, score=8.9, time=6.4, pointX=0.413877, pointY=0.446068, distance=0, color='orange'), ShootingResult(nth=4, score=8.0, time=4.8, pointX=0.348041, pointY=0.497279, distance=0, color='orange'), ShootingResult(nth=5, score=9.7, time=9.7, pointX=0.47786, pointY=0.560788, distance=0, color='red'), ShootingResult(nth=6, score=9.2, time=6.0, pointX=0.550642, pointY=0.430529, distance=0, color='red'), ShootingResult(nth=7, score=8.2, time=5.5, pointX=0.364931, pointY=0.541559, distance=0, color='orange'), ShootingResult(nth=8, score=8.8, time=3.6, pointX=0.39448, pointY=0.465932, distance=0, color='orange'), ShootingResult(nth=9, score=9.7, time=8.1, pointX=0.447164, pointY=0.534187, distance=0, color='red'), ShootingResult(nth=10, score=10.4, time=9.6, pointX=0.468937, pointY=0.492721, distance=0, color='red')]",10,"[0.45367, 0.495]",0.07501307926924305,"[0.06311294221282984, 0.05524641907454273]",0.035156736331810184,입문
20250108-206037d9-1297-4b91-ba1d-afc291f68556,"[ShootingResult(nth=1, score=7.7, time=6.3, pointX=0.349995, pointY=0.571992, distance=0, color='orange'), ShootingResult(nth=2, score=10.0, time=18.8, pointX=0.452115, pointY=0.501937, distance=0, color='red'), ShootingResult(nth=3, score=8.9, time=4.2, pointX=0.414231, pointY=0.560492, distance=0, color='orange'), ShootingResult(nth=4, score=9.9, time=6.3, pointX=0.534342, pointY=0.459102, distance=0, color='red'), ShootingResult(nth=5, score=9.9, time=12.2, pointX=0.533501, pointY=0.540706, distance=0, color='red'), ShootingResult(nth=6, score=10.2, time=4.6, pointX=0.462622, pointY=0.488003, distance=0, color='red'), ShootingResult(nth=7, score=10.7, time=5.2, pointX=0.490058, pointY=0.481776, distance=0, color='red'), ShootingResult(nth=8, score=9.3, time=7.6, pointX=0.437161, pointY=0.447589, distance=0, color='red'), ShootingResult(nth=9, score=10.9, time=6.4, pointX=0.505479, pointY=0.502592, distance=0, color='red'), ShootingResult(nth=10, score=10.7, time=24.7, pointX=0.516104, pointY=0.486994, distance=0, color='red')]",10,"[0.47634, 0.49497]",0.057143750390881896,"[0.05560673703392423, 0.0392488631607337]",0.01845495098117439,입문
20250108-5a3d2d6b-6f4a-4c51-acb0-90daaeaac781,"[ShootingResult(nth=1, score=9.6, time=8.4, pointX=0.53077, pointY=0.558423, distance=0, color='red'), ShootingResult(nth=2, score=10.9, time=19.5, pointX=0.487891, pointY=0.496032, distance=0, color='red'), ShootingResult(nth=3, score=9.3, time=14.3, pointX=0.565852, pointY=0.450712, distance=0, color='red'), ShootingResult(nth=4, score=10.6, time=9.0, pointX=0.522709, pointY=0.48551, distance=0, color='red'), ShootingResult(nth=5, score=10.2, time=9.3, pointX=0.502153, pointY=0.542077, distance=0, color='red'), ShootingResult(nth=6, score=10.6, time=5.9, pointX=0.522709, pointY=0.48551, distance=0, color='red'), ShootingResult(nth=7, score=9.9, time=6.1, pointX=0.550135, pointY=0.496409, distance=0, color='red'), ShootingResult(nth=8, score=10.0, time=5.3, pointX=0.546033, pointY=0.509622, distance=0, color='red'), ShootingResult(nth=9, score=10.1, time=9.7, pointX=0.521447, pointY=0.462209, distance=0, color='red'), ShootingResult(nth=10, score=10.7, time=16.8, pointX=0.502324, pointY=0.522806, distance=0, color='red')]",10,"[0.522709, 0.49622049999999995]",0.035378642203138445,"[0.022830484668749377, 0.031770704899325104]",0.017846792585590594,입문
20250108-8bb9151b-d791-4ef3-88b3-1c121b0aeb25,"[ShootingResult(nth=1, score=8.9, time=15.2, pointX=0.446609, pointY=0.586562, distance=0, color='orange'), ShootingResult(nth=2, score=8.8, time=10.7, pointX=0.537823, pointY=0.602157, distance=0, color='orange'), ShootingResult(nth=3, score=8.5, time=10.8, pointX=0.374289, pointY=0.51498, distance=0, color='orange'), ShootingResult(nth=4, score=8.7, time=7.2, pointX=0.47945, pointY=0.613534, distance=0, color='orange'), ShootingResult(nth=5, score=9.6, time=7.1, pointX=0.508509, pointY=0.565015, distance=0, color='red'), ShootingResult(nth=6, score=9.4, time=7.5, pointX=0.503676, pointY=0.575752, distance=0, color='red'), ShootingResult(nth=7, score=9.3, time=6.7, pointX=0.584053, pointY=0.508257, distance=0, color='red'), ShootingResult(nth=8, score=10.2, time=12.7, pointX=0.525716, pointY=0.533579, distance=0, color='red'), ShootingResult(nth=9, score=9.6, time=4.5, pointX=0.443191, pointY=0.464646, distance=0, color='red'), ShootingResult(nth=10, score=9.3, time=3.3, pointX=0.554555, pointY=0.560555, distance=0, color='red')]",10,"[0.5060925000000001, 0.5627850000000001]",0.06240316827801581,"[0.05860451944594377, 0.044220892428918725]",0.02107850234572245,입문
20250108-9268f8b3-0111-448e-87ed-d6e1c47363c0,"[ShootingResult(nth=1, score=7.6, time=4.0, pointX=0.650487, pointY=0.419654, distance=0, color='orange'), ShootingResult(nth=2, score=9.5, time=8.4, pointX=0.473195, pointY=0.433609, distance=0, color='red'), ShootingResult(nth=3, score=8.9, time=8.3, pointX=0.406356, pointY=0.451676, distance=0, color='orange'), ShootingResult(nth=4, score=8.7, time=10.3, pointX=0.411695, pointY=0.425549, distance=0, color='orange'), ShootingResult(nth=5, score=7.4, time=6.9, pointX=0.348949, pointY=0.596266, distance=0, color='orange'), ShootingResult(nth=6, score=10.2, time=2.5, pointX=0.458139, pointY=0.502361, distance=0, color='red'), ShootingResult(nth=7, score=9.4, time=10.8, pointX=0.424361, pointY=0.506657, distance=0, color='red'), ShootingResult(nth=8, score=10.2, time=14.2, pointX=0.462727, pointY=0.517282, distance=0, color='red'), ShootingResult(nth=9, score=10.6, time=4.2, pointX=0.481248, pointY=0.518669, distance=0, color='red'), ShootingResult(nth=10, score=8.5, time=10.4, pointX=0.378394, pointY=0.523933, distance=0, color='orange')]",10,"[0.44125000000000003, 0.504509]",0.07485858146423233,"[0.07829679246744405, 0.05309393396650881]",0.014544186785491728,입문
20250108-392770df-60bd-4600-8756-8f98406cb635,"[ShootingResult(nth=1, score=9.5, time=8.4, pointX=0.448426, pointY=0.445187, distance=0, color='red'), ShootingResult(nth=2, score=9.8, time=10.7, pointX=0.490044, pointY=0.557433, distance=0, color='red'), ShootingResult(nth=3, score=10.0, time=5.2, pointX=0.545371, pointY=0.479976, distance=0, color='red'), ShootingResult(nth=4, score=10.9, time=4.6, pointX=0.513617, pointY=0.493408, distance=0, color='red'), ShootingResult(nth=5, score=9.6, time=14.5, pointX=0.567294, pointY=0.511498, distance=0, color='red'), ShootingResult(nth=6, score=9.9, time=5.5, pointX=0.51071, pointY=0.446977, distance=0, color='red'), ShootingResult(nth=7, score=10.9, time=5.3, pointX=0.500433, pointY=0.491228, distance=0, color='red'), ShootingResult(nth=8, score=10.6, time=13.1, pointX=0.524615, pointY=0.507405, distance=0, color='red'), ShootingResult(nth=9, score=10.6, time=4.4, pointX=0.500236, pointY=0.524123, distance=0, color='red'), ShootingResult(nth=10, score=10.1, time=15.6, pointX=0.481039, pointY=0.540423, distance=0, color='red')]",10,"[0.5055715000000001, 0.5004065]",0.04124109567762275,"[0.031532393798283063, 0.03469617212546651]",0.018780125270955853,입문
20250108-f1456e36-ea25-4ea3-9eea-ef981f83efb7,"[ShootingResult(nth=1, score=9.8, time=11.9, pointX=0.551109, pointY=0.478306, distance=0, color='red'), ShootingResult(nth=2, score=10.9, time=6.0, pointX=0.496759, pointY=0.495403, distance=0, color='red'), ShootingResult(nth=3, score=10.5, time=9.4, pointX=0.472504, pointY=0.510437, distance=0, color='red'), ShootingResult(nth=4, score=9.3, time=9.9, pointX=0.535599, pointY=0.573252, distance=0, color='red'), ShootingResult(nth=5, score=10.6, time=9.6, pointX=0.480733, pointY=0.516707, distance=0, color='red'), ShootingResult(nth=6, score=10.2, time=8.4, pointX=0.5228, pointY=0.532001, distance=0, color='red'), ShootingResult(nth=7, score=10.7, time=7.6, pointX=0.482551, pointY=0.48612, distance=0, color='red'), ShootingResult(nth=8, score=9.8, time=6.6, pointX=0.555383, pointY=0.478396, distance=0, color='red'), ShootingResult(nth=9, score=8.9, time=9.2, pointX=0.511861, pointY=0.601448, distance=0, color='orange'), ShootingResult(nth=10, score=9.9, time=9.3, pointX=0.452709, pointY=0.52281, distance=0, color='red')]",10,"[0.50431, 0.513572]",0.046517494684138884,"[0.03301723361155504, 0.038656558237898]",0.025089380462138166,입문
20250108-af5e3a27-5a50-45ed-9efd-c8a2019c3a48,"[ShootingResult(nth=1, score=10.2, time=14.9, pointX=0.463327, pointY=0.515421, distance=0, color='red'), ShootingResult(nth=2, score=9.9, time=7.9, pointX=0.52647, pointY=0.456288, distance=0, color='red'), ShootingResult(nth=3, score=10.7, time=8.6, pointX=0.497572, pointY=0.523043, distance=0, color='red'), ShootingResult(nth=4, score=9.0, time=5.3, pointX=0.551375, pointY=0.581441, distance=0, color='red'), ShootingResult(nth=5, score=9.7, time=6.1, pointX=0.448199, pointY=0.469303, distance=0, color='red'), ShootingResult(nth=6, score=10.7, time=11.1, pointX=0.517959, pointY=0.484745, distance=0, color='red'), ShootingResult(nth=7, score=9.8, time=15.7, pointX=0.536099, pointY=0.547243, distance=0, color='red'), ShootingResult(nth=8, score=8.7, time=2.7, pointX=0.513758, pointY=0.615089, distance=0, color='orange'), ShootingResult(nth=9, score=8.2, time=5.8, pointX=0.542718, pointY=0.63107, distance=0, color='orange'), ShootingResult(nth=10, score=10.3, time=10.7, pointX=0.532713, pointY=0.51988, distance=0, color='red')]",10,"[0.5222145, 0.5214615]",0.05888216945782382,"[0.0322322347472216, 0.05633676993412028]",0.027316861471996745,입문
20250108-9aeb91ca-8867-4b43-826d-d47658db2089,"[ShootingResult(nth=1, score=10.5, time=8.3, pointX=0.521498, pointY=0.5178, distance=0, color='red'), ShootingResult(nth=2, score=9.9, time=11.0, pointX=0.545771, pointY=0.520207, distance=0, color='red'), ShootingResult(nth=3, score=9.6, time=9.6, pointX=0.467333, pointY=0.55891, distance=0, color='red'), ShootingResult(nth=4, score=10.7, time=12.7, pointX=0.517441, pointY=0.486143, distance=0, color='red'), ShootingResult(nth=5, score=10.4, time=7.0, pointX=0.529908, pointY=0.516796, distance=0, color='red'), ShootingResult(nth=6, score=9.7, time=10.6, pointX=0.511279, pointY=0.437415, distance=0, color='red'), ShootingResult(nth=7, score=10.9, time=5.5, pointX=0.513859, pointY=0.506314, distance=0, color='red'), ShootingResult(nth=8, score=10.2, time=12.1, pointX=0.476083, pointY=0.466948, distance=0, color='red'), ShootingResult(nth=9, score=9.9, time=8.3, pointX=0.451248, pointY=0.519693, distance=0, color='red'), ShootingResult(nth=10, score=9.8, time=6.8, pointX=0.495683, pointY=0.556789, distance=0, color='red')]",10,"[0.512569, 0.517298]",0.04100667877934598,"[0.028317916275919754, 0.035460541854997085]",0.017702703489976608,입문
20250108-469f2300-013b-4c54-be94-64f9cc7b7491,"[ShootingResult(nth=1, score=9.7, time=10.5, pointX=0.447301, pointY=0.537589, distance=0, color='red'), ShootingResult(nth=2, score=9.3, time=10.2, pointX=0.506692, pointY=0.415867, distance=0, color='red'), ShootingResult(nth=3, score=10.4, time=9.4, pointX=0.508014, pointY=0.467044, distance=0, color='red'), ShootingResult(nth=4, score=9.8, time=14.8, pointX=0.498049, pointY=0.555957, distance=0, color='red'), ShootingResult(nth=5, score=9.0, time=6.1, pointX=0.408946, pointY=0.532216, distance=0, color='red'), ShootingResult(nth=6, score=10.5, time=4.8, pointX=0.478095, pointY=0.481004, distance=0, color='red'), ShootingResult(nth=7, score=10.3, time=6.3, pointX=0.468888, pointY=0.481378, distance=0, color='red'), ShootingResult(nth=8, score=8.0, time=9.5, pointX=0.650289, pointY=0.511776, distance=0, color='orange'), ShootingResult(nth=9, score=9.8, time=8.8, pointX=0.443952, pointY=0.500674, distance=0, color='red'), ShootingResult(nth=10, score=10.5, time=6.6, pointX=0.482756, pointY=0.475934, distance=0, color='red')]",10,"[0.4804255, 0.49102599999999996]",0.057254730215783034,"[0.061244466423996224, 0.038739975847824175]",0.011686355109050257,입문
20250108-9ec5a50b-bbf3-4202-ab16-8c372801836c,"[ShootingResult(nth=1, score=10.4, time=11.9, pointX=0.526877, pointY=0.481305, distance=0, color='red'), ShootingResult(nth=2, score=9.1, time=8.0, pointX=0.486667, pointY=0.407318, distance=0, color='red'), ShootingResult(nth=3, score=10.0, time=11.5, pointX=0.53544, pointY=0.467702, distance=0, color='red'), ShootingResult(nth=4, score=10.4, time=6.8, pointX=0.530658, pointY=0.515474, distance=0, color='red'), ShootingResult(nth=5, score=9.3, time=7.9, pointX=0.521529, pointY=0.579715, distance=0, color='red'), ShootingResult(nth=6, score=9.9, time=8.4, pointX=0.543383, pointY=0.473469, distance=0, color='red'), ShootingResult(nth=7, score=9.6, time=7.9, pointX=0.436206, pointY=0.518344, distance=0, color='red'), ShootingResult(nth=8, score=10.1, time=12.5, pointX=0.539916, pointY=0.51537, distance=0, color='red'), ShootingResult(nth=9, score=9.8, time=7.7, pointX=0.535386, pointY=0.453482, distance=0, color='red'), ShootingResult(nth=10, score=9.3, time=8.1, pointX=0.5639, pointY=0.444078, distance=0, color='red')]",10,"[0.533022, 0.477387]",0.04666610191415151,"[0.034061185322299035, 0.04591096323766252]",0.010893203423282448,입문
20250108-f041bad1-eaac-496b-a1ca-1bd9c2d4cfac,"[ShootingResult(nth=1, score=9.1, time=7.7, pointX=0.480386, pointY=0.590918, distance=0, color='red'), ShootingResult(nth=2, score=10.1, time=7.4, pointX=0.536617, pointY=0.477027, distance=0, color='red'), ShootingResult(nth=3, score=10.3, time=6.7, pointX=0.537928, pointY=0.507167, distance=0, color='red'), ShootingResult(nth=4, score=10.4, time=10.4, pointX=0.53321, pointY=0.507136, distance=0, color='red'), ShootingResult(nth=5, score=10.4, time=8.8, pointX=0.534413, pointY=0.497705, distance=0, color='red'), ShootingResult(nth=6, score=10.2, time=16.4, pointX=0.540944, pointY=0.493425, distance=0, color='red'), ShootingResult(nth=7, score=10.2, time=8.0, pointX=0.511104, pointY=0.540215, distance=0, color='red'), ShootingResult(nth=8, score=9.9, time=12.7, pointX=0.545216, pointY=0.529352, distance=0, color='red'), ShootingResult(nth=9, score=9.9, time=8.1, pointX=0.550061, pointY=0.493452, distance=0, color='red'), ShootingResult(nth=10, score=10.5, time=13.0, pointX=0.485271, pointY=0.52763, distance=0, color='red')]",10,"[0.535515, 0.5071515]",0.029897888489519308,"[0.023469761519879156, 0.030885629584160995]",0.0016763933852858987,입문
20250108-893a85e7-375b-4261-aa7f-75b7b667facf,"[ShootingResult(nth=1, score=10.7, time=14.0, pointX=0.517689, pointY=0.510563, distance=0, color='red'), ShootingResult(nth=2, score=10.4, time=13.3, pointX=0.507916, pointY=0.533142, distance=0, color='red'), ShootingResult(nth=3, score=10.3, time=11.7, pointX=0.475883, pointY=0.52675, distance=0, color='red'), ShootingResult(nth=4, score=9.8, time=8.5, pointX=0.55095, pointY=0.473695, distance=0, color='red'), ShootingResult(nth=5, score=8.6, time=11.1, pointX=0.53145, pointY=0.613095, distance=0, color='orange'), ShootingResult(nth=6, score=10.2, time=7.4, pointX=0.528996, pointY=0.526961, distance=0, color='red'), ShootingResult(nth=7, score=10.2, time=6.5, pointX=0.502319, pointY=0.542144, distance=0, color='red'), ShootingResult(nth=8, score=9.5, time=9.6, pointX=0.569105, pointY=0.527225, distance=0, color='red'), ShootingResult(nth=9, score=9.1, time=6.6, pointX=0.545336, pointY=0.582118, distance=0, color='red'), ShootingResult(nth=10, score=9.7, time=3.1, pointX=0.435149, pointY=0.500129, distance=0, color='red')]",10,"[0.5233425, 0.527093]",0.04567512166414692,"[0.03702590590397486, 0.03757381742862973]",0.017644674717739225,입문
20250108-016e0627-77b3-4fac-92e5-e80942e87e34,"[ShootingResult(nth=1, score=10.9, time=15.5, pointX=0.492649, pointY=0.500235, distance=0, color='red'), ShootingResult(nth=2, score=10.3, time=9.7, pointX=0.471694, pointY=0.521263, distance=0, color='red'), ShootingResult(nth=3, score=9.3, time=10.1, pointX=0.531078, pointY=0.421865, distance=0, color='red'), ShootingResult(nth=4, score=8.7, time=10.2, pointX=0.479063, pointY=0.61342, distance=0, color='orange'), ShootingResult(nth=5, score=9.5, time=4.8, pointX=0.483591, pointY=0.569025, distance=0, color='red'), ShootingResult(nth=6, score=9.9, time=6.7, pointX=0.522223, pointY=0.548074, distance=0, color='red'), ShootingResult(nth=7, score=9.2, time=13.7, pointX=0.553528, pointY=0.429121, distance=0, color='red'), ShootingResult(nth=8, score=9.3, time=4.0, pointX=0.427237, pointY=0.536327, distance=0, color='red'), ShootingResult(nth=9, score=10.4, time=13.1, pointX=0.502521, pointY=0.467889, distance=0, color='red'), ShootingResult(nth=10, score=9.7, time=5.8, pointX=0.478559, pointY=0.559348, distance=0, color='red')]",10,"[0.48812, 0.528795]",0.060215665348756775,"[0.03363571543776051, 0.05883811142966776]",0.026276938566413652,입문
20250108-e84e6c86-31b2-42f7-b7be-473c9e813b8f,"[ShootingResult(nth=1, score=10.1, time=10.3, pointX=0.523022, pointY=0.537132, distance=0, color='red'), ShootingResult(nth=2, score=9.9, time=24.1, pointX=0.534908, pointY=0.462999, distance=0, color='red'), ShootingResult(nth=3, score=10.1, time=11.6, pointX=0.497206, pointY=0.455632, distance=0, color='red'), ShootingResult(nth=4, score=10.5, time=7.1, pointX=0.502311, pointY=0.52859, distance=0, color='red'), ShootingResult(nth=5, score=10.7, time=12.8, pointX=0.521571, pointY=0.510305, distance=0, color='red'), ShootingResult(nth=6, score=10.5, time=6.8, pointX=0.476923, pointY=0.480273, distance=0, color='red'), ShootingResult(nth=7, score=10.2, time=8.5, pointX=0.46752, pointY=0.475717, distance=0, color='red'), ShootingResult(nth=8, score=10.1, time=6.5, pointX=0.528646, pointY=0.532362, distance=0, color='red'), ShootingResult(nth=9, score=10.2, time=4.6, pointX=0.46752, pointY=0.475717, distance=0, color='red'), ShootingResult(nth=10, score=9.4, time=7.3, pointX=0.576223, pointY=0.50497, distance=0, color='red')]",10,"[0.511941, 0.49262150000000005]",0.04212945593872201,"[0.03252891278539756, 0.028545843557512898]",0.03128030698789266,입문
20250108-0314ca20-7e15-4842-bd95-7d9755aadb3c,"[ShootingResult(nth=1, score=10.3, time=13.1, pointX=0.475329, pointY=0.47156, distance=0, color='red'), ShootingResult(nth=2, score=10.9, time=6.7, pointX=0.515776, pointY=0.497213, distance=0, color='red'), ShootingResult(nth=3, score=10.4, time=13.0, pointX=0.500844, pointY=0.468251, distance=0, color='red'), ShootingResult(nth=4, score=10.9, time=13.0, pointX=0.485346, pointY=0.50212, distance=0, color='red'), ShootingResult(nth=5, score=9.9, time=10.4, pointX=0.448829, pointY=0.488661, distance=0, color='red'), ShootingResult(nth=6, score=10.2, time=6.9, pointX=0.540053, pointY=0.510907, distance=0, color='red'), ShootingResult(nth=7, score=10.6, time=10.9, pointX=0.476076, pointY=0.511765, distance=0, color='red'), ShootingResult(nth=8, score=10.2, time=5.2, pointX=0.538182, pointY=0.511656, distance=0, color='red'), ShootingResult(nth=9, score=10.0, time=11.4, pointX=0.456488, pointY=0.484032, distance=0, color='red'), ShootingResult(nth=10, score=10.5, time=8.0, pointX=0.527272, pointY=0.486497, distance=0, color='red')]",10,"[0.49309499999999995, 0.492937]",0.03301679536537118,"[0.03136046196168035, 0.015279970253897756]",0.021269116356256015,입문
20250108-d13db5ef-ce2b-42f0-8d5d-cd932c7982d6,"[ShootingResult(nth=1, score=10.2, time=15.1, pointX=0.513989, pointY=0.53812, distance=0, color='red'), ShootingResult(nth=2, score=8.4, time=18.5, pointX=0.369843, pointY=0.514636, distance=0, color='orange'), ShootingResult(nth=3, score=10.5, time=7.7, pointX=0.508489, pointY=0.527441, distance=0, color='red'), ShootingResult(nth=4, score=10.1, time=12.0, pointX=0.534423, pointY=0.472063, distance=0, color='red'), ShootingResult(nth=5, score=9.4, time=11.8, pointX=0.424421, pointY=0.509505, distance=0, color='red'), ShootingResult(nth=6, score=8.8, time=6.1, pointX=0.428989, pointY=0.418475, distance=0, color='orange'), ShootingResult(nth=7, score=8.1, time=12.6, pointX=0.631292, pointY=0.556479, distance=0, color='orange'), ShootingResult(nth=8, score=8.6, time=4.4, pointX=0.455112, pointY=0.611897, distance=0, color='orange'), ShootingResult(nth=9, score=10.9, time=2.9, pointX=0.497294, pointY=0.505747, distance=0, color='red'), ShootingResult(nth=10, score=9.2, time=5.7, pointX=0.584691, pointY=0.481908, distance=0, color='red')]",10,"[0.5028915, 0.5120705]",0.0768615991801569,"[0.07437467150993003, 0.049144366894792735]",0.030969609480767053,입문
20250108-0513ca4b-f807-4586-8c73-9a9f21aee0ba,"[ShootingResult(nth=1, score=9.8, time=16.3, pointX=0.47217, pointY=0.448844, distance=0, color='red'), ShootingResult(nth=2, score=10.0, time=12.0, pointX=0.545205, pointY=0.520021, distance=0, color='red'), ShootingResult(nth=3, score=9.2, time=15.3, pointX=0.480753, pointY=0.585902, distance=0, color='red'), ShootingResult(nth=4, score=9.7, time=20.4, pointX=0.551905, pointY=0.465357, distance=0, color='red'), ShootingResult(nth=5, score=10.5, time=7.6, pointX=0.511433, pointY=0.471419, distance=0, color='red'), ShootingResult(nth=6, score=10.1, time=7.8, pointX=0.501301, pointY=0.456712, distance=0, color='red'), ShootingResult(nth=7, score=9.8, time=8.3, pointX=0.443339, pointY=0.519336, distance=0, color='red'), ShootingResult(nth=8, score=10.0, time=5.7, pointX=0.500682, pointY=0.5469, distance=0, color='red'), ShootingResult(nth=9, score=9.6, time=5.2, pointX=0.458186, pointY=0.553728, distance=0, color='red'), ShootingResult(nth=10, score=10.3, time=7.8, pointX=0.528382, pointY=0.475356, distance=0, color='red')]",10,"[0.5009915, 0.497346]",0.054283638272749235,"[0.03431537751562703, 0.044905934895623764]",0.03698398868602882,입문
20250108-00b9702c-d98c-44a2-bb64-d23c66dec817,"[ShootingResult(nth=1, score=10.2, time=17.8, pointX=0.507815, pointY=0.539966, distance=0, color='red'), ShootingResult(nth=2, score=10.3, time=12.7, pointX=0.491899, pointY=0.464219, distance=0, color='red'), ShootingResult(nth=3, score=9.1, time=11.1, pointX=0.483568, pointY=0.593989, distance=0, color='red'), ShootingResult(nth=4, score=9.1, time=14.5, pointX=0.408248, pointY=0.47418, distance=0, color='red'), ShootingResult(nth=5, score=9.5, time=15.3, pointX=0.431255, pointY=0.518501, distance=0, color='red'), ShootingResult(nth=6, score=9.3, time=9.8, pointX=0.559898, pointY=0.561254, distance=0, color='red'), ShootingResult(nth=7, score=10.9, time=8.8, pointX=0.491916, pointY=0.511003, distance=0, color='red'), ShootingResult(nth=8, score=10.4, time=11.6, pointX=0.522514, pointY=0.474521, distance=0, color='red'), ShootingResult(nth=9, score=10.9, time=14.0, pointX=0.497655, pointY=0.514677, distance=0, color='red'), ShootingResult(nth=10, score=10.7, time=11.9, pointX=0.47893, pointY=0.490975, distance=0, color='red')]",10,"[0.4919075, 0.51284]",0.0480525357890565,"[0.040688132962327, 0.03935296232369299]",0.017755011708837594,입문
20250108-7a584c00-6f06-4dad-9f59-c9911cb29293,"[ShootingResult(nth=1, score=10.1, time=19.7, pointX=0.541186, pointY=0.510334, distance=0, color='red'), ShootingResult(nth=2, score=10.2, time=14.2, pointX=0.53595, pointY=0.481204, distance=0, color='red'), ShootingResult(nth=3, score=9.2, time=7.6, pointX=0.589618, pointY=0.500606, distance=0, color='red'), ShootingResult(nth=4, score=9.4, time=16.6, pointX=0.472532, pointY=0.573975, distance=0, color='red'), ShootingResult(nth=5, score=10.2, time=16.5, pointX=0.540642, pointY=0.49091, distance=0, color='red'), ShootingResult(nth=6, score=9.7, time=8.5, pointX=0.555937, pointY=0.532089, distance=0, color='red'), ShootingResult(nth=7, score=10.5, time=6.7, pointX=0.471487, pointY=0.510667, distance=0, color='red'), ShootingResult(nth=8, score=9.6, time=9.4, pointX=0.496892, pointY=0.568114, distance=0, color='red'), ShootingResult(nth=9, score=10.9, time=3.3, pointX=0.506908, pointY=0.486037, distance=0, color='red'), ShootingResult(nth=10, score=10.2, time=8.2, pointX=0.496721, pointY=0.539751, distance=0, color='red')]",10,"[0.521429, 0.5105005]",0.04489283605717093,"[0.03621503955831057, 0.03134010994253211]",0.02598723894166111,입문
20250108-2d051a6d-ac17-41f6-993c-baed82478eec,"[ShootingResult(nth=1, score=9.2, time=3.8, pointX=0.541922, pointY=0.577182, distance=0, color='red'), ShootingResult(nth=2, score=7.2, time=2.1, pointX=0.627804, pointY=0.641455, distance=0, color='orange'), ShootingResult(nth=3, score=3.6, time=2.7, pointX=0.756465, pointY=0.775851, distance=0, color='blue'), ShootingResult(nth=4, score=2.5, time=2.6, pointX=0.888108, pointY=0.688587, distance=0, color='blue'), ShootingResult(nth=5, score=0.0, time=0.4, pointX=0.964011, pointY=0.849209, distance=0, color='blue'), ShootingResult(nth=6, score=3.2, time=0.5, pointX=0.848975, pointY=0.690925, distance=0, color='blue'), ShootingResult(nth=7, score=3.1, time=0.9, pointX=0.715568, pointY=0.837889, distance=0, color='blue'), ShootingResult(nth=8, score=0.0, time=2.8, pointX=1.09907, pointY=0.948545, distance=0, color='blue'), ShootingResult(nth=9, score=0.0, time=9.5, pointX=1.0137, pointY=0.844028, distance=0, color='blue'), ShootingResult(nth=10, score=0.0, time=2.7, pointX=0.949812, pointY=0.918538, distance=0, color='blue')]",10,"[0.8685415000000001, 0.80687]",0.1864206644740785,"[0.16836192861823007, 0.11679098074376291]",0.09210117983281764,입문
20250108-ae61fe19-7df7-4356-95ef-b19ee95fc4c1,"[ShootingResult(nth=1, score=10.9, time=5.1, pointX=0.506261, pointY=0.507594, distance=0, color='red'), ShootingResult(nth=2, score=10.1, time=6.9, pointX=0.489693, pointY=0.54136, distance=0, color='red'), ShootingResult(nth=3, score=10.5, time=12.9, pointX=0.522893, pointY=0.480673, distance=0, color='red'), ShootingResult(nth=4, score=9.3, time=10.3, pointX=0.580534, pointY=0.489024, distance=0, color='red'), ShootingResult(nth=5, score=10.7, time=4.7, pointX=0.480823, pointY=0.486911, distance=0, color='red'), ShootingResult(nth=6, score=9.3, time=5.5, pointX=0.421393, pointY=0.470538, distance=0, color='red'), ShootingResult(nth=7, score=10.8, time=6.3, pointX=0.490474, pointY=0.517808, distance=0, color='red'), ShootingResult(nth=8, score=10.9, time=36.5, pointX=0.506382, pointY=0.496965, distance=0, color='red'), ShootingResult(nth=9, score=9.9, time=6.0, pointX=0.495683, pointY=0.552097, distance=0, color='red'), ShootingResult(nth=10, score=10.3, time=5.9, pointX=0.511517, pointY=0.465994, distance=0, color='red')]",10,"[0.500972, 0.4929945]",0.0395711823705271,"[0.037392009159845904, 0.02736870751497043]",0.014195299048985668,입문
20250108-e05a420d-1965-408e-903f-c480eaee127a,"[ShootingResult(nth=1, score=10.4, time=5.7, pointX=0.491792, pointY=0.533697, distance=0, color='red'), ShootingResult(nth=2, score=5.6, time=4.8, pointX=0.56125, pointY=0.765844, distance=0, color='green'), ShootingResult(nth=3, score=3.1, time=1.6, pointX=0.428353, pointY=0.894608, distance=0, color='blue'), ShootingResult(nth=4, score=8.7, time=4.4, pointX=0.612806, pointY=0.478844, distance=0, color='orange'), ShootingResult(nth=5, score=0.0, time=32.8, pointX=0.488079, pointY=1.07118, distance=0, color='blue'), ShootingResult(nth=6, score=3.5, time=4.6, pointX=0.446712, pointY=0.876292, distance=0, color='blue'), ShootingResult(nth=7, score=2.5, time=3.0, pointX=0.619989, pointY=0.0852417, distance=0, color='blue'), ShootingResult(nth=8, score=6.7, time=0.3, pointX=0.61714, pointY=0.685179, distance=0, color='green'), ShootingResult(nth=9, score=1.7, time=0.1, pointX=0.165943, pointY=0.835821, distance=0, color='blue'), ShootingResult(nth=10, score=9.0, time=6.2, pointX=0.513108, pointY=0.402879, distance=0, color='red')]",10,"[0.5024500000000001, 0.7255115]",0.2674458957570559,"[0.12815754713226998, 0.27546012752963744]",0.11012097733745205,입문
20250108-b066c584-757f-44f0-946d-e2b3799544d6,"[ShootingResult(nth=1, score=8.8, time=4.6, pointX=0.404413, pointY=0.55096, distance=0, color='orange'), ShootingResult(nth=2, score=6.4, time=0.5, pointX=0.340731, pointY=0.66581, distance=0, color='green'), ShootingResult(nth=3, score=5.3, time=0.3, pointX=0.339, pointY=0.740033, distance=0, color='green'), ShootingResult(nth=4, score=5.7, time=0.3, pointX=0.379107, pointY=0.740214, distance=0, color='green'), ShootingResult(nth=5, score=3.7, time=2.1, pointX=0.787876, pointY=0.732936, distance=0, color='blue'), ShootingResult(nth=6, score=4.3, time=0.4, pointX=0.746806, pointY=0.73134, distance=0, color='blue'), ShootingResult(nth=7, score=3.0, time=0.3, pointX=0.715926, pointY=0.842437, distance=0, color='blue'), ShootingResult(nth=8, score=7.5, time=0.7, pointX=0.523816, pointY=0.673177, distance=0, color='orange'), ShootingResult(nth=9, score=2.0, time=0.4, pointX=0.797825, pointY=0.846219, distance=0, color='blue'), ShootingResult(nth=10, score=1.7, time=0.5, pointX=0.7999, pointY=0.864927, distance=0, color='blue')]",10,"[0.619871, 0.7364845]",0.2077314407634409,"[0.19361484017192482, 0.0912133930890086]",0.14464764248214668,입문
20250108-99483569-ec95-43ed-a2ab-b6fb0872a3b6,"[ShootingResult(nth=1, score=9.8, time=9.3, pointX=0.447683, pointY=0.523921, distance=0, color='red'), ShootingResult(nth=2, score=9.9, time=2.1, pointX=0.485551, pointY=0.550965, distance=0, color='red'), ShootingResult(nth=3, score=10.0, time=3.1, pointX=0.544977, pointY=0.48918, distance=0, color='red'), ShootingResult(nth=4, score=9.9, time=4.0, pointX=0.448355, pointY=0.514986, distance=0, color='red'), ShootingResult(nth=5, score=9.8, time=1.7, pointX=0.451884, pointY=0.528409, distance=0, color='red'), ShootingResult(nth=6, score=0.0, time=5.0, pointX=1.01593, pointY=0.894006, distance=0, color='blue'), ShootingResult(nth=7, score=0.0, time=2.9, pointX=1.0122, pointY=0.920202, distance=0, color='blue'), ShootingResult(nth=8, score=0.0, time=1.8, pointX=0.991546, pointY=0.942289, distance=0, color='blue'), ShootingResult(nth=9, score=0.0, time=3.1, pointX=1.00437, pointY=0.950926, distance=0, color='blue'), ShootingResult(nth=10, score=0.0, time=2.7, pointX=1.03445, pointY=1.00715, distance=0, color='blue')]",10,"[0.7682615, 0.7224855]",0.3430016757763637,"[0.26949146959122844, 0.21286135580804702]",0.3116419954606104,입문
20250108-dfb3b673-d9e9-45c5-b834-f7b44b7ca5c8,"[ShootingResult(nth=1, score=10.0, time=1.0, pointX=0.469631, pointY=0.537924, distance=0, color='red'), ShootingResult(nth=2, score=8.2, time=0.0, pointX=0.450062, pointY=0.631579, distance=0, color='orange'), ShootingResult(nth=3, score=8.6, time=2.7, pointX=0.577945, pointY=0.408324, distance=0, color='orange'), ShootingResult(nth=4, score=9.5, time=0.7, pointX=0.516335, pointY=0.430969, distance=0, color='red'), ShootingResult(nth=5, score=3.1, time=4.9, pointX=0.850536, pointY=0.693694, distance=0, color='blue'), ShootingResult(nth=6, score=3.1, time=0.7, pointX=0.785795, pointY=0.782905, distance=0, color='blue'), ShootingResult(nth=7, score=0.0, time=7.1, pointX=0.997128, pointY=0.985966, distance=0, color='blue'), ShootingResult(nth=8, score=0.0, time=3.8, pointX=1.01383, pointY=0.864999, distance=0, color='blue'), ShootingResult(nth=9, score=0.0, time=1.5, pointX=1.07881, pointY=0.970219, distance=0, color='blue'), ShootingResult(nth=10, score=0.0, time=0.6, pointX=1.06861, pointY=0.864581, distance=0, color='blue')]",10,"[0.8181655, 0.7382995]",0.2902460838673334,"[0.24391371678271806, 0.20037277702672088]",0.15894417577999118,입문
20250108-35804537-11b3-4373-a2bc-7af0aae027a1,"[ShootingResult(nth=1, score=9.3, time=3.3, pointX=0.416838, pointY=0.501505, distance=0, color='red'), ShootingResult(nth=2, score=9.4, time=2.0, pointX=0.425763, pointY=0.470738, distance=0, color='red'), ShootingResult(nth=3, score=9.5, time=1.4, pointX=0.430604, pointY=0.475328, distance=0, color='red'), ShootingResult(nth=4, score=10.2, time=5.0, pointX=0.535636, pointY=0.517506, distance=0, color='red'), ShootingResult(nth=5, score=2.2, time=1.9, pointX=0.924388, pointY=0.64718, distance=0, color='blue'), ShootingResult(nth=6, score=2.1, time=2.5, pointX=0.8746, pointY=0.758558, distance=0, color='blue'), ShootingResult(nth=7, score=0.0, time=5.6, pointX=1.01175, pointY=0.889627, distance=0, color='blue'), ShootingResult(nth=8, score=0.0, time=2.8, pointX=0.973723, pointY=0.868317, distance=0, color='blue'), ShootingResult(nth=9, score=0.0, time=6.0, pointX=1.04581, pointY=0.91546, distance=0, color='blue'), ShootingResult(nth=10, score=0.0, time=1.3, pointX=1.00432, pointY=0.937837, distance=0, color='blue')]",10,"[0.899494, 0.702869]",0.3016662250846603,"[0.2605222835259203, 0.1868711192577387]",0.12823713263021916,입문
20250108-061fe488-4d48-4a10-822b-f1971c6b0c1d,"[ShootingResult(nth=1, score=10.6, time=9.2, pointX=0.518182, pointY=0.516516, distance=0, color='red'), ShootingResult(nth=2, score=10.9, time=14.8, pointX=0.512369, pointY=0.493112, distance=0, color='red'), ShootingResult(nth=3, score=10.2, time=16.3, pointX=0.47184, pointY=0.470084, distance=0, color='red'), ShootingResult(nth=4, score=9.4, time=6.4, pointX=0.572874, pointY=0.522752, distance=0, color='red'), ShootingResult(nth=5, score=10.4, time=12.2, pointX=0.53258, pointY=0.500519, distance=0, color='red'), ShootingResult(nth=6, score=9.9, time=2.3, pointX=0.487481, pointY=0.446707, distance=0, color='red'), ShootingResult(nth=7, score=9.3, time=6.5, pointX=0.545065, pointY=0.572543, distance=0, color='red'), ShootingResult(nth=8, score=1.0, time=14.3, pointX=0.780466, pointY=0.924529, distance=0, color='blue'), ShootingResult(nth=9, score=3.0, time=22.3, pointX=0.112924, pointY=0.376023, distance=0, color='blue'), ShootingResult(nth=10, score=4.2, time=0.3, pointX=0.620969, pointY=0.178582, distance=0, color='blue')]",10,"[0.5253810000000001, 0.4968155]",0.1557690853672725,"[0.15829212500626808, 0.17571006107906856]",-0.022487958400129238,입문
20250108-e5b0e90c-0a8b-4cdd-b4eb-5dec76dedf5e,"[ShootingResult(nth=1, score=9.6, time=5.0, pointX=0.51509, pointY=0.431457, distance=2587, color='red'), ShootingResult(nth=2, score=9.0, time=12.0, pointX=0.572174, pointY=0.435263, distance=2577, color='red'), ShootingResult(nth=3, score=10.1, time=9.0, pointX=0.489816, pointY=0.541811, distance=2584, color='red'), ShootingResult(nth=4, score=7.7, time=5.1, pointX=0.455874, pointY=0.657287, distance=2579, color='orange'), ShootingResult(nth=5, score=10.7, time=5.0, pointX=0.519915, pointY=0.492723, distance=2579, color='red'), ShootingResult(nth=6, score=10.5, time=14.3, pointX=0.521021, pointY=0.519066, distance=2579, color='red'), ShootingResult(nth=7, score=6.1, time=4.8, pointX=0.721907, pointY=0.609641, distance=2588, color='green'), ShootingResult(nth=8, score=9.3, time=4.8, pointX=0.534307, pointY=0.42396, distance=2583, color='red'), ShootingResult(nth=9, score=7.4, time=4.4, pointX=0.577111, pointY=0.338414, distance=2586, color='orange'), ShootingResult(nth=10, score=9.7, time=4.2, pointX=0.441224, pointY=0.484381, distance=2579, color='red')]",10,"[0.5204679999999999, 0.488552]",0.09493627926074262,"[0.07483684887600492, 0.08917090771664264]",0.025876304408978493,입문
20250108-72b1fab2-7437-474c-b397-92145c296e09,"[ShootingResult(nth=1, score=6.4, time=6.9, pointX=0.591632, pointY=0.288013, distance=2648, color='green'), ShootingResult(nth=2, score=9.9, time=3.8, pointX=0.445434, pointY=0.50378, distance=2643, color='red'), ShootingResult(nth=3, score=9.6, time=4.2, pointX=0.455626, pointY=0.451598, distance=2645, color='red'), ShootingResult(nth=4, score=10.5, time=3.9, pointX=0.487649, pointY=0.525877, distance=2649, color='red'), ShootingResult(nth=5, score=8.4, time=4.0, pointX=0.53239, pointY=0.626384, distance=2649, color='orange'), ShootingResult(nth=6, score=10.9, time=3.7, pointX=0.508959, pointY=0.510023, distance=2645, color='red'), ShootingResult(nth=7, score=9.7, time=4.0, pointX=0.546175, pointY=0.45666, distance=2646, color='red'), ShootingResult(nth=8, score=9.8, time=3.4, pointX=0.441135, pointY=0.494922, distance=2646, color='red'), ShootingResult(nth=9, score=8.2, time=2.9, pointX=0.411125, pointY=0.392239, distance=2647, color='orange'), ShootingResult(nth=10, score=10.2, time=4.4, pointX=0.458988, pointY=0.494381, distance=2648, color='red')]",10,"[0.4733185, 0.4946515]",0.07800445180715092,"[0.053236687143454, 0.08427738376343917]",0.01110378534884221,입문
20250108-48abb44b-3f01-4824-bf77-e16c068b216c,"[ShootingResult(nth=1, score=8.9, time=9.4, pointX=0.605636, pointY=0.490319, distance=2590, color='orange'), ShootingResult(nth=2, score=10.2, time=9.5, pointX=0.472793, pointY=0.531301, distance=2592, color='red'), ShootingResult(nth=3, score=10.3, time=9.5, pointX=0.490352, pointY=0.462503, distance=2589, color='red'), ShootingResult(nth=4, score=8.1, time=10.2, pointX=0.635339, pointY=0.449684, distance=2584, color='orange'), ShootingResult(nth=5, score=8.9, time=11.0, pointX=0.495609, pointY=0.395417, distance=2595, color='orange'), ShootingResult(nth=6, score=10.1, time=8.4, pointX=0.528694, pointY=0.531723, distance=2593, color='red'), ShootingResult(nth=7, score=7.7, time=7.0, pointX=0.575373, pointY=0.354712, distance=2592, color='orange'), ShootingResult(nth=8, score=10.6, time=6.8, pointX=0.521265, pointY=0.483381, distance=2591, color='red'), ShootingResult(nth=9, score=8.5, time=8.5, pointX=0.550385, pointY=0.384747, distance=2594, color='orange'), ShootingResult(nth=10, score=10.1, time=7.2, pointX=0.50558, pointY=0.454799, distance=2592, color='red')]",10,"[0.5249794999999999, 0.45865100000000003]",0.07029997792622436,"[0.050335408410382435, 0.05689994940278945]",0.038294454390085025,입문
20250108-7e5b2a15-568d-480c-a4d1-07a1111768a9,"[ShootingResult(nth=1, score=8.5, time=3.1, pointX=0.383787, pointY=0.543227, distance=2643, color='orange'), ShootingResult(nth=2, score=9.7, time=3.0, pointX=0.448501, pointY=0.535462, distance=2646, color='red'), ShootingResult(nth=3, score=7.1, time=3.0, pointX=0.555311, pointY=0.68613, distance=2648, color='orange'), ShootingResult(nth=4, score=8.5, time=5.1, pointX=0.447734, pointY=0.388006, distance=2643, color='orange'), ShootingResult(nth=5, score=7.8, time=9.2, pointX=0.442189, pointY=0.351192, distance=2644, color='orange'), ShootingResult(nth=6, score=8.3, time=4.2, pointX=0.593839, pointY=0.404038, distance=2646, color='orange'), ShootingResult(nth=7, score=8.5, time=3.1, pointX=0.615666, pointY=0.458983, distance=2645, color='orange'), ShootingResult(nth=8, score=6.8, time=3.0, pointX=0.446045, pointY=0.706535, distance=2645, color='green'), ShootingResult(nth=9, score=9.5, time=3.7, pointX=0.429047, pointY=0.520937, distance=2640, color='red'), ShootingResult(nth=10, score=9.7, time=2.8, pointX=0.526994, pointY=0.557215, distance=2643, color='red')]",10,"[0.4481175, 0.5281994999999999]",0.1237033693777844,"[0.07410782457885268, 0.11287809945356983]",0.05467621347459342,입문
20250108-de5a518c-e89c-4493-a5c4-c3237099c4f8,"[ShootingResult(nth=1, score=9.5, time=1.8, pointX=0.48486, pointY=0.572023, distance=2578, color='red'), ShootingResult(nth=2, score=8.5, time=5.3, pointX=0.373088, pointY=0.502018, distance=2577, color='orange'), ShootingResult(nth=3, score=8.6, time=4.0, pointX=0.48429, pointY=0.380825, distance=2583, color='orange'), ShootingResult(nth=4, score=8.5, time=3.4, pointX=0.610693, pointY=0.442659, distance=2579, color='orange'), ShootingResult(nth=5, score=8.5, time=3.4, pointX=0.449328, pointY=0.385525, distance=2581, color='orange'), ShootingResult(nth=6, score=10.5, time=4.8, pointX=0.528651, pointY=0.512083, distance=2576, color='red'), ShootingResult(nth=7, score=9.2, time=3.9, pointX=0.451375, pointY=0.424421, distance=2583, color='red'), ShootingResult(nth=8, score=10.1, time=4.5, pointX=0.468031, pointY=0.470685, distance=2582, color='red'), ShootingResult(nth=9, score=8.4, time=3.5, pointX=0.374401, pointY=0.475088, distance=2581, color='orange'), ShootingResult(nth=10, score=10.2, time=6.6, pointX=0.539488, pointY=0.502601, distance=2584, color='red')]",10,"[0.4761605, 0.4728865]",0.08284271353240527,"[0.06883679350935808, 0.05666067981025287]",0.049328203667455224,입문
20250108-8bba2b6b-df2a-4a2d-b2ad-29c0ddd6d839,"[ShootingResult(nth=1, score=9.2, time=7.5, pointX=0.590428, pointY=0.490071, distance=2589, color='red'), ShootingResult(nth=2, score=9.1, time=7.4, pointX=0.558071, pointY=0.427039, distance=2593, color='red'), ShootingResult(nth=3, score=8.6, time=6.5, pointX=0.460965, pointY=0.38496, distance=2596, color='orange'), ShootingResult(nth=4, score=10.2, time=10.3, pointX=0.541532, pointY=0.499009, distance=2593, color='red'), ShootingResult(nth=5, score=10.7, time=7.7, pointX=0.500536, pointY=0.477177, distance=2591, color='red'), ShootingResult(nth=6, score=10.0, time=6.7, pointX=0.519899, pointY=0.455285, distance=2591, color='red'), ShootingResult(nth=7, score=8.5, time=8.0, pointX=0.456156, pointY=0.385329, distance=2591, color='orange'), ShootingResult(nth=8, score=8.7, time=7.4, pointX=0.561322, pointY=0.59748, distance=2587, color='orange'), ShootingResult(nth=9, score=10.0, time=6.6, pointX=0.540398, pointY=0.476841, distance=2588, color='red'), ShootingResult(nth=10, score=7.5, time=6.1, pointX=0.673109, pointY=0.45932, distance=2593, color='orange')]",10,"[0.540965, 0.4680805]",0.07016763948095692,"[0.060234462370307565, 0.05826278967480016]",0.024257136332761567,입문
20250108-37871661-f6b3-41d2-bda2-8a6229a84ef8,"[ShootingResult(nth=1, score=8.9, time=11.3, pointX=0.594293, pointY=0.454093, distance=2650, color='orange'), ShootingResult(nth=2, score=9.3, time=3.8, pointX=0.577715, pointY=0.521918, distance=2651, color='red'), ShootingResult(nth=3, score=8.8, time=3.6, pointX=0.553667, pointY=0.403797, distance=2651, color='orange'), ShootingResult(nth=4, score=6.8, time=4.2, pointX=0.550698, pointY=0.295189, distance=2653, color='green'), ShootingResult(nth=5, score=8.8, time=4.9, pointX=0.396671, pointY=0.534766, distance=2646, color='orange'), ShootingResult(nth=6, score=6.5, time=3.0, pointX=0.464642, pointY=0.72591, distance=2646, color='green'), ShootingResult(nth=7, score=9.5, time=5.9, pointX=0.432169, pointY=0.477515, distance=2646, color='red'), ShootingResult(nth=8, score=9.5, time=15.5, pointX=0.497832, pointY=0.574267, distance=2645, color='red'), ShootingResult(nth=9, score=9.8, time=5.2, pointX=0.45647, pointY=0.462491, distance=2645, color='red'), ShootingResult(nth=10, score=8.3, time=16.4, pointX=0.374071, pointY=0.552583, distance=2649, color='orange')]",10,"[0.481237, 0.4997165]",0.1169892702210179,"[0.07323336691672724, 0.10780855117239078]",0.05890894587960559,입문
20250108-907222fb-9ef7-4edb-970a-b2a4518c0a78,"[ShootingResult(nth=1, score=6.8, time=3.8, pointX=0.326544, pointY=0.38154, distance=2579, color='green'), ShootingResult(nth=2, score=10.6, time=4.2, pointX=0.524009, pointY=0.507196, distance=2579, color='red'), ShootingResult(nth=3, score=10.5, time=5.2, pointX=0.515646, pointY=0.475948, distance=2579, color='red'), ShootingResult(nth=4, score=10.9, time=3.7, pointX=0.510394, pointY=0.49181, distance=2578, color='red'), ShootingResult(nth=5, score=10.7, time=2.9, pointX=0.478708, pointY=0.497179, distance=2586, color='red'), ShootingResult(nth=6, score=7.3, time=3.2, pointX=0.683683, pointY=0.466565, distance=2581, color='orange'), ShootingResult(nth=7, score=10.7, time=3.3, pointX=0.510301, pointY=0.481289, distance=2579, color='red'), ShootingResult(nth=8, score=9.8, time=8.8, pointX=0.446004, pointY=0.510945, distance=2577, color='red'), ShootingResult(nth=9, score=7.9, time=2.9, pointX=0.607576, pointY=0.389918, distance=2583, color='orange'), ShootingResult(nth=10, score=8.2, time=3.2, pointX=0.379044, pointY=0.427619, distance=2584, color='orange')]",10,"[0.5103475, 0.4786185]",0.08162495728662374,"[0.09716014729450548, 0.044714206365427084]",0.009732585128954238,입문
20250108-6ea3ea61-aa77-42b4-8af6-66f7855d78cc,"[ShootingResult(nth=1, score=8.7, time=2.1, pointX=0.398148, pointY=0.446377, distance=2584, color='orange'), ShootingResult(nth=2, score=8.1, time=2.9, pointX=0.514562, pointY=0.642916, distance=2584, color='orange'), ShootingResult(nth=3, score=10.0, time=2.7, pointX=0.454842, pointY=0.488458, distance=2583, color='red'), ShootingResult(nth=4, score=10.2, time=2.4, pointX=0.494378, pointY=0.539731, distance=2581, color='red'), ShootingResult(nth=5, score=8.9, time=3.7, pointX=0.489393, pointY=0.396183, distance=2580, color='orange'), ShootingResult(nth=6, score=9.9, time=2.5, pointX=0.453807, pointY=0.529572, distance=2575, color='red'), ShootingResult(nth=7, score=10.1, time=3.0, pointX=0.475534, pointY=0.463206, distance=2581, color='red'), ShootingResult(nth=8, score=10.2, time=2.6, pointX=0.531645, pointY=0.523766, distance=2580, color='red'), ShootingResult(nth=9, score=10.5, time=2.5, pointX=0.47063, pointY=0.502159, distance=2582, color='red'), ShootingResult(nth=10, score=9.9, time=2.8, pointX=0.519524, pointY=0.453245, distance=2580, color='red')]",10,"[0.48246350000000005, 0.49530850000000004]",0.06264256362578453,"[0.03720849810742164, 0.06383828467628185]",0.023257225898534593,입문
20250108-bfbe0628-4309-4762-a519-0c34df68525e,"[ShootingResult(nth=1, score=9.9, time=2.6, pointX=0.550114, pointY=0.494602, distance=2597, color='red'), ShootingResult(nth=2, score=9.9, time=7.9, pointX=0.467751, pointY=0.461008, distance=2592, color='red'), ShootingResult(nth=3, score=10.6, time=7.3, pointX=0.486157, pointY=0.479158, distance=2589, color='red'), ShootingResult(nth=4, score=9.8, time=6.3, pointX=0.542328, pointY=0.462249, distance=2588, color='red'), ShootingResult(nth=5, score=8.6, time=6.3, pointX=0.490852, pointY=0.381145, distance=2590, color='orange'), ShootingResult(nth=6, score=8.7, time=7.1, pointX=0.600641, pointY=0.444714, distance=2588, color='orange'), ShootingResult(nth=7, score=9.0, time=9.1, pointX=0.554497, pointY=0.416346, distance=2593, color='red'), ShootingResult(nth=8, score=9.6, time=5.8, pointX=0.542858, pointY=0.447817, distance=2595, color='red'), ShootingResult(nth=9, score=9.6, time=6.6, pointX=0.558833, pointY=0.467893, distance=2588, color='red'), ShootingResult(nth=10, score=10.5, time=8.7, pointX=0.485699, pointY=0.524377, distance=2589, color='red')]",10,"[0.542593, 0.4616285]",0.04873205548570303,"[0.040490345007174244, 0.0377361329350266]",0.018465123338748314,입문
20250108-e652c801-2f69-4b78-8e07-5d540d04eb78,"[ShootingResult(nth=1, score=8.8, time=19.0, pointX=0.572567, pointY=0.578714, distance=2646, color='orange'), ShootingResult(nth=2, score=9.7, time=4.0, pointX=0.447041, pointY=0.462118, distance=2649, color='red'), ShootingResult(nth=3, score=9.9, time=3.8, pointX=0.488615, pointY=0.5529, distance=2647, color='red'), ShootingResult(nth=4, score=7.5, time=5.0, pointX=0.385953, pointY=0.367133, distance=2652, color='orange'), ShootingResult(nth=5, score=8.4, time=17.6, pointX=0.553791, pointY=0.379312, distance=2648, color='orange'), ShootingResult(nth=6, score=6.8, time=16.7, pointX=0.649954, pointY=0.353568, distance=2650, color='green'), ShootingResult(nth=7, score=7.7, time=4.7, pointX=0.359586, pointY=0.584459, distance=2649, color='orange'), ShootingResult(nth=8, score=7.6, time=4.1, pointX=0.661003, pointY=0.450386, distance=2652, color='orange'), ShootingResult(nth=9, score=7.1, time=3.3, pointX=0.451566, pointY=0.311193, distance=2651, color='orange'), ShootingResult(nth=10, score=8.9, time=5.5, pointX=0.397103, pointY=0.517123, distance=2649, color='orange')]",10,"[0.4700905, 0.456252]",0.13267732995067905,"[0.10249420274674077, 0.09486508111439107]",0.08158422934591403,입문
20250108-2857a260-0786-4b1c-9f03-e0e9d1b298c7,"[ShootingResult(nth=1, score=8.4, time=1.6, pointX=0.374048, pointY=0.46613, distance=2584, color='orange'), ShootingResult(nth=2, score=9.7, time=3.0, pointX=0.557421, pointY=0.529073, distance=2583, color='red'), ShootingResult(nth=3, score=7.8, time=2.8, pointX=0.367986, pointY=0.412579, distance=2581, color='orange'), ShootingResult(nth=4, score=10.4, time=2.7, pointX=0.529874, pointY=0.48773, distance=2581, color='red'), ShootingResult(nth=5, score=10.2, time=2.8, pointX=0.532105, pointY=0.525588, distance=2579, color='red'), ShootingResult(nth=6, score=9.5, time=2.6, pointX=0.570824, pointY=0.511388, distance=2583, color='red'), ShootingResult(nth=7, score=9.0, time=2.9, pointX=0.535925, pointY=0.405489, distance=2584, color='red'), ShootingResult(nth=8, score=9.9, time=5.4, pointX=0.515085, pointY=0.447323, distance=2583, color='red'), ShootingResult(nth=9, score=8.2, time=4.4, pointX=0.359767, pointY=0.493043, distance=2580, color='orange'), ShootingResult(nth=10, score=6.0, time=3.2, pointX=0.728736, pointY=0.397777, distance=2586, color='green')]",10,"[0.5309895, 0.47692999999999997]",0.09934150670487504,"[0.10794281208533528, 0.04720714378777857]",0.031038610215375628,입문
20250108-e33af9df-c24f-42fd-ae4e-4d737c967ce8,"[ShootingResult(nth=1, score=9.0, time=10.8, pointX=0.556543, pointY=0.578549, distance=2593, color='red'), ShootingResult(nth=2, score=10.2, time=5.3, pointX=0.505607, pointY=0.54101, distance=2591, color='red'), ShootingResult(nth=3, score=9.3, time=11.8, pointX=0.534022, pointY=0.421769, distance=2587, color='red'), ShootingResult(nth=4, score=8.1, time=7.4, pointX=0.480125, pointY=0.356813, distance=2590, color='orange'), ShootingResult(nth=5, score=9.1, time=8.9, pointX=0.490479, pointY=0.591597, distance=2592, color='red'), ShootingResult(nth=6, score=9.4, time=6.3, pointX=0.510343, pointY=0.423748, distance=2590, color='red'), ShootingResult(nth=7, score=9.0, time=9.8, pointX=0.53527, pointY=0.408938, distance=2588, color='red'), ShootingResult(nth=8, score=9.8, time=6.3, pointX=0.463148, pointY=0.456956, distance=2586, color='red'), ShootingResult(nth=9, score=9.8, time=7.1, pointX=0.481019, pointY=0.445626, distance=2591, color='red'), ShootingResult(nth=10, score=9.1, time=6.4, pointX=0.456144, pointY=0.415192, distance=2589, color='red')]",10,"[0.498043, 0.43468700000000005]",0.0706690050847869,"[0.03138188872263746, 0.07485118859684194]",0.021027875168895982,입문
20250108-1bcd8c09-f69e-4737-8c49-f511aa053f66,"[ShootingResult(nth=1, score=9.0, time=27.6, pointX=0.517949, pointY=0.598753, distance=2652, color='red'), ShootingResult(nth=2, score=9.1, time=9.9, pointX=0.404979, pointY=0.503962, distance=2648, color='red'), ShootingResult(nth=3, score=6.9, time=25.2, pointX=0.497996, pointY=0.709164, distance=2650, color='green'), ShootingResult(nth=4, score=8.0, time=5.6, pointX=0.493301, pointY=0.348556, distance=2651, color='orange'), ShootingResult(nth=5, score=9.9, time=4.8, pointX=0.539545, pointY=0.53176, distance=2649, color='red'), ShootingResult(nth=6, score=8.3, time=10.3, pointX=0.514129, pointY=0.36402, distance=2650, color='orange'), ShootingResult(nth=7, score=10.2, time=4.9, pointX=0.487377, pointY=0.537157, distance=2653, color='red'), ShootingResult(nth=8, score=7.3, time=9.7, pointX=0.560381, pointY=0.324627, distance=2648, color='orange'), ShootingResult(nth=9, score=8.1, time=4.9, pointX=0.391916, pointY=0.596562, distance=2651, color='orange'), ShootingResult(nth=10, score=9.7, time=8.3, pointX=0.441557, pointY=0.525847, distance=2651, color='red')]",10,"[0.4956485, 0.5288035]",0.1141902390079735,"[0.05271645874866787, 0.11743820199134523]",0.04892318838668459,입문
20250108-b8ca478a-aba4-4a46-bcc4-45448b86f526,"[ShootingResult(nth=1, score=8.3, time=18.5, pointX=0.550317, pointY=0.374255, distance=2547, color='orange'), ShootingResult(nth=2, score=10.3, time=17.7, pointX=0.536134, pointY=0.506941, distance=2545, color='red'), ShootingResult(nth=3, score=8.9, time=15.7, pointX=0.551048, pointY=0.588144, distance=2553, color='orange'), ShootingResult(nth=4, score=9.4, time=21.6, pointX=0.534849, pointY=0.430922, distance=2546, color='red'), ShootingResult(nth=5, score=10.3, time=14.0, pointX=0.46507, pointY=0.484199, distance=2549, color='red'), ShootingResult(nth=6, score=9.3, time=11.9, pointX=0.534786, pointY=0.426214, distance=2553, color='red'), ShootingResult(nth=7, score=8.4, time=14.0, pointX=0.559876, pointY=0.384689, distance=2550, color='orange'), ShootingResult(nth=8, score=10.0, time=9.9, pointX=0.482747, pointY=0.454779, distance=2550, color='red'), ShootingResult(nth=9, score=10.4, time=12.9, pointX=0.532053, pointY=0.502224, distance=2550, color='red'), ShootingResult(nth=10, score=10.2, time=9.5, pointX=0.521015, pointY=0.464136, distance=2547, color='red')]",10,"[0.5348175, 0.45945749999999996]",0.05881591634124156,"[0.028745506714093597, 0.06001741918485]",0.026592634344522588,입문
20250108-d1f32873-d457-49e4-b4b6-ec50a276ce14,"[ShootingResult(nth=1, score=10.2, time=9.7, pointX=0.506758, pointY=0.458737, distance=2547, color='red'), ShootingResult(nth=2, score=8.1, time=13.2, pointX=0.595712, pointY=0.60764, distance=2550, color='orange'), ShootingResult(nth=3, score=8.9, time=19.0, pointX=0.588124, pointY=0.555276, distance=2550, color='orange'), ShootingResult(nth=4, score=8.6, time=9.9, pointX=0.385788, pointY=0.458631, distance=2553, color='orange'), ShootingResult(nth=5, score=8.7, time=18.8, pointX=0.604551, pointY=0.549884, distance=2553, color='orange'), ShootingResult(nth=6, score=9.0, time=8.5, pointX=0.559223, pointY=0.576672, distance=2552, color='red'), ShootingResult(nth=7, score=9.1, time=14.4, pointX=0.511695, pointY=0.405798, distance=2556, color='red'), ShootingResult(nth=8, score=8.1, time=9.2, pointX=0.609895, pointY=0.402085, distance=2551, color='orange'), ShootingResult(nth=9, score=8.2, time=7.9, pointX=0.62653, pointY=0.442923, distance=2552, color='orange'), ShootingResult(nth=10, score=8.3, time=9.1, pointX=0.397922, pointY=0.590011, distance=2555, color='orange')]",10,"[0.5736735, 0.5043105]",0.10631675693806615,"[0.08257330480948427, 0.0748444074464485]",0.05788379008621869,입문
20250108-99fa392e-117c-468c-89ba-3d4ee7eaeb66,"[ShootingResult(nth=1, score=8.4, time=11.4, pointX=0.58667, pointY=0.402061, distance=2554, color='orange'), ShootingResult(nth=2, score=10.3, time=16.7, pointX=0.463053, pointY=0.497999, distance=2551, color='red'), ShootingResult(nth=3, score=10.6, time=12.3, pointX=0.50314, pointY=0.525954, distance=2552, color='red'), ShootingResult(nth=4, score=10.5, time=15.1, pointX=0.50848, pointY=0.529985, distance=2554, color='red'), ShootingResult(nth=5, score=9.1, time=11.6, pointX=0.572147, pointY=0.44068, distance=2551, color='red'), ShootingResult(nth=6, score=10.9, time=13.5, pointX=0.497292, pointY=0.514398, distance=2555, color='red'), ShootingResult(nth=7, score=9.3, time=8.6, pointX=0.503281, pointY=0.581137, distance=2556, color='red'), ShootingResult(nth=8, score=10.4, time=6.9, pointX=0.51189, pointY=0.468211, distance=2553, color='red'), ShootingResult(nth=9, score=10.2, time=6.5, pointX=0.470158, pointY=0.47085, distance=2551, color='red'), ShootingResult(nth=10, score=10.0, time=7.6, pointX=0.454344, pointY=0.507072, distance=2553, color='red')]",10,"[0.5032105, 0.5025355]",0.053714477267016524,"[0.04099002834897775, 0.04796697468060708]",0.01927352545625547,입문
20250108-bcf618aa-2586-4d91-b019-d681c9b0f6d4,"[ShootingResult(nth=1, score=9.7, time=13.5, pointX=0.47442, pointY=0.555245, distance=2554, color='red'), ShootingResult(nth=2, score=9.5, time=13.0, pointX=0.570699, pointY=0.484517, distance=2549, color='red'), ShootingResult(nth=3, score=10.5, time=11.3, pointX=0.491917, pointY=0.471509, distance=2554, color='red'), ShootingResult(nth=4, score=10.1, time=12.5, pointX=0.525383, pointY=0.464996, distance=2550, color='red'), ShootingResult(nth=5, score=10.3, time=12.5, pointX=0.471449, pointY=0.524166, distance=2554, color='red'), ShootingResult(nth=6, score=10.1, time=10.3, pointX=0.525383, pointY=0.464996, distance=2551, color='red'), ShootingResult(nth=7, score=9.6, time=11.1, pointX=0.555641, pointY=0.457128, distance=2549, color='red'), ShootingResult(nth=8, score=10.5, time=11.1, pointX=0.49219, pointY=0.530337, distance=2549, color='red'), ShootingResult(nth=9, score=9.7, time=7.5, pointX=0.473201, pointY=0.440798, distance=2554, color='red'), ShootingResult(nth=10, score=9.0, time=7.5, pointX=0.576958, pointY=0.436063, distance=2555, color='red')]",10,"[0.5087865, 0.4682525]",0.050854476495302926,"[0.038919065773602525, 0.038197969457158316]",0.02531044011714451,입문
20250108-9c14d53d-e776-48d6-8046-7dd25fbcbe81,"[ShootingResult(nth=1, score=10.4, time=11.6, pointX=0.472364, pointY=0.518147, distance=2553, color='red'), ShootingResult(nth=2, score=8.7, time=16.3, pointX=0.542225, pointY=0.603995, distance=2552, color='orange'), ShootingResult(nth=3, score=9.5, time=14.3, pointX=0.498245, pointY=0.571268, distance=2553, color='red'), ShootingResult(nth=4, score=9.8, time=11.8, pointX=0.512493, pointY=0.555041, distance=2551, color='red'), ShootingResult(nth=5, score=9.3, time=10.9, pointX=0.52231, pointY=0.578929, distance=2552, color='red'), ShootingResult(nth=6, score=10.7, time=10.4, pointX=0.517353, pointY=0.487524, distance=2551, color='red'), ShootingResult(nth=7, score=8.1, time=8.3, pointX=0.627288, pointY=0.572198, distance=2554, color='orange'), ShootingResult(nth=8, score=10.3, time=10.5, pointX=0.517187, pointY=0.4675, distance=2557, color='red'), ShootingResult(nth=9, score=9.8, time=9.8, pointX=0.521432, pointY=0.448787, distance=2556, color='red'), ShootingResult(nth=10, score=9.5, time=11.0, pointX=0.526042, pointY=0.434423, distance=2551, color='red')]",10,"[0.5193924999999999, 0.536594]",0.06465024344991671,"[0.038128855520327375, 0.05759757939670728]",0.0364454161447106,입문
20250108-d4fa5b8a-719c-4707-9e47-f06963d9c679,"[ShootingResult(nth=1, score=9.7, time=14.0, pointX=0.522535, pointY=0.556011, distance=2555, color='red'), ShootingResult(nth=2, score=10.7, time=14.4, pointX=0.518437, pointY=0.512982, distance=2554, color='red'), ShootingResult(nth=3, score=7.8, time=19.9, pointX=0.450666, pointY=0.347128, distance=2555, color='orange'), ShootingResult(nth=4, score=9.3, time=15.6, pointX=0.418945, pointY=0.476862, distance=2555, color='red'), ShootingResult(nth=5, score=9.8, time=14.1, pointX=0.498113, pointY=0.556593, distance=2553, color='red'), ShootingResult(nth=6, score=9.7, time=12.9, pointX=0.555287, pointY=0.523743, distance=2553, color='red'), ShootingResult(nth=7, score=9.4, time=17.4, pointX=0.491897, pointY=0.4243, distance=2555, color='red'), ShootingResult(nth=8, score=9.4, time=12.2, pointX=0.576046, pointY=0.497138, distance=2553, color='red'), ShootingResult(nth=9, score=8.7, time=10.8, pointX=0.611746, pointY=0.527368, distance=2553, color='orange'), ShootingResult(nth=10, score=9.8, time=9.5, pointX=0.547254, pointY=0.528678, distance=2554, color='red')]",10,"[0.520486, 0.5183625000000001]",0.069576550207828,"[0.0546216137828241, 0.06168108238520138]",0.019664801310122666,입문
20250108-f46e6f75-5db9-46ca-a39b-e37124ff4045,"[ShootingResult(nth=1, score=7.3, time=25.0, pointX=0.641844, pointY=0.381523, distance=2593, color='orange'), ShootingResult(nth=2, score=8.8, time=12.5, pointX=0.391012, pointY=0.481607, distance=2591, color='orange'), ShootingResult(nth=3, score=4.7, time=6.3, pointX=0.817924, pointY=0.521149, distance=2593, color='green'), ShootingResult(nth=4, score=6.8, time=10.4, pointX=0.704915, pointY=0.45044, distance=2590, color='green'), ShootingResult(nth=5, score=9.2, time=5.4, pointX=0.583502, pointY=0.473041, distance=2593, color='red'), ShootingResult(nth=6, score=8.0, time=2.0, pointX=0.61418, pointY=0.399813, distance=2593, color='orange'), ShootingResult(nth=7, score=9.3, time=5.0, pointX=0.572007, pointY=0.459016, distance=2592, color='red'), ShootingResult(nth=8, score=5.9, time=5.1, pointX=0.754855, pointY=0.537546, distance=2592, color='green'), ShootingResult(nth=9, score=9.1, time=2.5, pointX=0.467177, pointY=0.589476, distance=2592, color='red'), ShootingResult(nth=10, score=9.7, time=8.5, pointX=0.561364, pointY=0.520988, distance=2594, color='red')]",10,"[0.598841, 0.47732399999999997]",0.11708892707159387,"[0.12129025020338609, 0.06011762340686797]",0.0479685130571873,입문
20250108-88319750-a68a-4fe8-be96-c5b27584a405,"[ShootingResult(nth=1, score=2.1, time=32.6, pointX=0.462216, pointY=0.954581, distance=2635, color='blue'), ShootingResult(nth=2, score=7.9, time=8.0, pointX=0.625996, pointY=0.40519, distance=2640, color='orange'), ShootingResult(nth=3, score=2.6, time=5.7, pointX=0.417631, pointY=0.918165, distance=2640, color='blue'), ShootingResult(nth=4, score=8.6, time=1.7, pointX=0.515212, pointY=0.620677, distance=2640, color='orange'), ShootingResult(nth=5, score=8.8, time=1.8, pointX=0.552348, pointY=0.598122, distance=2637, color='orange'), ShootingResult(nth=6, score=7.6, time=5.3, pointX=0.587371, pointY=0.352222, distance=2634, color='orange'), ShootingResult(nth=7, score=7.9, time=8.0, pointX=0.352295, pointY=0.548154, distance=2641, color='orange'), ShootingResult(nth=8, score=6.1, time=5.0, pointX=0.575012, pointY=0.734284, distance=2636, color='green'), ShootingResult(nth=9, score=8.9, time=8.8, pointX=0.524451, pointY=0.599738, distance=2641, color='orange'), ShootingResult(nth=10, score=9.1, time=2.3, pointX=0.514859, pointY=0.407669, distance=2633, color='red')]",10,"[0.5198315, 0.59893]",0.1744195578019471,"[0.07831477911920584, 0.1955805395328482]",0.05510241508379768,입문
20250109-0c25566e-2256-4a2b-9066-5a77537b4c2b,"[ShootingResult(nth=1, score=8.6, time=1.3, pointX=0.552921, pointY=0.392332, distance=2626, color='orange'), ShootingResult(nth=2, score=9.7, time=2.6, pointX=0.462145, pointY=0.447949, distance=2625, color='red'), ShootingResult(nth=3, score=6.5, time=1.7, pointX=0.482407, pointY=0.728477, distance=2626, color='green'), ShootingResult(nth=4, score=7.2, time=3.5, pointX=0.419664, pointY=0.325919, distance=2626, color='orange'), ShootingResult(nth=5, score=1.0, time=2.4, pointX=-0.00472743, pointY=0.444397, distance=2629, color='blue'), ShootingResult(nth=6, score=8.9, time=3.6, pointX=0.465062, pointY=0.401149, distance=2629, color='orange'), ShootingResult(nth=7, score=8.4, time=1.9, pointX=0.3762, pointY=0.464778, distance=2621, color='orange'), ShootingResult(nth=8, score=10.9, time=2.8, pointX=0.487666, pointY=0.507848, distance=2629, color='red'), ShootingResult(nth=9, score=9.7, time=2.2, pointX=0.519419, pointY=0.561528, distance=2629, color='red'), ShootingResult(nth=10, score=10.8, time=1.9, pointX=0.480841, pointY=0.494775, distance=2628, color='red')]",10,"[0.47295149999999997, 0.45636350000000003]",0.13677818433261807,"[0.15022408930142142, 0.10462167491089025]",0.004084150118031593,입문
20250109-0723a820-2e77-40a3-b223-337b7e1ec5b7,"[ShootingResult(nth=1, score=6.0, time=1.3, pointX=0.554277, pointY=0.252743, distance=2627, color='green'), ShootingResult(nth=2, score=9.2, time=2.9, pointX=0.586316, pointY=0.48661, distance=2629, color='red'), ShootingResult(nth=3, score=7.5, time=1.7, pointX=0.334229, pointY=0.442695, distance=2629, color='orange'), ShootingResult(nth=4, score=7.7, time=2.4, pointX=0.422312, pointY=0.643673, distance=2629, color='orange'), ShootingResult(nth=5, score=8.0, time=4.6, pointX=0.543125, pointY=0.645273, distance=2626, color='orange'), ShootingResult(nth=6, score=8.3, time=4.8, pointX=0.581527, pointY=0.393509, distance=2632, color='orange'), ShootingResult(nth=7, score=8.3, time=3.2, pointX=0.524712, pointY=0.368465, distance=2626, color='orange'), ShootingResult(nth=8, score=7.6, time=2.2, pointX=0.335366, pointY=0.548632, distance=2627, color='orange'), ShootingResult(nth=9, score=9.4, time=2.8, pointX=0.470877, pointY=0.427983, distance=2629, color='red'), ShootingResult(nth=10, score=10.1, time=3.7, pointX=0.523225, pointY=0.536545, distance=2625, color='red')]",10,"[0.5239685000000001, 0.4646525]",0.13892530521060653,"[0.08943291064390112, 0.11723015884899245]",0.07677196332266115,입문
20250109-54696c7b-0461-413e-b72f-3acdf3e5ff5a,"[ShootingResult(nth=1, score=8.1, time=3.0, pointX=0.626586, pointY=0.431247, distance=2626, color='orange'), ShootingResult(nth=2, score=9.4, time=3.9, pointX=0.562979, pointY=0.454418, distance=2628, color='red'), ShootingResult(nth=3, score=9.1, time=2.4, pointX=0.472107, pointY=0.589796, distance=2631, color='red'), ShootingResult(nth=4, score=8.3, time=2.1, pointX=0.627517, pointY=0.459604, distance=2625, color='orange'), ShootingResult(nth=5, score=8.8, time=2.4, pointX=0.404249, pointY=0.44578, distance=2628, color='orange'), ShootingResult(nth=6, score=10.3, time=1.8, pointX=0.4747, pointY=0.525423, distance=2630, color='red'), ShootingResult(nth=7, score=9.7, time=1.5, pointX=0.553253, pointY=0.468458, distance=2630, color='red'), ShootingResult(nth=8, score=10.4, time=2.1, pointX=0.524504, pointY=0.524107, distance=2627, color='red'), ShootingResult(nth=9, score=9.1, time=3.1, pointX=0.495628, pointY=0.591955, distance=2627, color='red'), ShootingResult(nth=10, score=8.4, time=2.6, pointX=0.595847, pointY=0.58571, distance=2626, color='orange')]",10,"[0.5388785, 0.49628249999999996]",0.08562645964034446,"[0.06935240205212793, 0.0607278901589706]",0.04927550016799407,입문
20250109-cbbcd582-10b9-4848-86b0-1f0c1e62a152,"[ShootingResult(nth=1, score=10.0, time=4.1, pointX=0.450697, pointY=0.500168, distance=2628, color='red'), ShootingResult(nth=2, score=8.5, time=2.5, pointX=0.533868, pointY=0.618593, distance=2631, color='orange'), ShootingResult(nth=3, score=7.5, time=1.5, pointX=0.33489, pointY=0.447282, distance=2628, color='orange'), ShootingResult(nth=4, score=9.8, time=2.1, pointX=0.447344, pointY=0.522172, distance=2627, color='red'), ShootingResult(nth=5, score=9.6, time=3.1, pointX=0.444749, pointY=0.463483, distance=2629, color='red'), ShootingResult(nth=6, score=8.3, time=2.9, pointX=0.543371, pointY=0.627899, distance=2627, color='orange'), ShootingResult(nth=7, score=10.4, time=2.9, pointX=0.529022, pointY=0.485223, distance=2632, color='red'), ShootingResult(nth=8, score=8.1, time=2.7, pointX=0.444146, pointY=0.632059, distance=2631, color='orange'), ShootingResult(nth=9, score=9.4, time=2.3, pointX=0.480062, pointY=0.421821, distance=2629, color='red'), ShootingResult(nth=10, score=9.9, time=2.3, pointX=0.509808, pointY=0.449567, distance=2631, color='red')]",10,"[0.4653795, 0.49269549999999995]",0.08637161953720782,"[0.05919995898148917, 0.07649102096462042]",0.036182604742934124,입문
20250109-c53ff719-3479-4482-9dfd-08084ef6165c,"[ShootingResult(nth=1, score=9.1, time=3.5, pointX=0.444799, pointY=0.574533, distance=2630, color='red'), ShootingResult(nth=2, score=9.4, time=2.9, pointX=0.449957, pointY=0.55983, distance=2630, color='red'), ShootingResult(nth=3, score=8.9, time=1.6, pointX=0.399224, pointY=0.51323, distance=2626, color='orange'), ShootingResult(nth=4, score=6.2, time=2.2, pointX=0.285432, pointY=0.386442, distance=2632, color='green'), ShootingResult(nth=5, score=7.6, time=2.4, pointX=0.341893, pointY=0.436959, distance=2632, color='orange'), ShootingResult(nth=6, score=8.8, time=2.4, pointX=0.496184, pointY=0.606615, distance=2624, color='orange'), ShootingResult(nth=7, score=6.5, time=2.6, pointX=0.343886, pointY=0.662165, distance=2629, color='green'), ShootingResult(nth=8, score=8.7, time=1.2, pointX=0.436758, pointY=0.40239, distance=2627, color='orange'), ShootingResult(nth=9, score=10.2, time=1.5, pointX=0.461757, pointY=0.48515, distance=2626, color='red'), ShootingResult(nth=10, score=8.8, time=2.4, pointX=0.428626, pointY=0.418792, distance=2632, color='orange')]",10,"[0.43269199999999997, 0.49919]",0.09912467784273879,"[0.06213426157475438, 0.08942821698121907]",0.047839999107533226,입문
20250109-5b724ef4-ea25-48ec-9d42-bbcc25d62cba,"[ShootingResult(nth=1, score=9.1, time=1.2, pointX=0.474915, pointY=0.410052, distance=2627, color='red'), ShootingResult(nth=2, score=8.1, time=2.9, pointX=0.496136, pointY=0.642562, distance=2630, color='orange'), ShootingResult(nth=3, score=8.3, time=2.0, pointX=0.594047, pointY=0.400211, distance=2626, color='orange'), ShootingResult(nth=4, score=6.2, time=1.3, pointX=0.607548, pointY=0.282357, distance=2629, color='green'), ShootingResult(nth=5, score=8.7, time=2.2, pointX=0.543367, pointY=0.603407, distance=2632, color='orange'), ShootingResult(nth=6, score=8.6, time=1.6, pointX=0.619199, pointY=0.503487, distance=2633, color='orange'), ShootingResult(nth=7, score=9.9, time=2.3, pointX=0.52845, pointY=0.546063, distance=2630, color='red'), ShootingResult(nth=8, score=9.1, time=2.1, pointX=0.551338, pointY=0.577684, distance=2628, color='red'), ShootingResult(nth=9, score=9.1, time=1.6, pointX=0.408028, pointY=0.52659, distance=2631, color='red'), ShootingResult(nth=10, score=8.6, time=1.8, pointX=0.380631, pointY=0.495904, distance=2629, color='orange')]",10,"[0.5359085, 0.5150385]",0.11812167150977895,"[0.07690890545632541, 0.10262203137148473]",0.0633698262254794,입문
20250109-dac94c32-21d7-450a-8a72-b43753ee7681,"[ShootingResult(nth=1, score=10.2, time=1.3, pointX=0.539186, pointY=0.486518, distance=2630, color='red'), ShootingResult(nth=2, score=8.9, time=2.5, pointX=0.557004, pointY=0.588453, distance=2624, color='orange'), ShootingResult(nth=3, score=9.6, time=2.7, pointX=0.461692, pointY=0.442364, distance=2628, color='red'), ShootingResult(nth=4, score=8.5, time=1.4, pointX=0.486284, pointY=0.621845, distance=2630, color='orange'), ShootingResult(nth=5, score=7.3, time=2.4, pointX=0.61503, pointY=0.354788, distance=2629, color='orange'), ShootingResult(nth=6, score=7.7, time=1.9, pointX=0.638118, pointY=0.592053, distance=2630, color='orange'), ShootingResult(nth=7, score=8.4, time=2.2, pointX=0.626228, pointY=0.477334, distance=2627, color='orange'), ShootingResult(nth=8, score=7.8, time=1.9, pointX=0.605435, pointY=0.621857, distance=2628, color='orange'), ShootingResult(nth=9, score=8.6, time=2.2, pointX=0.55272, pointY=0.607858, distance=2632, color='orange'), ShootingResult(nth=10, score=9.0, time=1.4, pointX=0.515094, pointY=0.403015, distance=2631, color='red')]",10,"[0.554862, 0.5374855000000001]",0.10404326670878714,"[0.05761114270078314, 0.09396354158847994]",0.06322683441596921,입문
20250109-886d1d7d-1600-4a6a-a7e8-1302527809f8,"[ShootingResult(nth=1, score=9.3, time=2.7, pointX=0.454223, pointY=0.568998, distance=2629, color='red'), ShootingResult(nth=2, score=9.2, time=3.6, pointX=0.538045, pointY=0.417693, distance=2627, color='red'), ShootingResult(nth=3, score=4.6, time=1.8, pointX=0.189064, pointY=0.41107, distance=2626, color='blue'), ShootingResult(nth=4, score=9.4, time=2.0, pointX=0.533325, pointY=0.432102, distance=2630, color='red'), ShootingResult(nth=5, score=9.4, time=2.2, pointX=0.578345, pointY=0.481736, distance=2630, color='red'), ShootingResult(nth=6, score=10.9, time=2.4, pointX=0.505243, pointY=0.494211, distance=2630, color='red'), ShootingResult(nth=7, score=9.7, time=2.4, pointX=0.442429, pointY=0.482127, distance=2626, color='red'), ShootingResult(nth=8, score=9.9, time=1.7, pointX=0.494882, pointY=0.445674, distance=2627, color='red'), ShootingResult(nth=9, score=10.1, time=2.0, pointX=0.509386, pointY=0.456454, distance=2628, color='red'), ShootingResult(nth=10, score=8.6, time=2.8, pointX=0.514686, pointY=0.382709, distance=2632, color='orange')]",10,"[0.5073145, 0.451064]",0.08082213299397481,"[0.10264826119696328, 0.050092835284499516]",-0.0059838341071078716,입문
20250109-a4f55ed7-169d-499f-8863-975953dd7aea,"[ShootingResult(nth=1, score=9.7, time=9.6, pointX=0.560884, pointY=0.48207, distance=2630, color='red'), ShootingResult(nth=2, score=9.6, time=4.2, pointX=0.505569, pointY=0.5689, distance=2628, color='red'), ShootingResult(nth=3, score=5.0, time=4.1, pointX=0.38022, pointY=0.221629, distance=2630, color='green'), ShootingResult(nth=4, score=7.8, time=1.9, pointX=0.587451, pointY=0.36258, distance=2631, color='orange'), ShootingResult(nth=5, score=9.3, time=3.1, pointX=0.555289, pointY=0.563271, distance=2630, color='red'), ShootingResult(nth=6, score=9.5, time=2.4, pointX=0.490862, pointY=0.57308, distance=2631, color='red'), ShootingResult(nth=7, score=8.6, time=1.7, pointX=0.562973, pointY=0.397266, distance=2628, color='orange'), ShootingResult(nth=8, score=9.4, time=2.6, pointX=0.569817, pointY=0.46887, distance=2630, color='red'), ShootingResult(nth=9, score=7.0, time=1.8, pointX=0.383081, pointY=0.663671, distance=2629, color='orange'), ShootingResult(nth=10, score=9.4, time=1.5, pointX=0.424836, pointY=0.473525, distance=2631, color='red')]",10,"[0.530429, 0.4777975]",0.12130066556159307,"[0.07549095629649952, 0.12030421123119507]",0.04217502247943827,입문
20250109-2dd1581c-65a1-424c-9624-5d0720ffefb0,"[ShootingResult(nth=1, score=8.0, time=1.1, pointX=0.486775, pointY=0.651503, distance=2634, color='orange'), ShootingResult(nth=2, score=9.1, time=2.9, pointX=0.561969, pointY=0.427803, distance=2632, color='red'), ShootingResult(nth=3, score=10.0, time=2.0, pointX=0.452211, pointY=0.513072, distance=2634, color='red'), ShootingResult(nth=4, score=9.9, time=2.6, pointX=0.51926, pointY=0.546535, distance=2630, color='red'), ShootingResult(nth=5, score=7.2, time=3.4, pointX=0.544883, pointY=0.312386, distance=2628, color='orange'), ShootingResult(nth=6, score=8.5, time=3.3, pointX=0.583201, pointY=0.595535, distance=2631, color='orange'), ShootingResult(nth=7, score=8.2, time=2.1, pointX=0.396185, pointY=0.405999, distance=2629, color='orange'), ShootingResult(nth=8, score=9.1, time=2.2, pointX=0.529187, pointY=0.58976, distance=2631, color='red'), ShootingResult(nth=9, score=8.6, time=2.3, pointX=0.618409, pointY=0.512273, distance=2632, color='orange'), ShootingResult(nth=10, score=5.5, time=4.0, pointX=0.398559, pointY=0.759821, distance=2627, color='green')]",10,"[0.5242235, 0.5298035]",0.1230358669918135,"[0.07122186737294944, 0.12226026820766425]",0.051517412233109586,입문
20250109-73bcb07b-4655-4f90-a70e-77f243802888,"[ShootingResult(nth=1, score=9.7, time=11.8, pointX=0.5194, pointY=0.441407, distance=2630, color='red'), ShootingResult(nth=2, score=9.1, time=3.4, pointX=0.565791, pointY=0.43355, distance=2629, color='red'), ShootingResult(nth=3, score=7.4, time=2.8, pointX=0.678802, pointY=0.490137, distance=2627, color='orange'), ShootingResult(nth=4, score=7.2, time=2.7, pointX=0.320238, pointY=0.437725, distance=2630, color='orange'), ShootingResult(nth=5, score=7.7, time=1.7, pointX=0.569022, pointY=0.350496, distance=2631, color='orange'), ShootingResult(nth=6, score=9.4, time=3.6, pointX=0.442446, pointY=0.549152, distance=2628, color='red'), ShootingResult(nth=7, score=7.6, time=1.7, pointX=0.552787, pointY=0.663921, distance=2623, color='orange'), ShootingResult(nth=8, score=4.2, time=1.5, pointX=0.586805, pointY=0.167391, distance=2630, color='blue'), ShootingResult(nth=9, score=8.7, time=3.6, pointX=0.399738, pointY=0.445538, distance=2629, color='orange'), ShootingResult(nth=10, score=8.5, time=3.2, pointX=0.533979, pointY=0.617795, distance=2626, color='orange')]",10,"[0.543383, 0.4434725]",0.14759764357142807,"[0.09784584457277683, 0.13217424113631218]",0.06870672377192466,입문
20250109-4ca3776d-fe1e-4bdf-af40-06b35741a125,"[ShootingResult(nth=1, score=5.0, time=0.7, pointX=0.58171, pointY=0.209149, distance=2629, color='green'), ShootingResult(nth=2, score=9.9, time=4.6, pointX=0.462206, pointY=0.466704, distance=2630, color='red'), ShootingResult(nth=3, score=9.3, time=5.9, pointX=0.434531, pointY=0.448555, distance=2630, color='red'), ShootingResult(nth=4, score=10.0, time=4.4, pointX=0.500549, pointY=0.547591, distance=2632, color='red'), ShootingResult(nth=5, score=7.5, time=2.7, pointX=0.499405, pointY=0.325574, distance=2628, color='orange'), ShootingResult(nth=6, score=8.8, time=2.3, pointX=0.599183, pointY=0.449585, distance=2627, color='orange'), ShootingResult(nth=7, score=10.2, time=6.7, pointX=0.489252, pointY=0.461717, distance=2630, color='red'), ShootingResult(nth=8, score=6.3, time=3.2, pointX=0.67591, pointY=0.341416, distance=2631, color='green'), ShootingResult(nth=9, score=7.8, time=2.0, pointX=0.474202, pointY=0.342992, distance=2630, color='orange'), ShootingResult(nth=10, score=8.9, time=1.4, pointX=0.401061, pointY=0.464166, distance=2631, color='orange')]",10,"[0.4943285, 0.44906999999999997]",0.11061304699247936,"[0.07896247281645882, 0.09342930098684248]",0.040533026423207635,입문
20250109-6e9dca82-8ff4-4555-9b26-0c3fd1dde52c,"[ShootingResult(nth=1, score=10.9, time=0.3, pointX=0.494842, pointY=0.494482, distance=2630, color='red'), ShootingResult(nth=2, score=8.9, time=3.6, pointX=0.519964, pointY=0.600919, distance=2627, color='orange'), ShootingResult(nth=3, score=8.8, time=1.5, pointX=0.609475, pointY=0.486239, distance=2630, color='orange'), ShootingResult(nth=4, score=9.3, time=1.8, pointX=0.581981, pointY=0.51669, distance=2630, color='red'), ShootingResult(nth=5, score=9.6, time=2.6, pointX=0.495624, pointY=0.568873, distance=2630, color='red'), ShootingResult(nth=6, score=7.7, time=2.2, pointX=0.347019, pointY=0.442112, distance=2629, color='orange'), ShootingResult(nth=7, score=9.5, time=1.7, pointX=0.528379, pointY=0.569326, distance=2632, color='red'), ShootingResult(nth=8, score=6.4, time=3.6, pointX=0.599456, pointY=0.288951, distance=2629, color='green'), ShootingResult(nth=9, score=8.7, time=1.4, pointX=0.603514, pointY=0.454376, distance=2631, color='orange'), ShootingResult(nth=10, score=9.0, time=4.5, pointX=0.580655, pointY=0.552958, distance=2629, color='red')]",10,"[0.554517, 0.505586]",0.0968545139682777,"[0.07579239549776744, 0.08540991046032069]",0.033108396997369574,입문
20250109-ab9711ae-3186-48cb-9d5b-8158a0e12aa6,"[ShootingResult(nth=1, score=9.4, time=0.9, pointX=0.566372, pointY=0.545398, distance=2650, color='red'), ShootingResult(nth=2, score=8.8, time=3.0, pointX=0.529068, pointY=0.397248, distance=2654, color='orange'), ShootingResult(nth=3, score=8.4, time=1.7, pointX=0.627241, pointY=0.495636, distance=2651, color='orange'), ShootingResult(nth=4, score=10.3, time=2.7, pointX=0.514338, pointY=0.532732, distance=2650, color='red'), ShootingResult(nth=5, score=8.9, time=2.2, pointX=0.605108, pointY=0.500036, distance=2653, color='orange'), ShootingResult(nth=6, score=8.3, time=2.8, pointX=0.606702, pointY=0.419978, distance=2655, color='orange'), ShootingResult(nth=7, score=9.1, time=1.9, pointX=0.592084, pointY=0.486619, distance=2657, color='red'), ShootingResult(nth=8, score=9.5, time=2.4, pointX=0.532404, pointY=0.436541, distance=2655, color='red'), ShootingResult(nth=9, score=9.7, time=2.2, pointX=0.456662, pointY=0.545853, distance=2651, color='red'), ShootingResult(nth=10, score=5.9, time=3.0, pointX=0.755996, pointY=0.530412, distance=2651, color='green')]",10,"[0.5792280000000001, 0.49783600000000006]",0.07975234097733283,"[0.0769707712514952, 0.05113348284842331]",0.03225107004028062,입문
20250109-fbde5321-4a73-4b1a-85ed-b9bdaa46df16,"[ShootingResult(nth=1, score=10.5, time=0.7, pointX=0.527268, pointY=0.494926, distance=2651, color='red'), ShootingResult(nth=2, score=8.3, time=2.9, pointX=0.544102, pointY=0.372843, distance=2654, color='orange'), ShootingResult(nth=3, score=9.3, time=2.5, pointX=0.571186, pointY=0.545458, distance=2648, color='red'), ShootingResult(nth=4, score=8.5, time=2.9, pointX=0.622537, pointY=0.477818, distance=2652, color='orange'), ShootingResult(nth=5, score=9.7, time=2.8, pointX=0.552976, pointY=0.467999, distance=2654, color='red'), ShootingResult(nth=6, score=10.6, time=2.6, pointX=0.513882, pointY=0.520847, distance=2648, color='red'), ShootingResult(nth=7, score=8.4, time=2.9, pointX=0.623218, pointY=0.464331, distance=2648, color='orange'), ShootingResult(nth=8, score=8.3, time=4.5, pointX=0.61426, pointY=0.425839, distance=2652, color='orange'), ShootingResult(nth=9, score=9.2, time=2.4, pointX=0.55464, pointY=0.570454, distance=2654, color='red'), ShootingResult(nth=10, score=9.0, time=3.6, pointX=0.596206, pointY=0.499926, distance=2651, color='red')]",10,"[0.562913, 0.486372]",0.061647510452949125,"[0.03790778190622609, 0.05422340458593503]",0.03585496855507618,입문
20250109-58e09d2c-0a9b-4ff9-a46a-54d0ebc9716a,"[ShootingResult(nth=1, score=8.3, time=2.3, pointX=0.600766, pointY=0.590077, distance=2632, color='orange'), ShootingResult(nth=2, score=6.1, time=2.3, pointX=0.384311, pointY=0.280759, distance=2631, color='green'), ShootingResult(nth=3, score=8.6, time=2.6, pointX=0.519919, pointY=0.619776, distance=2630, color='orange'), ShootingResult(nth=4, score=7.1, time=1.1, pointX=0.463249, pointY=0.693171, distance=2628, color='orange'), ShootingResult(nth=5, score=10.3, time=1.5, pointX=0.529974, pointY=0.479187, distance=2629, color='red'), ShootingResult(nth=6, score=8.3, time=1.8, pointX=0.602485, pointY=0.410005, distance=2631, color='orange'), ShootingResult(nth=7, score=9.1, time=1.8, pointX=0.413617, pointY=0.530202, distance=2628, color='red'), ShootingResult(nth=8, score=9.8, time=1.6, pointX=0.552676, pointY=0.516707, distance=2628, color='red'), ShootingResult(nth=9, score=7.3, time=2.0, pointX=0.473854, pointY=0.317797, distance=2637, color='orange'), ShootingResult(nth=10, score=9.1, time=1.9, pointX=0.514844, pointY=0.590235, distance=2629, color='red')]",10,"[0.5173814999999999, 0.5234544999999999]",0.12628143521482543,"[0.06893279187331672, 0.12602687459522274]",0.05379708644777201,입문
20250109-add2bc64-414b-4878-80c7-acdec7284564,"[ShootingResult(nth=1, score=5.5, time=1.1, pointX=0.779522, pointY=0.504562, distance=2650, color='green'), ShootingResult(nth=2, score=8.8, time=3.9, pointX=0.413264, pointY=0.433483, distance=2651, color='orange'), ShootingResult(nth=3, score=9.6, time=4.1, pointX=0.446412, pointY=0.457273, distance=2651, color='red'), ShootingResult(nth=4, score=10.7, time=2.6, pointX=0.482752, pointY=0.484464, distance=2651, color='red'), ShootingResult(nth=5, score=10.5, time=2.0, pointX=0.513803, pointY=0.526534, distance=2650, color='red'), ShootingResult(nth=6, score=9.3, time=2.9, pointX=0.549277, pointY=0.56516, distance=2651, color='red'), ShootingResult(nth=7, score=9.4, time=3.4, pointX=0.578047, pointY=0.482077, distance=2653, color='red'), ShootingResult(nth=8, score=10.0, time=2.1, pointX=0.460673, pointY=0.471536, distance=2653, color='red'), ShootingResult(nth=9, score=10.2, time=2.6, pointX=0.503331, pointY=0.46005, distance=2648, color='red'), ShootingResult(nth=10, score=9.8, time=2.4, pointX=0.530494, pointY=0.546235, distance=2651, color='red')]",10,"[0.508567, 0.4832705]",0.08168372774876544,"[0.09663748425869748, 0.0398199998448016]",0.013528952579188583,입문
20250109-01d03c4a-1b6a-48a0-8466-c67709f40f8a,"[ShootingResult(nth=1, score=9.8, time=0.9, pointX=0.553447, pointY=0.525537, distance=2630, color='red'), ShootingResult(nth=2, score=6.2, time=2.8, pointX=0.473537, pointY=0.741611, distance=2631, color='green'), ShootingResult(nth=3, score=9.1, time=2.8, pointX=0.421822, pointY=0.449076, distance=2629, color='red'), ShootingResult(nth=4, score=9.1, time=3.1, pointX=0.437639, pointY=0.567325, distance=2632, color='red'), ShootingResult(nth=5, score=9.6, time=2.2, pointX=0.509716, pointY=0.430385, distance=2629, color='red'), ShootingResult(nth=6, score=10.5, time=1.5, pointX=0.521088, pointY=0.519755, distance=2629, color='red'), ShootingResult(nth=7, score=6.0, time=2.5, pointX=0.564803, pointY=0.255868, distance=2629, color='green'), ShootingResult(nth=8, score=8.5, time=2.9, pointX=0.505796, pointY=0.626344, distance=2630, color='orange'), ShootingResult(nth=9, score=10.7, time=2.4, pointX=0.489906, pointY=0.520125, distance=2631, color='red'), ShootingResult(nth=10, score=8.6, time=2.2, pointX=0.611193, pointY=0.454212, distance=2632, color='orange')]",10,"[0.507756, 0.51994]",0.10862399496081405,"[0.05477618845091361, 0.12191838991948672]",0.02997405916520743,입문
20250109-e6cd42d1-c196-4a5f-ab88-dac3436370d1,"[ShootingResult(nth=1, score=9.7, time=0.7, pointX=0.559653, pointY=0.521962, distance=2648, color='red'), ShootingResult(nth=2, score=9.8, time=3.5, pointX=0.55651, pointY=0.491017, distance=2650, color='red'), ShootingResult(nth=3, score=9.5, time=1.6, pointX=0.567726, pointY=0.467546, distance=2652, color='red'), ShootingResult(nth=4, score=7.4, time=1.8, pointX=0.656553, pointY=0.407072, distance=2654, color='orange'), ShootingResult(nth=5, score=9.6, time=3.2, pointX=0.432956, pointY=0.482346, distance=2653, color='red'), ShootingResult(nth=6, score=8.3, time=2.3, pointX=0.635187, pointY=0.517825, distance=2652, color='orange'), ShootingResult(nth=7, score=10.1, time=3.2, pointX=0.464851, pointY=0.471302, distance=2654, color='red'), ShootingResult(nth=8, score=10.3, time=3.2, pointX=0.464907, pointY=0.490332, distance=2653, color='red'), ShootingResult(nth=9, score=7.4, time=2.5, pointX=0.407686, pointY=0.343738, distance=2655, color='orange'), ShootingResult(nth=10, score=5.8, time=1.5, pointX=0.571058, pointY=0.245561, distance=2653, color='green')]",10,"[0.5580814999999999, 0.476824]",0.1026071312250709,"[0.08037512336046519, 0.08333648626316087]",0.03435472376049073,입문
20250109-2542b980-0696-4267-b2de-37f90c28b070,"[ShootingResult(nth=1, score=8.8, time=3.6, pointX=0.424661, pointY=0.424513, distance=2632, color='orange'), ShootingResult(nth=2, score=6.9, time=4.6, pointX=0.514402, pointY=0.293795, distance=2632, color='green'), ShootingResult(nth=3, score=8.9, time=1.6, pointX=0.529154, pointY=0.599295, distance=2633, color='orange'), ShootingResult(nth=4, score=8.9, time=3.1, pointX=0.44889, pointY=0.593145, distance=2636, color='orange'), ShootingResult(nth=5, score=10.2, time=2.8, pointX=0.535848, pointY=0.521333, distance=2633, color='red'), ShootingResult(nth=6, score=2.1, time=8.5, pointX=0.721203, pointY=0.103633, distance=2635, color='blue'), ShootingResult(nth=7, score=7.8, time=2.0, pointX=0.42659, pointY=0.64309, distance=2634, color='orange'), ShootingResult(nth=8, score=10.2, time=1.5, pointX=0.468559, pointY=0.52549, distance=2635, color='red'), ShootingResult(nth=9, score=9.2, time=2.5, pointX=0.524304, pointY=0.584973, distance=2633, color='red'), ShootingResult(nth=10, score=6.7, time=1.9, pointX=0.448123, pointY=0.290721, distance=2634, color='green')]",10,"[0.4914805, 0.5234115]",0.15051015371112142,"[0.08309435366160568, 0.1669783709279738]",0.02177370731867742,입문
20250109-7fbc042b-4e3f-4b15-9272-8a7905a082fd,"[ShootingResult(nth=1, score=8.6, time=2.7, pointX=0.60468, pointY=0.438393, distance=2583, color='orange'), ShootingResult(nth=2, score=9.4, time=6.5, pointX=0.569911, pointY=0.466939, distance=2578, color='red'), ShootingResult(nth=3, score=9.3, time=6.6, pointX=0.497894, pointY=0.415694, distance=2582, color='red'), ShootingResult(nth=4, score=9.9, time=6.2, pointX=0.447598, pointY=0.492918, distance=2580, color='red'), ShootingResult(nth=5, score=9.2, time=5.7, pointX=0.468706, pointY=0.419378, distance=2582, color='red'), ShootingResult(nth=6, score=9.8, time=6.1, pointX=0.517573, pointY=0.443355, distance=2586, color='red'), ShootingResult(nth=7, score=8.9, time=21.3, pointX=0.590817, pointY=0.447482, distance=2582, color='orange'), ShootingResult(nth=8, score=9.6, time=5.8, pointX=0.558018, pointY=0.461261, distance=2582, color='red'), ShootingResult(nth=9, score=8.7, time=8.5, pointX=0.557766, pointY=0.403651, distance=2580, color='orange'), ShootingResult(nth=10, score=10.1, time=6.5, pointX=0.502676, pointY=0.456709, distance=2583, color='red')]",10,"[0.5376695, 0.4454185]",0.051364054893738055,"[0.04987892304260388, 0.025406262074535887]",0.02827501478867815,입문
20250109-5a800697-882b-4cee-9195-5cd352c3b5e4,"[ShootingResult(nth=1, score=7.0, time=4.3, pointX=0.557214, pointY=0.306647, distance=2600, color='orange'), ShootingResult(nth=2, score=9.6, time=4.4, pointX=0.554476, pointY=0.462542, distance=2603, color='red'), ShootingResult(nth=3, score=9.1, time=3.5, pointX=0.43799, pointY=0.430144, distance=2602, color='red'), ShootingResult(nth=4, score=9.3, time=3.3, pointX=0.584771, pointY=0.500409, distance=2602, color='red'), ShootingResult(nth=5, score=9.3, time=6.3, pointX=0.492665, pointY=0.41832, distance=2604, color='red'), ShootingResult(nth=6, score=10.1, time=6.2, pointX=0.517783, pointY=0.459984, distance=2592, color='red'), ShootingResult(nth=7, score=10.2, time=4.6, pointX=0.508642, pointY=0.460755, distance=2603, color='red'), ShootingResult(nth=8, score=9.5, time=5.1, pointX=0.532725, pointY=0.435346, distance=2602, color='red'), ShootingResult(nth=9, score=9.2, time=4.4, pointX=0.582623, pointY=0.531691, distance=2601, color='red'), ShootingResult(nth=10, score=9.1, time=5.1, pointX=0.491971, pointY=0.593254, distance=2605, color='red')]",10,"[0.525254, 0.4603695]",0.06823268359873515,"[0.043444581970597904, 0.07161677899598667]",0.019636390269254782,입문
20250109-86a2cd5a-09d9-43b0-b4c8-2ff85c7db64f,"[ShootingResult(nth=1, score=8.4, time=3.9, pointX=0.559331, pointY=0.386943, distance=2601, color='orange'), ShootingResult(nth=2, score=10.6, time=3.8, pointX=0.512954, pointY=0.522006, distance=2605, color='red'), ShootingResult(nth=3, score=8.7, time=4.3, pointX=0.580797, pointY=0.422103, distance=2603, color='orange'), ShootingResult(nth=4, score=9.2, time=3.7, pointX=0.542329, pointY=0.420497, distance=2605, color='red'), ShootingResult(nth=5, score=8.6, time=5.2, pointX=0.387089, pointY=0.458497, distance=2602, color='orange'), ShootingResult(nth=6, score=10.0, time=6.3, pointX=0.54295, pointY=0.477666, distance=2601, color='red'), ShootingResult(nth=7, score=9.3, time=6.1, pointX=0.569611, pointY=0.541275, distance=2602, color='red'), ShootingResult(nth=8, score=8.2, time=11.2, pointX=0.408421, pointY=0.396095, distance=2603, color='orange'), ShootingResult(nth=9, score=10.9, time=5.2, pointX=0.502392, pointY=0.512223, distance=2605, color='red'), ShootingResult(nth=10, score=9.8, time=10.8, pointX=0.44787, pointY=0.473053, distance=2604, color='red')]",10,"[0.5276415, 0.465775]",0.07770422620093795,"[0.0650140684163051, 0.05105825480722974]",0.04145355082014721,입문
20250109-42ac9789-702a-41ae-8dca-05298c796bc6,"[ShootingResult(nth=1, score=9.9, time=4.6, pointX=0.554366, pointY=0.494088, distance=2578, color='red'), ShootingResult(nth=2, score=8.7, time=6.2, pointX=0.519102, pointY=0.388182, distance=2586, color='orange'), ShootingResult(nth=3, score=10.9, time=8.6, pointX=0.510443, pointY=0.489796, distance=2584, color='red'), ShootingResult(nth=4, score=8.5, time=17.7, pointX=0.585145, pointY=0.411574, distance=2579, color='orange'), ShootingResult(nth=5, score=10.7, time=5.8, pointX=0.51306, pointY=0.518964, distance=2587, color='red'), ShootingResult(nth=6, score=10.9, time=8.4, pointX=0.502672, pointY=0.486862, distance=2583, color='red'), ShootingResult(nth=7, score=10.1, time=6.7, pointX=0.545659, pointY=0.498365, distance=2581, color='red'), ShootingResult(nth=8, score=9.6, time=6.4, pointX=0.438697, pointY=0.528993, distance=2580, color='red'), ShootingResult(nth=9, score=9.0, time=9.6, pointX=0.414598, pointY=0.446127, distance=2579, color='red'), ShootingResult(nth=10, score=9.0, time=10.9, pointX=0.543356, pointY=0.412601, distance=2587, color='red')]",10,"[0.516081, 0.488329]",0.06013097217843264,"[0.049252040655794145, 0.046745308249705665]",0.022209088089208393,입문
20250109-660f32eb-684b-4892-a702-4d6f9519fd24,"[ShootingResult(nth=1, score=9.6, time=3.1, pointX=0.508482, pointY=0.432611, distance=2604, color='red'), ShootingResult(nth=2, score=10.0, time=4.0, pointX=0.539584, pointY=0.472251, distance=2601, color='red'), ShootingResult(nth=3, score=6.3, time=3.8, pointX=0.392921, pointY=0.287876, distance=2604, color='green'), ShootingResult(nth=4, score=8.4, time=7.4, pointX=0.621984, pointY=0.44971, distance=2601, color='orange'), ShootingResult(nth=5, score=10.7, time=5.5, pointX=0.508384, pointY=0.478872, distance=2603, color='red'), ShootingResult(nth=6, score=7.8, time=7.0, pointX=0.440698, pointY=0.352528, distance=2605, color='orange'), ShootingResult(nth=7, score=7.8, time=10.7, pointX=0.656954, pointY=0.459416, distance=2603, color='orange'), ShootingResult(nth=8, score=8.4, time=5.3, pointX=0.539803, pointY=0.375408, distance=2605, color='orange'), ShootingResult(nth=9, score=8.4, time=5.2, pointX=0.62731, pointY=0.522381, distance=2600, color='orange'), ShootingResult(nth=10, score=8.6, time=8.1, pointX=0.447006, pointY=0.391694, distance=2605, color='orange')]",10,"[0.524033, 0.4411605]",0.09397451037761974,"[0.08294026067622406, 0.06634790628354446]",0.040824615492148476,입문
20250109-a5cb3fe1-045e-41a6-bff4-64266490a4af,"[ShootingResult(nth=1, score=9.4, time=10.1, pointX=0.463611, pointY=0.429272, distance=2583, color='red'), ShootingResult(nth=2, score=8.2, time=10.0, pointX=0.428707, pointY=0.378211, distance=2579, color='orange'), ShootingResult(nth=3, score=9.9, time=4.6, pointX=0.459693, pointY=0.464496, distance=2582, color='red'), ShootingResult(nth=4, score=8.8, time=7.0, pointX=0.402058, pointY=0.456218, distance=2582, color='orange'), ShootingResult(nth=5, score=9.1, time=6.9, pointX=0.528521, pointY=0.410981, distance=2584, color='red'), ShootingResult(nth=6, score=8.8, time=5.5, pointX=0.41656, pointY=0.430325, distance=2580, color='orange'), ShootingResult(nth=7, score=8.1, time=4.9, pointX=0.630565, pointY=0.56157, distance=2584, color='orange'), ShootingResult(nth=8, score=8.8, time=6.4, pointX=0.543484, pointY=0.401968, distance=2581, color='orange'), ShootingResult(nth=9, score=10.7, time=5.8, pointX=0.512742, pointY=0.519137, distance=2581, color='red'), ShootingResult(nth=10, score=10.6, time=6.6, pointX=0.491129, pointY=0.525018, distance=2584, color='red')]",10,"[0.47736999999999996, 0.44327150000000004]",0.07656892369498311,"[0.06562604210220209, 0.056840422945646694]",0.03195488812945894,입문
20250109-03cdd1f7-934e-4dba-89aa-e0a5c289c7d6,"[ShootingResult(nth=1, score=8.9, time=4.7, pointX=0.461095, pointY=0.401086, distance=2606, color='orange'), ShootingResult(nth=2, score=8.9, time=10.1, pointX=0.405916, pointY=0.545598, distance=2605, color='orange'), ShootingResult(nth=3, score=8.8, time=4.9, pointX=0.394434, pointY=0.526703, distance=2603, color='orange'), ShootingResult(nth=4, score=9.0, time=4.4, pointX=0.588491, pointY=0.541459, distance=2606, color='red'), ShootingResult(nth=5, score=9.5, time=3.9, pointX=0.566131, pointY=0.463904, distance=2603, color='red'), ShootingResult(nth=6, score=10.7, time=3.4, pointX=0.485312, pointY=0.517497, distance=2603, color='red'), ShootingResult(nth=7, score=9.7, time=5.6, pointX=0.450683, pointY=0.537371, distance=2604, color='red'), ShootingResult(nth=8, score=7.7, time=6.9, pointX=0.641722, pointY=0.409493, distance=2604, color='orange'), ShootingResult(nth=9, score=8.8, time=4.7, pointX=0.605864, pointY=0.482505, distance=2605, color='orange'), ShootingResult(nth=10, score=9.1, time=4.8, pointX=0.410623, pointY=0.472387, distance=2604, color='red')]",10,"[0.4732035, 0.500001]",0.09447201732145746,"[0.08696634928344411, 0.0505177640024774]",0.04899196314202359,입문
20250109-de1e0157-52a3-4ed9-ab26-5d1ff6b181e2,"[ShootingResult(nth=1, score=8.9, time=4.0, pointX=0.410745, pointY=0.451147, distance=2587, color='orange'), ShootingResult(nth=2, score=10.9, time=4.7, pointX=0.491789, pointY=0.508109, distance=2586, color='red'), ShootingResult(nth=3, score=7.7, time=6.0, pointX=0.498672, pointY=0.335273, distance=2586, color='orange'), ShootingResult(nth=4, score=8.9, time=4.9, pointX=0.51385, pointY=0.398104, distance=2580, color='orange'), ShootingResult(nth=5, score=9.2, time=4.6, pointX=0.575176, pointY=0.453131, distance=2586, color='red'), ShootingResult(nth=6, score=9.8, time=6.0, pointX=0.442888, pointY=0.506483, distance=2582, color='red'), ShootingResult(nth=7, score=9.9, time=7.4, pointX=0.502896, pointY=0.44648, distance=2584, color='red'), ShootingResult(nth=8, score=8.8, time=6.5, pointX=0.508709, pointY=0.392157, distance=2582, color='orange'), ShootingResult(nth=9, score=9.4, time=6.5, pointX=0.454991, pointY=0.43517, distance=2587, color='red'), ShootingResult(nth=10, score=9.7, time=7.6, pointX=0.530443, pointY=0.555303, distance=2584, color='red')]",10,"[0.500784, 0.4488135]",0.0690883807448163,"[0.04437309595791126, 0.06088159072995712]",0.038053913273804335,입문
20250109-a53d30e5-edca-4a30-9de1-219495a286b3,"[ShootingResult(nth=1, score=9.1, time=8.4, pointX=0.586128, pointY=0.457898, distance=2605, color='red'), ShootingResult(nth=2, score=10.2, time=5.2, pointX=0.523341, pointY=0.468124, distance=2601, color='red'), ShootingResult(nth=3, score=10.3, time=4.3, pointX=0.518209, pointY=0.467892, distance=2599, color='red'), ShootingResult(nth=4, score=10.9, time=5.5, pointX=0.49659, pointY=0.511188, distance=2604, color='red'), ShootingResult(nth=5, score=9.2, time=4.4, pointX=0.41307, pointY=0.499338, distance=2606, color='red'), ShootingResult(nth=6, score=9.0, time=3.6, pointX=0.486434, pointY=0.402463, distance=2602, color='red'), ShootingResult(nth=7, score=7.2, time=4.6, pointX=0.653851, pointY=0.610883, distance=2603, color='orange'), ShootingResult(nth=8, score=7.2, time=15.5, pointX=0.586135, pointY=0.327947, distance=2604, color='orange'), ShootingResult(nth=9, score=10.1, time=4.6, pointX=0.457358, pointY=0.508386, distance=2603, color='red'), ShootingResult(nth=10, score=8.2, time=4.2, pointX=0.53927, pointY=0.363757, distance=2604, color='orange')]",10,"[0.520775, 0.468008]",0.08377946559545527,"[0.06611856493633236, 0.07706266074202213]",0.025833643351397637,입문
20250109-b89eeecc-e064-43e5-9ae5-f60230afa142,"[ShootingResult(nth=1, score=10.0, time=1.5, pointX=0.453111, pointY=0.484833, distance=2638, color='red'), ShootingResult(nth=2, score=8.6, time=4.6, pointX=0.426655, pointY=0.595418, distance=2646, color='orange'), ShootingResult(nth=3, score=5.9, time=5.3, pointX=0.598598, pointY=0.26369, distance=2646, color='green'), ShootingResult(nth=4, score=8.4, time=5.8, pointX=0.534247, pointY=0.627417, distance=2647, color='orange'), ShootingResult(nth=5, score=10.1, time=9.6, pointX=0.468963, pointY=0.468519, distance=2643, color='red'), ShootingResult(nth=6, score=9.9, time=4.9, pointX=0.460835, pointY=0.531835, distance=2643, color='red'), ShootingResult(nth=7, score=10.5, time=3.3, pointX=0.510013, pointY=0.525999, distance=2641, color='red'), ShootingResult(nth=8, score=8.4, time=4.4, pointX=0.630096, pointY=0.51581, distance=2640, color='orange'), ShootingResult(nth=9, score=8.3, time=5.5, pointX=0.400033, pointY=0.588541, distance=2636, color='orange'), ShootingResult(nth=10, score=7.2, time=4.1, pointX=0.394425, pointY=0.661318, distance=2640, color='orange')]",10,"[0.464899, 0.528917]",0.10543860949250583,"[0.07590843378334187, 0.10548396496814101]",0.026078139382463922,입문
20250109-a29e3b6d-73fb-4f55-8241-0cd36b257cd6,"[ShootingResult(nth=1, score=10.2, time=3.7, pointX=0.462352, pointY=0.481666, distance=2604, color='red'), ShootingResult(nth=2, score=7.6, time=4.1, pointX=0.665405, pointY=0.463551, distance=2604, color='orange'), ShootingResult(nth=3, score=9.9, time=17.1, pointX=0.478124, pointY=0.451344, distance=2602, color='red'), ShootingResult(nth=4, score=9.8, time=14.6, pointX=0.512132, pointY=0.444364, distance=2600, color='red'), ShootingResult(nth=5, score=9.3, time=5.4, pointX=0.580179, pointY=0.490355, distance=2605, color='red'), ShootingResult(nth=6, score=9.9, time=4.3, pointX=0.516837, pointY=0.450169, distance=2600, color='red'), ShootingResult(nth=7, score=8.8, time=5.4, pointX=0.605678, pointY=0.513235, distance=2607, color='orange'), ShootingResult(nth=8, score=8.3, time=4.2, pointX=0.603479, pointY=0.412806, distance=2604, color='orange'), ShootingResult(nth=9, score=7.9, time=3.7, pointX=0.429842, pointY=0.363988, distance=2608, color='orange'), ShootingResult(nth=10, score=9.4, time=4.3, pointX=0.536416, pointY=0.430858, distance=2603, color='red')]",10,"[0.5266265, 0.4507565]",0.06900783574411297,"[0.06999532039386634, 0.03999310447364645]",0.02552002649584746,입문
20250109-6004db62-4422-4e7c-b7e0-b8af08bfe615,"[ShootingResult(nth=1, score=8.0, time=5.9, pointX=0.363635, pointY=0.442546, distance=2643, color='orange'), ShootingResult(nth=2, score=8.2, time=12.9, pointX=0.461866, pointY=0.362841, distance=2636, color='orange'), ShootingResult(nth=3, score=9.2, time=6.1, pointX=0.562108, pointY=0.560396, distance=2637, color='red'), ShootingResult(nth=4, score=5.6, time=6.1, pointX=0.231785, pointY=0.454613, distance=2642, color='green'), ShootingResult(nth=5, score=10.1, time=6.3, pointX=0.45409, pointY=0.498092, distance=2642, color='red'), ShootingResult(nth=6, score=7.8, time=10.0, pointX=0.430331, pointY=0.357003, distance=2635, color='orange'), ShootingResult(nth=7, score=8.1, time=21.4, pointX=0.64657, pointY=0.501705, distance=2642, color='orange'), ShootingResult(nth=8, score=10.4, time=4.1, pointX=0.482451, pointY=0.470592, distance=2643, color='red'), ShootingResult(nth=9, score=8.3, time=3.8, pointX=0.61602, pointY=0.431511, distance=2640, color='orange'), ShootingResult(nth=10, score=10.5, time=18.0, pointX=0.47265, pointY=0.48723, distance=2641, color='red')]",10,"[0.467258, 0.4626025]",0.11048995663937058,"[0.11447764285151928, 0.059333662604713684]",0.043580174188072696,입문
20250109-43edd0b0-44c4-44d1-92f9-513d24faa8fd,"[ShootingResult(nth=1, score=8.5, time=2.7, pointX=0.544192, pointY=0.616972, distance=2641, color='orange'), ShootingResult(nth=2, score=10.3, time=5.2, pointX=0.462878, pointY=0.508022, distance=2638, color='red'), ShootingResult(nth=3, score=10.1, time=4.6, pointX=0.462203, pointY=0.479689, distance=2644, color='red'), ShootingResult(nth=4, score=9.6, time=6.8, pointX=0.567001, pointY=0.520216, distance=2643, color='red'), ShootingResult(nth=5, score=8.0, time=6.7, pointX=0.585169, pointY=0.374499, distance=2642, color='orange'), ShootingResult(nth=6, score=9.8, time=8.2, pointX=0.523912, pointY=0.552171, distance=2643, color='red'), ShootingResult(nth=7, score=7.4, time=3.4, pointX=0.504673, pointY=0.678822, distance=2638, color='orange'), ShootingResult(nth=8, score=8.3, time=18.2, pointX=0.563856, pointY=0.381347, distance=2643, color='orange'), ShootingResult(nth=9, score=10.2, time=11.0, pointX=0.459116, pointY=0.489252, distance=2640, color='red'), ShootingResult(nth=10, score=8.1, time=6.9, pointX=0.634523, pointY=0.551403, distance=2642, color='orange')]",10,"[0.534052, 0.514119]",0.09655290291758169,"[0.056111131123957915, 0.08918049464322342]",0.054229154369183415,입문
20250109-1a7a74d8-481f-4095-8d67-61dcf1bafe8e,"[ShootingResult(nth=1, score=9.4, time=2.1, pointX=0.423029, pointY=0.477551, distance=2556, color='red'), ShootingResult(nth=2, score=9.6, time=5.4, pointX=0.539168, pointY=0.44153, distance=2557, color='red'), ShootingResult(nth=3, score=9.6, time=4.9, pointX=0.491501, pointY=0.433617, distance=2554, color='red'), ShootingResult(nth=4, score=10.3, time=5.2, pointX=0.481861, pointY=0.468637, distance=2552, color='red'), ShootingResult(nth=5, score=9.9, time=2.7, pointX=0.53872, pointY=0.465711, distance=2558, color='red'), ShootingResult(nth=6, score=9.6, time=3.2, pointX=0.526574, pointY=0.565038, distance=2555, color='red'), ShootingResult(nth=7, score=7.6, time=3.3, pointX=0.328019, pointY=0.517756, distance=2555, color='orange'), ShootingResult(nth=8, score=10.5, time=3.6, pointX=0.473585, pointY=0.513059, distance=2556, color='red'), ShootingResult(nth=9, score=8.4, time=2.5, pointX=0.373463, pointY=0.464541, distance=2552, color='orange'), ShootingResult(nth=10, score=9.8, time=3.3, pointX=0.444289, pointY=0.503592, distance=2554, color='red')]",10,"[0.477723, 0.473094]",0.06836728861149825,"[0.06710571016754088, 0.037756622708605726]",0.027803393675088342,입문
20250109-61d763e5-4ad2-4f26-bd68-84c4f351689b,"[ShootingResult(nth=1, score=9.5, time=2.3, pointX=0.539114, pointY=0.4385, distance=2575, color='red'), ShootingResult(nth=2, score=10.9, time=7.5, pointX=0.511665, pointY=0.509784, distance=2572, color='red'), ShootingResult(nth=3, score=10.3, time=9.8, pointX=0.518507, pointY=0.532236, distance=2571, color='red'), ShootingResult(nth=4, score=10.9, time=6.5, pointX=0.502378, pointY=0.511591, distance=2577, color='red'), ShootingResult(nth=5, score=9.9, time=6.3, pointX=0.44831, pointY=0.487361, distance=2577, color='red'), ShootingResult(nth=6, score=0.0, time=3.9, pointX=0.953743, pointY=0.0455182, distance=2574, color='blue'), ShootingResult(nth=7, score=0.0, time=7.2, pointX=-0.236338, pointY=0.0886036, distance=2575, color='blue'), ShootingResult(nth=8, score=0.0, time=2.9, pointX=1.0419, pointY=0.911562, distance=2571, color='blue'), ShootingResult(nth=9, score=0.0, time=3.2, pointX=-0.0450678, pointY=0.902012, distance=2573, color='blue'), ShootingResult(nth=10, score=10.2, time=4.5, pointX=0.517044, pointY=0.464368, distance=2574, color='red')]",10,"[0.5143545, 0.4985725]",0.3075578381211073,"[0.36573487317005143, 0.2668524040667492]",-0.027118136733668752,입문
20250109-d1188406-2a16-427e-8f01-37e68b783a89,"[ShootingResult(nth=1, score=10.3, time=2.7, pointX=0.534583, pointY=0.507816, distance=2642, color='red'), ShootingResult(nth=2, score=10.9, time=6.4, pointX=0.493187, pointY=0.508863, distance=2644, color='red'), ShootingResult(nth=3, score=7.5, time=8.9, pointX=0.586779, pointY=0.652317, distance=2647, color='orange'), ShootingResult(nth=4, score=9.9, time=17.6, pointX=0.452836, pointY=0.525998, distance=2640, color='red'), ShootingResult(nth=5, score=7.3, time=16.1, pointX=0.686403, pointY=0.510548, distance=2642, color='orange'), ShootingResult(nth=6, score=10.2, time=7.1, pointX=0.466614, pointY=0.476441, distance=2647, color='red'), ShootingResult(nth=7, score=7.6, time=7.7, pointX=0.519528, pointY=0.67079, distance=2642, color='orange'), ShootingResult(nth=8, score=9.2, time=6.5, pointX=0.587415, pointY=0.488822, distance=2644, color='red'), ShootingResult(nth=9, score=9.4, time=6.2, pointX=0.54237, pointY=0.564763, distance=2644, color='red'), ShootingResult(nth=10, score=9.6, time=16.5, pointX=0.514331, pointY=0.568189, distance=2646, color='red')]",10,"[0.5270555, 0.518273]",0.08227674984722755,"[0.06490942031662278, 0.06348304187426751]",0.03273646753347057,입문
20250109-814d4ebf-c071-4877-858a-fc06ed64b74c,"[ShootingResult(nth=1, score=9.5, time=4.6, pointX=0.56935, pointY=0.476301, distance=2586, color='red'), ShootingResult(nth=2, score=9.1, time=8.1, pointX=0.448852, pointY=0.578566, distance=2584, color='red'), ShootingResult(nth=3, score=8.3, time=7.4, pointX=0.420578, pointY=0.606173, distance=2589, color='orange'), ShootingResult(nth=4, score=7.6, time=9.4, pointX=0.48778, pointY=0.329547, distance=2588, color='orange'), ShootingResult(nth=5, score=9.5, time=7.4, pointX=0.545835, pointY=0.445318, distance=2584, color='red'), ShootingResult(nth=6, score=9.7, time=6.9, pointX=0.439764, pointY=0.479904, distance=2584, color='red'), ShootingResult(nth=7, score=8.6, time=10.1, pointX=0.45237, pointY=0.391322, distance=2584, color='orange'), ShootingResult(nth=8, score=10.9, time=4.9, pointX=0.507905, pointY=0.492172, distance=2587, color='red'), ShootingResult(nth=9, score=10.6, time=6.8, pointX=0.522263, pointY=0.513368, distance=2583, color='red'), ShootingResult(nth=10, score=9.3, time=10.3, pointX=0.575043, pointY=0.462323, distance=2584, color='red')]",10,"[0.4978425, 0.4781025]",0.08349602879322895,"[0.052894780453273456, 0.07672211900905762]",0.04209950065305416,입문
20250109-0b10f857-2200-4a3a-ac04-a4a6d71f75ad,"[ShootingResult(nth=1, score=10.1, time=14.5, pointX=0.538809, pointY=0.477287, distance=2606, color='red'), ShootingResult(nth=2, score=9.6, time=6.7, pointX=0.450706, pointY=0.456919, distance=2600, color='red'), ShootingResult(nth=3, score=9.5, time=5.8, pointX=0.437168, pointY=0.541551, distance=2605, color='red'), ShootingResult(nth=4, score=8.8, time=5.2, pointX=0.53449, pointY=0.3959, distance=2600, color='orange'), ShootingResult(nth=5, score=10.9, time=4.8, pointX=0.497497, pointY=0.505458, distance=2605, color='red'), ShootingResult(nth=6, score=8.5, time=7.0, pointX=0.613698, pointY=0.449302, distance=2600, color='orange'), ShootingResult(nth=7, score=8.9, time=5.2, pointX=0.598822, pointY=0.463476, distance=2602, color='orange'), ShootingResult(nth=8, score=8.3, time=4.8, pointX=0.62339, pointY=0.439888, distance=2607, color='orange'), ShootingResult(nth=9, score=7.5, time=9.3, pointX=0.492964, pointY=0.323714, distance=2606, color='orange'), ShootingResult(nth=10, score=10.7, time=6.6, pointX=0.503123, pointY=0.522136, distance=2603, color='red')]",10,"[0.5188065, 0.46019750000000004]",0.081088640982057,"[0.06213563001539454, 0.06003376724386035]",0.049438462499415435,입문
20250109-d8103709-aa4e-4bcf-8dc2-9f5c4fe7dc03,"[ShootingResult(nth=1, score=10.4, time=7.6, pointX=0.523776, pointY=0.524384, distance=2579, color='red'), ShootingResult(nth=2, score=9.4, time=13.7, pointX=0.463992, pointY=0.429212, distance=2587, color='red'), ShootingResult(nth=3, score=9.4, time=10.0, pointX=0.473422, pointY=0.428478, distance=2583, color='red'), ShootingResult(nth=4, score=10.5, time=14.9, pointX=0.476088, pointY=0.481257, distance=2584, color='red'), ShootingResult(nth=5, score=9.9, time=9.7, pointX=0.517619, pointY=0.448376, distance=2587, color='red'), ShootingResult(nth=6, score=9.8, time=6.2, pointX=0.512789, pointY=0.443094, distance=2589, color='red'), ShootingResult(nth=7, score=8.9, time=7.1, pointX=0.467211, pointY=0.600254, distance=2586, color='orange'), ShootingResult(nth=8, score=9.4, time=6.1, pointX=0.492937, pointY=0.421288, distance=2580, color='red'), ShootingResult(nth=9, score=10.9, time=5.2, pointX=0.502844, pointY=0.491456, distance=2582, color='red'), ShootingResult(nth=10, score=10.4, time=6.9, pointX=0.491145, pointY=0.466996, distance=2584, color='red')]",10,"[0.492041, 0.45768600000000004]",0.04554487952920415,"[0.02052894363599843, 0.052298073917210364]",0.009053173363689257,입문
20250109-bc375d12-c4d9-4d60-99ee-fdce43858841,"[ShootingResult(nth=1, score=10.9, time=10.1, pointX=0.487058, pointY=0.494313, distance=2635, color='red'), ShootingResult(nth=2, score=5.6, time=12.0, pointX=0.580308, pointY=0.761316, distance=2640, color='green'), ShootingResult(nth=3, score=8.8, time=6.5, pointX=0.487588, pointY=0.390565, distance=2641, color='orange'), ShootingResult(nth=4, score=7.8, time=6.0, pointX=0.51927, pointY=0.338591, distance=2640, color='orange'), ShootingResult(nth=5, score=8.8, time=3.8, pointX=0.607883, pointY=0.497516, distance=2642, color='orange'), ShootingResult(nth=6, score=8.4, time=7.2, pointX=0.372481, pointY=0.512227, distance=2642, color='orange'), ShootingResult(nth=7, score=10.1, time=5.6, pointX=0.535921, pointY=0.523937, distance=2636, color='red'), ShootingResult(nth=8, score=8.3, time=5.2, pointX=0.626651, pointY=0.552013, distance=2641, color='orange'), ShootingResult(nth=9, score=9.2, time=6.0, pointX=0.580112, pointY=0.542603, distance=2641, color='red'), ShootingResult(nth=10, score=9.0, time=7.9, pointX=0.590088, pointY=0.533962, distance=2642, color='red')]",10,"[0.5580164999999999, 0.5180819999999999]",0.10561716436685323,"[0.07204297001928778, 0.10516061473864634]",0.03160969481103677,입문
20250109-088a0489-879c-4b30-a2be-dc53c0180ed6,"[ShootingResult(nth=1, score=10.2, time=21.7, pointX=0.459185, pointY=0.490467, distance=2604, color='red'), ShootingResult(nth=2, score=9.2, time=5.0, pointX=0.528576, pointY=0.417525, distance=2598, color='red'), ShootingResult(nth=3, score=9.1, time=4.4, pointX=0.513634, pointY=0.40854, distance=2603, color='red'), ShootingResult(nth=4, score=10.1, time=4.0, pointX=0.470528, pointY=0.468022, distance=2604, color='red'), ShootingResult(nth=5, score=7.9, time=3.5, pointX=0.439713, pointY=0.357669, distance=2604, color='orange'), ShootingResult(nth=6, score=9.8, time=16.2, pointX=0.526322, pointY=0.548749, distance=2606, color='red'), ShootingResult(nth=7, score=10.0, time=5.6, pointX=0.473008, pointY=0.460868, distance=2602, color='red'), ShootingResult(nth=8, score=9.4, time=6.6, pointX=0.445365, pointY=0.447704, distance=2602, color='red'), ShootingResult(nth=9, score=9.0, time=7.6, pointX=0.486634, pointY=0.597793, distance=2605, color='red'), ShootingResult(nth=10, score=9.7, time=6.9, pointX=0.459229, pointY=0.452062, distance=2600, color='red')]",10,"[0.47176799999999997, 0.456465]",0.05792472508435874,"[0.03083190087620288, 0.06538402555127668]",0.013050977471734906,입문
20250109-a4974e51-b3ba-483b-9aef-876ba0c470c7,"[ShootingResult(nth=1, score=4.6, time=1.7, pointX=0.39288, pointY=0.195781, distance=2641, color='blue'), ShootingResult(nth=2, score=8.6, time=13.8, pointX=0.384968, pointY=0.466701, distance=2644, color='orange'), ShootingResult(nth=3, score=5.6, time=8.9, pointX=0.725818, pointY=0.652117, distance=2641, color='green'), ShootingResult(nth=4, score=6.1, time=6.8, pointX=0.26193, pointY=0.426347, distance=2641, color='green'), ShootingResult(nth=5, score=9.3, time=18.9, pointX=0.579705, pointY=0.475228, distance=2640, color='red'), ShootingResult(nth=6, score=9.8, time=5.8, pointX=0.54121, pointY=0.539812, distance=2644, color='red'), ShootingResult(nth=7, score=3.1, time=9.5, pointX=0.803222, pointY=0.763333, distance=2640, color='blue'), ShootingResult(nth=8, score=7.4, time=6.2, pointX=0.638732, pointY=0.381076, distance=2636, color='orange'), ShootingResult(nth=9, score=5.5, time=4.7, pointX=0.60763, pointY=0.75893, distance=2640, color='green'), ShootingResult(nth=10, score=7.8, time=17.0, pointX=0.529971, pointY=0.343454, distance=2643, color='orange')]",10,"[0.5604575, 0.4709645]",0.20581736157936822,"[0.15568563703386384, 0.1730487868160017]",0.0923526678636242,입문
20250109-5bc323d1-ee1c-469d-a275-532d73d21809,"[ShootingResult(nth=1, score=10.6, time=4.0, pointX=0.527127, pointY=0.502733, distance=2588, color='red'), ShootingResult(nth=2, score=8.5, time=7.8, pointX=0.615351, pointY=0.45359, distance=2587, color='orange'), ShootingResult(nth=3, score=7.3, time=9.9, pointX=0.467767, pointY=0.316252, distance=2583, color='orange'), ShootingResult(nth=4, score=9.2, time=9.9, pointX=0.410714, pointY=0.506103, distance=2583, color='red'), ShootingResult(nth=5, score=10.5, time=8.1, pointX=0.502704, pointY=0.470722, distance=2580, color='red'), ShootingResult(nth=6, score=8.9, time=8.0, pointX=0.583317, pointY=0.441437, distance=2586, color='orange'), ShootingResult(nth=7, score=8.8, time=7.1, pointX=0.606074, pointY=0.467098, distance=2582, color='orange'), ShootingResult(nth=8, score=8.9, time=6.1, pointX=0.589767, pointY=0.452564, distance=2583, color='orange'), ShootingResult(nth=9, score=7.2, time=6.7, pointX=0.565806, pointY=0.322568, distance=2590, color='orange'), ShootingResult(nth=10, score=9.3, time=9.2, pointX=0.559828, pointY=0.445736, distance=2582, color='red')]",10,"[0.562817, 0.453077]",0.07384891340751443,"[0.06234097833889038, 0.06278502886365507]",0.019035631063456293,입문
20250109-aa1e5a0e-7ae9-4aa8-aeff-75849b1e08ab,"[ShootingResult(nth=1, score=9.9, time=6.4, pointX=0.551969, pointY=0.495697, distance=2605, color='red'), ShootingResult(nth=2, score=6.6, time=4.2, pointX=0.701011, pointY=0.40634, distance=2607, color='green'), ShootingResult(nth=3, score=9.0, time=7.6, pointX=0.403476, pointY=0.517621, distance=2601, color='red'), ShootingResult(nth=4, score=8.5, time=4.6, pointX=0.574628, pointY=0.601865, distance=2604, color='orange'), ShootingResult(nth=5, score=10.6, time=3.5, pointX=0.477596, pointY=0.489954, distance=2602, color='red'), ShootingResult(nth=6, score=9.6, time=3.7, pointX=0.565421, pointY=0.495753, distance=2604, color='red'), ShootingResult(nth=7, score=8.9, time=23.8, pointX=0.408382, pointY=0.447881, distance=2605, color='orange'), ShootingResult(nth=8, score=7.9, time=5.1, pointX=0.56117, pointY=0.357935, distance=2602, color='orange'), ShootingResult(nth=9, score=8.2, time=4.5, pointX=0.591359, pointY=0.397118, distance=2602, color='orange'), ShootingResult(nth=10, score=9.0, time=20.4, pointX=0.54401, pointY=0.412872, distance=2601, color='red')]",10,"[0.5565694999999999, 0.4689175]",0.09873637399399271,"[0.08415905931960029, 0.06816253469788223]",0.05003094703745738,입문
20250109-8a97191e-276d-4e83-b931-908bdd7d2515,"[ShootingResult(nth=1, score=10.1, time=5.5, pointX=0.545179, pointY=0.505845, distance=2602, color='red'), ShootingResult(nth=2, score=10.2, time=12.2, pointX=0.53853, pointY=0.510829, distance=2607, color='red'), ShootingResult(nth=3, score=9.4, time=8.3, pointX=0.467079, pointY=0.42949, distance=2602, color='red'), ShootingResult(nth=4, score=10.2, time=5.8, pointX=0.502119, pointY=0.542152, distance=2603, color='red'), ShootingResult(nth=5, score=9.6, time=3.9, pointX=0.567032, pointY=0.495873, distance=2603, color='red'), ShootingResult(nth=6, score=9.1, time=3.3, pointX=0.466999, pointY=0.589796, distance=2601, color='red'), ShootingResult(nth=7, score=10.0, time=3.0, pointX=0.483737, pointY=0.455564, distance=2605, color='red'), ShootingResult(nth=8, score=7.7, time=2.5, pointX=0.34125, pointY=0.444555, distance=2604, color='orange'), ShootingResult(nth=9, score=9.9, time=12.0, pointX=0.468307, pointY=0.456546, distance=2604, color='red'), ShootingResult(nth=10, score=9.0, time=10.7, pointX=0.592226, pointY=0.527706, distance=2604, color='red')]",10,"[0.492928, 0.5008589999999999]",0.07458540929342342,"[0.06715401193197619, 0.04744617225277504]",0.039347712930969385,입문
20250109-f0b48b2e-567e-4b23-9b20-2fc48f1dc4a7,"[ShootingResult(nth=1, score=9.9, time=6.9, pointX=0.540228, pointY=0.469788, distance=2581, color='red'), ShootingResult(nth=2, score=9.5, time=10.3, pointX=0.430316, pointY=0.51964, distance=2581, color='red'), ShootingResult(nth=3, score=6.9, time=12.5, pointX=0.327431, pointY=0.382166, distance=2588, color='green'), ShootingResult(nth=4, score=9.9, time=7.9, pointX=0.54064, pointY=0.464752, distance=2587, color='red'), ShootingResult(nth=5, score=8.5, time=7.4, pointX=0.598501, pointY=0.422101, distance=2583, color='orange'), ShootingResult(nth=6, score=8.5, time=9.2, pointX=0.377687, pointY=0.532292, distance=2584, color='orange'), ShootingResult(nth=7, score=8.8, time=6.8, pointX=0.47253, pointY=0.394503, distance=2586, color='orange'), ShootingResult(nth=8, score=9.6, time=5.7, pointX=0.51168, pointY=0.566888, distance=2583, color='red'), ShootingResult(nth=9, score=8.3, time=9.0, pointX=0.618433, pointY=0.434016, distance=2587, color='orange'), ShootingResult(nth=10, score=9.6, time=7.2, pointX=0.468787, pointY=0.438984, distance=2588, color='red')]",10,"[0.492105, 0.451868]",0.09539437817436605,"[0.08784423447221792, 0.05758863207613112]",0.050024664189968544,입문
20250109-56fd6352-1547-4060-a491-7d6455dd8900,"[ShootingResult(nth=1, score=8.3, time=11.4, pointX=0.375129, pointY=0.452795, distance=2640, color='orange'), ShootingResult(nth=2, score=9.1, time=14.0, pointX=0.421923, pointY=0.445526, distance=2635, color='red'), ShootingResult(nth=3, score=9.1, time=8.6, pointX=0.567376, pointY=0.433568, distance=2640, color='red'), ShootingResult(nth=4, score=8.5, time=7.4, pointX=0.466783, pointY=0.382629, distance=2641, color='orange'), ShootingResult(nth=5, score=8.9, time=7.2, pointX=0.553542, pointY=0.591345, distance=2640, color='orange'), ShootingResult(nth=6, score=9.5, time=7.1, pointX=0.574949, pointY=0.502143, distance=2641, color='red'), ShootingResult(nth=7, score=8.6, time=8.4, pointX=0.442151, pointY=0.395928, distance=2638, color='orange'), ShootingResult(nth=8, score=7.3, time=15.3, pointX=0.359791, pointY=0.61963, distance=2640, color='orange'), ShootingResult(nth=9, score=8.7, time=10.4, pointX=0.483975, pointY=0.615448, distance=2640, color='orange'), ShootingResult(nth=10, score=5.2, time=11.4, pointX=0.704537, pointY=0.710766, distance=2641, color='green')]",10,"[0.475379, 0.47746900000000003]",0.1339918286882048,"[0.10033174494764853, 0.10601080749414184]",0.062274004323610674,입문
20250109-97fecab4-e6c5-4a09-8c88-12778721536c,"[ShootingResult(nth=1, score=8.7, time=12.8, pointX=0.409023, pointY=0.573105, distance=2619, color='orange'), ShootingResult(nth=2, score=7.0, time=14.0, pointX=0.584044, pointY=0.683596, distance=2623, color='orange'), ShootingResult(nth=3, score=9.8, time=1.3, pointX=0.495567, pointY=0.557265, distance=2618, color='red'), ShootingResult(nth=4, score=8.2, time=1.3, pointX=0.481495, pointY=0.639483, distance=2621, color='orange'), ShootingResult(nth=5, score=6.2, time=1.2, pointX=0.376143, pointY=0.709952, distance=2625, color='green'), ShootingResult(nth=6, score=3.3, time=1.8, pointX=0.131231, pointY=0.634584, distance=2623, color='blue'), ShootingResult(nth=7, score=5.4, time=9.5, pointX=0.28024, pointY=0.682433, distance=2620, color='green'), ShootingResult(nth=8, score=9.8, time=1.2, pointX=0.451428, pointY=0.535277, distance=2623, color='red'), ShootingResult(nth=9, score=8.5, time=0.5, pointX=0.476663, pointY=0.624685, distance=2623, color='orange'), ShootingResult(nth=10, score=8.9, time=0.4, pointX=0.560685, pointY=0.582519, distance=2621, color='orange')]",10,"[0.4640455, 0.6296345000000001]",0.11688568790220802,"[0.12850721638526766, 0.05595812675465468]",0.02977109987742528,입문
20250109-8a6f3c93-5c4d-470f-9214-5a792dd344c9,"[ShootingResult(nth=1, score=9.4, time=6.3, pointX=0.491008, pointY=0.423133, distance=2551, color='red'), ShootingResult(nth=2, score=10.2, time=1.7, pointX=0.490811, pointY=0.460925, distance=2553, color='red'), ShootingResult(nth=3, score=8.8, time=1.9, pointX=0.500812, pointY=0.390595, distance=2552, color='orange'), ShootingResult(nth=4, score=9.3, time=1.4, pointX=0.486113, pointY=0.419348, distance=2550, color='red'), ShootingResult(nth=5, score=10.0, time=1.2, pointX=0.51123, pointY=0.454442, distance=2550, color='red'), ShootingResult(nth=6, score=10.1, time=1.3, pointX=0.527749, pointY=0.534178, distance=2552, color='red'), ShootingResult(nth=7, score=8.7, time=1.9, pointX=0.387522, pointY=0.495754, distance=2553, color='orange'), ShootingResult(nth=8, score=10.4, time=0.7, pointX=0.530523, pointY=0.488953, distance=2556, color='red'), ShootingResult(nth=9, score=10.9, time=0.6, pointX=0.511808, pointY=0.50367, distance=2550, color='red'), ShootingResult(nth=10, score=10.1, time=0.9, pointX=0.487767, pointY=0.542502, distance=2549, color='red')]",10,"[0.49591, 0.474939]",0.05493260672834743,"[0.0381701247051932, 0.04785915389975047]",0.02747096035511045,입문
20250109-1c8b5c98-6b0b-45c0-aeda-a267e1862b0c,"[ShootingResult(nth=1, score=9.2, time=32.9, pointX=0.590377, pointY=0.495126, distance=2575, color='red'), ShootingResult(nth=2, score=9.9, time=1.5, pointX=0.481065, pointY=0.451039, distance=2574, color='red'), ShootingResult(nth=3, score=8.9, time=1.1, pointX=0.502262, pointY=0.601263, distance=2575, color='orange'), ShootingResult(nth=4, score=9.9, time=0.7, pointX=0.460259, pointY=0.53286, distance=2575, color='red'), ShootingResult(nth=5, score=10.4, time=1.0, pointX=0.527218, pointY=0.520735, distance=2572, color='red'), ShootingResult(nth=6, score=9.7, time=1.0, pointX=0.54812, pointY=0.462237, distance=2573, color='red'), ShootingResult(nth=7, score=10.3, time=1.1, pointX=0.531761, pointY=0.479787, distance=2573, color='red'), ShootingResult(nth=8, score=9.6, time=1.7, pointX=0.500791, pointY=0.433348, distance=2573, color='red'), ShootingResult(nth=9, score=9.8, time=2.1, pointX=0.443174, pointY=0.505373, distance=2576, color='red'), ShootingResult(nth=10, score=10.1, time=0.9, pointX=0.486093, pointY=0.456035, distance=2569, color='red')]",10,"[0.5015265, 0.4874565]",0.05824938297224436,"[0.04134432765204921, 0.04694346888130445]",0.033933948786262616,입문
20250110-24e03196-ad9c-445f-b2f0-4577af7e7927,"[ShootingResult(nth=1, score=6.8, time=6.8, pointX=0.36636, pointY=0.665966, distance=5375, color='green'), ShootingResult(nth=2, score=3.7, time=7.2, pointX=0.438943, pointY=0.135404, distance=3410, color='blue'), ShootingResult(nth=3, score=10.5, time=5.9, pointX=0.523675, pointY=0.5181, distance=3210, color='red'), ShootingResult(nth=4, score=5.5, time=9.6, pointX=0.252747, pointY=0.366186, distance=3119, color='green'), ShootingResult(nth=5, score=8.9, time=5.4, pointX=0.446939, pointY=0.590669, distance=3118, color='orange'), ShootingResult(nth=6, score=9.4, time=8.8, pointX=0.577545, pointY=0.506571, distance=3116, color='red'), ShootingResult(nth=7, score=7.7, time=5.2, pointX=0.37457, pointY=0.388605, distance=3082, color='orange'), ShootingResult(nth=8, score=9.8, time=6.8, pointX=0.479446, pointY=0.553479, distance=3083, color='red'), ShootingResult(nth=9, score=6.6, time=6.3, pointX=0.513316, pointY=0.277697, distance=3099, color='green'), ShootingResult(nth=10, score=9.3, time=10.3, pointX=0.558062, pointY=0.437575, distance=3085, color='red')]",10,"[0.4631925, 0.47207299999999996]",0.16114392553939383,"[0.09480239648031054, 0.14974156741519704]",0.08158268639743292,입문
20250110-15104f41-3c62-44fc-bb1b-c08f5e5ddf4f,"[ShootingResult(nth=1, score=10.3, time=7.7, pointX=0.492667, pointY=0.536895, distance=2921, color='red'), ShootingResult(nth=2, score=9.4, time=4.1, pointX=0.551456, pointY=0.444632, distance=0, color='gray'), ShootingResult(nth=3, score=9.8, time=6.8, pointX=0.446416, pointY=0.517662, distance=2874, color='red'), ShootingResult(nth=4, score=10.9, time=4.6, pointX=0.514384, pointY=0.503573, distance=2867, color='red'), ShootingResult(nth=5, score=2.7, time=3.4, pointX=0.69538, pointY=0.126911, distance=2889, color='blue'), ShootingResult(nth=6, score=6.5, time=3.4, pointX=0.334413, pointY=0.345354, distance=2920, color='green'), ShootingResult(nth=7, score=5.4, time=3.3, pointX=0.699208, pointY=0.297499, distance=2960, color='green'), ShootingResult(nth=8, score=8.8, time=1.9, pointX=0.605808, pointY=0.480964, distance=3285, color='orange'), ShootingResult(nth=9, score=7.0, time=5.0, pointX=0.616845, pointY=0.337933, distance=2885, color='orange'), ShootingResult(nth=10, score=8.1, time=5.2, pointX=0.375701, pointY=0.429501, distance=2943, color='orange')]",10,"[0.53292, 0.4370665]",0.14731997029273342,"[0.11845392561312604, 0.12025315824060505]",0.0578087233759456,입문
20250110-619ae2a9-1707-44a5-b830-5de6b3f29f00,"[ShootingResult(nth=1, score=8.4, time=7.9, pointX=0.37739, pointY=0.450848, distance=4730, color='orange'), ShootingResult(nth=2, score=5.5, time=4.9, pointX=0.412112, pointY=0.233184, distance=4605, color='green'), ShootingResult(nth=3, score=9.7, time=4.3, pointX=0.527909, pointY=0.555343, distance=5070, color='red'), ShootingResult(nth=4, score=9.6, time=5.9, pointX=0.513864, pointY=0.564426, distance=5190, color='red'), ShootingResult(nth=5, score=9.7, time=8.5, pointX=0.476687, pointY=0.442791, distance=5368, color='red'), ShootingResult(nth=6, score=8.1, time=9.7, pointX=0.635538, pointY=0.552221, distance=5513, color='orange'), ShootingResult(nth=7, score=7.5, time=15.8, pointX=0.395459, pointY=0.644194, distance=5570, color='orange'), ShootingResult(nth=8, score=9.4, time=12.0, pointX=0.528327, pointY=0.429275, distance=5508, color='red'), ShootingResult(nth=9, score=6.4, time=16.1, pointX=0.420754, pointY=0.27943, distance=5517, color='green'), ShootingResult(nth=10, score=6.6, time=3.2, pointX=0.6052, pointY=0.304625, distance=5611, color='green')]",10,"[0.4952755, 0.44681950000000004]",0.1395623313021323,"[0.08401257001187382, 0.13033789227853118]",0.07170026355428173,입문
20250110-f4223106-688f-4e25-9fd2-ff236f672d9c,"[ShootingResult(nth=1, score=10.0, time=9.7, pointX=0.538298, pointY=0.528606, distance=3155, color='red'), ShootingResult(nth=2, score=10.2, time=11.4, pointX=0.503976, pointY=0.539696, distance=3124, color='red'), ShootingResult(nth=3, score=10.5, time=22.5, pointX=0.527537, pointY=0.512038, distance=3149, color='red'), ShootingResult(nth=4, score=9.7, time=9.1, pointX=0.563294, pointY=0.511011, distance=3142, color='red'), ShootingResult(nth=5, score=9.8, time=16.6, pointX=0.508385, pointY=0.555724, distance=3124, color='red'), ShootingResult(nth=6, score=7.5, time=13.0, pointX=0.46165, pointY=0.671008, distance=3142, color='orange'), ShootingResult(nth=7, score=9.5, time=8.3, pointX=0.437881, pointY=0.541059, distance=3125, color='red'), ShootingResult(nth=8, score=9.9, time=14.0, pointX=0.550851, pointY=0.485164, distance=3112, color='red'), ShootingResult(nth=9, score=8.0, time=6.8, pointX=0.552867, pointY=0.638829, distance=3117, color='orange'), ShootingResult(nth=10, score=9.1, time=9.8, pointX=0.57219, pointY=0.443419, distance=3160, color='red')]",10,"[0.5329175, 0.534151]",0.06379910411345964,"[0.04187252554706963, 0.06418344735552929]",0.01906864369810131,입문
20250110-916d6703-3e7a-4b75-8a11-ab31e9f43bcc,"[ShootingResult(nth=1, score=9.2, time=0.0, pointX=0.482208, pointY=0.414681, distance=2936, color='red'), ShootingResult(nth=2, score=6.7, time=5.5, pointX=0.607469, pointY=0.312068, distance=2846, color='green'), ShootingResult(nth=3, score=7.0, time=10.4, pointX=0.29989, pointY=0.467309, distance=2836, color='orange'), ShootingResult(nth=4, score=6.9, time=6.3, pointX=0.484345, pointY=0.29149, distance=2802, color='green'), ShootingResult(nth=5, score=2.4, time=1.3, pointX=0.361447, pointY=0.0850966, distance=2797, color='blue'), ShootingResult(nth=6, score=9.7, time=2.9, pointX=0.506304, pointY=0.436827, distance=2803, color='red'), ShootingResult(nth=7, score=10.0, time=7.9, pointX=0.4661, pointY=0.532089, distance=2803, color='red'), ShootingResult(nth=8, score=7.6, time=6.5, pointX=0.329955, pointY=0.4848, distance=2800, color='orange'), ShootingResult(nth=9, score=10.6, time=6.1, pointX=0.518058, pointY=0.483573, distance=2803, color='red'), ShootingResult(nth=10, score=8.2, time=11.7, pointX=0.36934, pointY=0.544474, distance=2797, color='orange')]",10,"[0.474154, 0.452068]",0.14089265124728675,"[0.09263119572714153, 0.13303906963699952]",0.042794612632814824,입문
20250110-90287b73-df64-4cb4-98af-d71ec7cb91b4,"[ShootingResult(nth=1, score=3.3, time=6.2, pointX=0.548975, pointY=0.890619, distance=3336, color='blue'), ShootingResult(nth=2, score=6.1, time=3.5, pointX=0.574179, pointY=0.263679, distance=3371, color='green'), ShootingResult(nth=3, score=6.4, time=6.0, pointX=0.619065, pointY=0.701237, distance=3442, color='green'), ShootingResult(nth=4, score=6.9, time=8.2, pointX=0.671999, pointY=0.389203, distance=5705, color='green'), ShootingResult(nth=5, score=9.4, time=7.5, pointX=0.54944, pointY=0.562207, distance=3759, color='red'), ShootingResult(nth=6, score=10.2, time=6.6, pointX=0.529715, pointY=0.528464, distance=4080, color='red'), ShootingResult(nth=7, score=7.0, time=7.5, pointX=0.317986, pointY=0.590051, distance=3333, color='orange'), ShootingResult(nth=8, score=8.9, time=7.4, pointX=0.589293, pointY=0.451868, distance=3378, color='orange'), ShootingResult(nth=9, score=5.5, time=9.0, pointX=0.377686, pointY=0.752785, distance=3247, color='green'), ShootingResult(nth=10, score=8.2, time=4.7, pointX=0.43251, pointY=0.624493, distance=3139, color='orange')]",10,"[0.5492075000000001, 0.576129]",0.1795051528038544,"[0.10543280445269394, 0.17284809732837675]",0.0817208282138932,입문
20250110-f3994cb1-c20a-4d50-b1f2-06b395ff9334,"[ShootingResult(nth=1, score=9.6, time=7.1, pointX=0.532482, pointY=0.441512, distance=2907, color='red'), ShootingResult(nth=2, score=9.7, time=4.2, pointX=0.49012, pointY=0.436567, distance=2896, color='red'), ShootingResult(nth=3, score=6.1, time=4.5, pointX=0.65545, pointY=0.305744, distance=2905, color='green'), ShootingResult(nth=4, score=10.6, time=4.9, pointX=0.488706, pointY=0.522466, distance=2897, color='red'), ShootingResult(nth=5, score=8.5, time=4.8, pointX=0.538881, pointY=0.381441, distance=2906, color='orange'), ShootingResult(nth=6, score=5.4, time=6.7, pointX=0.461007, pointY=0.219169, distance=2899, color='green'), ShootingResult(nth=7, score=10.8, time=4.6, pointX=0.508856, pointY=0.518041, distance=2901, color='red'), ShootingResult(nth=8, score=4.6, time=5.8, pointX=0.710741, pointY=0.250143, distance=2905, color='blue'), ShootingResult(nth=9, score=5.2, time=8.3, pointX=0.49121, pointY=0.208447, distance=2907, color='green'), ShootingResult(nth=10, score=6.7, time=6.6, pointX=0.48041, pointY=0.282727, distance=2911, color='green')]",10,"[0.500033, 0.34359249999999997]",0.13250421351778904,"[0.07785998664917686, 0.11314141630282873]",0.08002608695841032,입문
20250110-236bb118-ca6b-4dab-8b69-87f223998ae0,"[ShootingResult(nth=1, score=8.8, time=10.0, pointX=0.568116, pointY=0.417456, distance=3047, color='orange'), ShootingResult(nth=2, score=9.9, time=5.5, pointX=0.448047, pointY=0.503285, distance=3010, color='red'), ShootingResult(nth=3, score=7.0, time=5.2, pointX=0.495249, pointY=0.299141, distance=3043, color='orange'), ShootingResult(nth=4, score=6.8, time=4.2, pointX=0.558672, pointY=0.294722, distance=2999, color='green'), ShootingResult(nth=5, score=7.0, time=4.7, pointX=0.296892, pointY=0.494262, distance=2954, color='orange'), ShootingResult(nth=6, score=5.9, time=10.7, pointX=0.553479, pointY=0.248172, distance=3112, color='green'), ShootingResult(nth=7, score=8.5, time=6.2, pointX=0.514886, pointY=0.375365, distance=3537, color='orange'), ShootingResult(nth=8, score=8.2, time=6.9, pointX=0.369898, pointY=0.455442, distance=3362, color='orange'), ShootingResult(nth=9, score=6.2, time=5.2, pointX=0.475282, pointY=0.258243, distance=3165, color='green'), ShootingResult(nth=10, score=8.1, time=4.9, pointX=0.505012, pointY=0.356532, distance=3315, color='orange')]",10,"[0.5001305, 0.3659485]",0.10576708181938133,"[0.08252354573944334, 0.08999293904301603]",0.04091054071123788,입문
20250110-68d76987-5462-4639-ac4f-741ad41d9296,"[ShootingResult(nth=1, score=7.9, time=0.4, pointX=0.544696, pointY=0.352017, distance=2801, color='orange'), ShootingResult(nth=2, score=9.7, time=4.8, pointX=0.492008, pointY=0.436893, distance=2745, color='red'), ShootingResult(nth=3, score=5.9, time=4.0, pointX=0.509064, pointY=0.239915, distance=2735, color='green'), ShootingResult(nth=4, score=8.0, time=4.7, pointX=0.43257, pointY=0.364377, distance=2761, color='orange'), ShootingResult(nth=5, score=5.6, time=4.4, pointX=0.386823, pointY=0.252138, distance=2798, color='green'), ShootingResult(nth=6, score=7.3, time=5.2, pointX=0.472724, pointY=0.684324, distance=2759, color='orange'), ShootingResult(nth=7, score=5.4, time=3.7, pointX=0.240921, pointY=0.615986, distance=2769, color='green'), ShootingResult(nth=8, score=8.7, time=7.5, pointX=0.515938, pointY=0.38539, distance=2763, color='orange'), ShootingResult(nth=9, score=7.8, time=6.1, pointX=0.636302, pointY=0.416855, distance=2778, color='orange'), ShootingResult(nth=10, score=9.2, time=3.4, pointX=0.463774, pointY=0.420306, distance=2765, color='red')]",10,"[0.48236599999999996, 0.4011225]",0.13437738351820894,"[0.09909419867277802, 0.13341425951857622]",0.03450668834665126,입문
20250110-38b4ae10-e3c1-4ce6-8c98-73305ba86cea,"[ShootingResult(nth=1, score=8.6, time=2.5, pointX=0.603302, pointY=0.44016, distance=2927, color='orange'), ShootingResult(nth=2, score=10.2, time=5.0, pointX=0.476433, pointY=0.465551, distance=2945, color='red'), ShootingResult(nth=3, score=3.7, time=2.2, pointX=0.254116, pointY=0.218315, distance=2942, color='blue'), ShootingResult(nth=4, score=3.5, time=1.9, pointX=0.165375, pointY=0.313083, distance=2948, color='blue'), ShootingResult(nth=5, score=5.1, time=8.1, pointX=0.522526, pointY=0.199711, distance=2928, color='green'), ShootingResult(nth=6, score=1.7, time=1.2, pointX=0.106627, pointY=0.234142, distance=2928, color='blue'), ShootingResult(nth=7, score=6.0, time=9.4, pointX=0.636914, pointY=0.285215, distance=2880, color='green'), ShootingResult(nth=8, score=7.9, time=8.9, pointX=0.400054, pointY=0.617128, distance=2927, color='orange'), ShootingResult(nth=9, score=5.0, time=3.9, pointX=0.262688, pointY=0.687799, distance=2926, color='green'), ShootingResult(nth=10, score=5.7, time=5.9, pointX=0.491054, pointY=0.229572, distance=2913, color='green')]",10,"[0.4382435, 0.299149]",0.23636444360623177,"[0.1752723823535528, 0.16635032957478624]",0.13858819011200918,입문
20250110-47a6fe10-df03-4b0e-ac9f-dee1d243f1f6,"[ShootingResult(nth=1, score=7.7, time=6.3, pointX=0.663414, pointY=0.503917, distance=5511, color='orange'), ShootingResult(nth=2, score=8.1, time=4.5, pointX=0.428761, pointY=0.373907, distance=4975, color='orange'), ShootingResult(nth=3, score=5.8, time=4.4, pointX=0.530643, pointY=0.23943, distance=4433, color='green'), ShootingResult(nth=4, score=9.1, time=4.8, pointX=0.52934, pointY=0.408623, distance=5357, color='red'), ShootingResult(nth=5, score=9.0, time=6.4, pointX=0.443893, pointY=0.418418, distance=3775, color='red'), ShootingResult(nth=6, score=7.4, time=4.7, pointX=0.355157, pointY=0.394048, distance=5287, color='orange'), ShootingResult(nth=7, score=8.2, time=4.3, pointX=0.61858, pointY=0.425242, distance=3557, color='orange'), ShootingResult(nth=8, score=4.9, time=3.8, pointX=0.259392, pointY=0.691752, distance=3536, color='blue'), ShootingResult(nth=9, score=7.6, time=4.5, pointX=0.437412, pointY=0.342472, distance=3574, color='orange'), ShootingResult(nth=10, score=7.0, time=2.9, pointX=0.465751, pointY=0.302087, distance=4383, color='orange')]",10,"[0.454822, 0.4013355]",0.13209260899359035,"[0.1129540174177528, 0.11634698575141515]",0.03586018186210593,입문
20250110-170f43c1-0155-48b5-9d02-99cf1b6d96d9,"[ShootingResult(nth=1, score=8.9, time=8.3, pointX=0.574283, pointY=0.425939, distance=3088, color='orange'), ShootingResult(nth=2, score=4.3, time=5.2, pointX=0.808009, pointY=0.349302, distance=3210, color='blue'), ShootingResult(nth=3, score=8.1, time=6.3, pointX=0.51325, pointY=0.356558, distance=3494, color='orange'), ShootingResult(nth=4, score=0.0, time=6.6, pointX=1.06359, pointY=0.613002, distance=3232, color='blue'), ShootingResult(nth=5, score=8.2, time=5.9, pointX=0.462691, pointY=0.367548, distance=3042, color='orange'), ShootingResult(nth=6, score=8.6, time=7.8, pointX=0.599843, pointY=0.432779, distance=3013, color='orange'), ShootingResult(nth=7, score=2.6, time=7.3, pointX=0.774791, pointY=0.831, distance=3110, color='blue'), ShootingResult(nth=8, score=4.4, time=6.3, pointX=0.397663, pointY=0.818122, distance=3210, color='blue'), ShootingResult(nth=9, score=9.9, time=5.6, pointX=0.540352, pointY=0.464649, distance=3247, color='red'), ShootingResult(nth=10, score=0.0, time=5.3, pointX=0.90892, pointY=0.0703423, distance=3038, color='blue')]",10,"[0.587063, 0.42935900000000005]",0.24312128938827363,"[0.20354616770836045, 0.21746015389714987]",0.049519814171083365,입문
20250110-86e350fe-38ec-4f32-99dd-993956eb7918,"[ShootingResult(nth=1, score=7.4, time=0.2, pointX=0.322355, pointY=0.466836, distance=4075, color='orange'), ShootingResult(nth=2, score=8.8, time=3.8, pointX=0.523306, pointY=0.390976, distance=3736, color='orange'), ShootingResult(nth=3, score=3.9, time=3.4, pointX=0.152134, pointY=0.407788, distance=3424, color='blue'), ShootingResult(nth=4, score=8.6, time=4.2, pointX=0.420541, pointY=0.588996, distance=3465, color='orange'), ShootingResult(nth=5, score=9.5, time=3.2, pointX=0.531611, pointY=0.564002, distance=3520, color='red'), ShootingResult(nth=6, score=7.7, time=3.6, pointX=0.467347, pointY=0.338874, distance=3458, color='orange'), ShootingResult(nth=7, score=8.8, time=3.7, pointX=0.579279, pointY=0.425678, distance=3493, color='orange'), ShootingResult(nth=8, score=8.6, time=4.6, pointX=0.417659, pointY=0.416869, distance=4160, color='orange'), ShootingResult(nth=9, score=7.7, time=2.7, pointX=0.625742, pointY=0.60653, distance=4163, color='orange'), ShootingResult(nth=10, score=8.9, time=5.5, pointX=0.421255, pointY=0.570045, distance=3576, color='orange')]",10,"[0.444301, 0.446257]",0.14601101834414498,"[0.12943742994006796, 0.09119523562028886]",0.0771573195560206,입문
20250110-bfce0bb8-d929-4b5b-b6ca-49158f7515cc,"[ShootingResult(nth=1, score=10.0, time=0.3, pointX=0.54698, pointY=0.491266, distance=5265, color='red'), ShootingResult(nth=2, score=10.4, time=4.4, pointX=0.528822, pointY=0.513628, distance=5261, color='red'), ShootingResult(nth=3, score=9.1, time=4.2, pointX=0.417167, pointY=0.459663, distance=5260, color='red'), ShootingResult(nth=4, score=9.4, time=3.4, pointX=0.458988, pointY=0.564064, distance=5271, color='red'), ShootingResult(nth=5, score=9.7, time=3.1, pointX=0.439922, pointY=0.516715, distance=5270, color='red'), ShootingResult(nth=6, score=10.0, time=3.2, pointX=0.452969, pointY=0.512408, distance=5144, color='red'), ShootingResult(nth=7, score=8.6, time=2.3, pointX=0.431685, pointY=0.60018, distance=5248, color='orange'), ShootingResult(nth=8, score=9.7, time=1.6, pointX=0.510445, pointY=0.437768, distance=4224, color='red'), ShootingResult(nth=9, score=9.8, time=2.1, pointX=0.443975, pointY=0.508096, distance=4310, color='red'), ShootingResult(nth=10, score=9.4, time=2.6, pointX=0.441556, pointY=0.444568, distance=4534, color='red')]",10,"[0.448472, 0.5102519999999999]",0.056864948294785965,"[0.042435719229088134, 0.04820777975016067]",0.02118382689240679,입문
20250110-02bbcfa3-b149-4299-87ab-936e630a2bdd,"[ShootingResult(nth=1, score=5.6, time=2.1, pointX=0.42753, pointY=0.761234, distance=2884, color='green'), ShootingResult(nth=2, score=9.2, time=1.9, pointX=0.5433, pointY=0.574612, distance=2874, color='red'), ShootingResult(nth=3, score=8.9, time=1.9, pointX=0.597062, pointY=0.537266, distance=2872, color='orange'), ShootingResult(nth=4, score=10.7, time=1.4, pointX=0.479479, pointY=0.512006, distance=2863, color='red'), ShootingResult(nth=5, score=10.1, time=2.1, pointX=0.536712, pointY=0.521751, distance=2861, color='red'), ShootingResult(nth=6, score=7.0, time=2.0, pointX=0.470038, pointY=0.701571, distance=2852, color='orange'), ShootingResult(nth=7, score=9.3, time=2.7, pointX=0.58053, pointY=0.515817, distance=2848, color='red'), ShootingResult(nth=8, score=8.9, time=1.9, pointX=0.603572, pointY=0.494457, distance=2843, color='orange'), ShootingResult(nth=9, score=10.5, time=1.3, pointX=0.498541, pointY=0.530055, distance=2840, color='red'), ShootingResult(nth=10, score=7.8, time=1.4, pointX=0.627226, pointY=0.597963, distance=2837, color='orange')]",10,"[0.540006, 0.5336605000000001]",0.08795948511850307,"[0.06274263176182522, 0.08453822383017044]",0.016955752000181568,입문
20250110-0c9efa3f-351e-4a79-9f27-295d9ba814aa,"[ShootingResult(nth=1, score=9.3, time=3.6, pointX=0.578923, pointY=0.528309, distance=2784, color='red'), ShootingResult(nth=2, score=9.8, time=4.4, pointX=0.538777, pointY=0.539218, distance=2751, color='red'), ShootingResult(nth=3, score=8.8, time=6.8, pointX=0.606148, pointY=0.48115, distance=2761, color='orange'), ShootingResult(nth=4, score=9.2, time=3.0, pointX=0.587069, pointY=0.519727, distance=2745, color='red'), ShootingResult(nth=5, score=9.1, time=4.6, pointX=0.582218, pointY=0.546919, distance=2742, color='red'), ShootingResult(nth=6, score=10.2, time=3.8, pointX=0.536434, pointY=0.480116, distance=2773, color='red'), ShootingResult(nth=7, score=10.0, time=3.5, pointX=0.546015, pointY=0.481834, distance=2745, color='red'), ShootingResult(nth=8, score=8.5, time=3.3, pointX=0.618984, pointY=0.463664, distance=2742, color='orange'), ShootingResult(nth=9, score=9.1, time=3.5, pointX=0.557727, pointY=0.575401, distance=2743, color='red'), ShootingResult(nth=10, score=9.6, time=3.9, pointX=0.566063, pointY=0.520019, distance=2791, color='red')]",10,"[0.5724929999999999, 0.519873]",0.03809554521531856,"[0.026524738576657082, 0.0339966917803777]",0.01694366429546607,입문
20250110-668b9027-1335-4250-a6a4-11fa8aca18c7,"[ShootingResult(nth=1, score=8.7, time=2.1, pointX=0.585712, pointY=0.421373, distance=2596, color='orange'), ShootingResult(nth=2, score=9.0, time=9.2, pointX=0.56449, pointY=0.573046, distance=2596, color='red'), ShootingResult(nth=3, score=9.1, time=5.7, pointX=0.592138, pointY=0.486692, distance=2592, color='red'), ShootingResult(nth=4, score=7.7, time=22.1, pointX=0.570342, pointY=0.348319, distance=2596, color='orange'), ShootingResult(nth=5, score=9.1, time=5.0, pointX=0.582559, pointY=0.4527, distance=2593, color='red'), ShootingResult(nth=6, score=9.7, time=4.7, pointX=0.440339, pointY=0.486646, distance=2595, color='red'), ShootingResult(nth=7, score=9.5, time=5.1, pointX=0.566131, pointY=0.472539, distance=2593, color='red'), ShootingResult(nth=8, score=8.1, time=6.1, pointX=0.645902, pointY=0.500472, distance=2596, color='orange'), ShootingResult(nth=9, score=9.7, time=9.2, pointX=0.556987, pointY=0.472471, distance=2598, color='red'), ShootingResult(nth=10, score=10.5, time=9.2, pointX=0.479131, pointY=0.522525, distance=2601, color='red')]",10,"[0.5682365, 0.4795925]",0.06691061650334068,"[0.05530631655868976, 0.056752976175791885]",0.022922859383400163,입문
20250110-328ecb2a-2efb-484c-b0e5-cd4e1259953f,"[ShootingResult(nth=1, score=6.5, time=5.5, pointX=0.581347, pointY=0.715017, distance=2646, color='green'), ShootingResult(nth=2, score=8.7, time=5.1, pointX=0.611442, pointY=0.493172, distance=2645, color='orange'), ShootingResult(nth=3, score=9.6, time=4.3, pointX=0.532613, pointY=0.438482, distance=2648, color='red'), ShootingResult(nth=4, score=7.3, time=5.5, pointX=0.368371, pointY=0.629289, distance=2645, color='orange'), ShootingResult(nth=5, score=8.5, time=5.7, pointX=0.486887, pointY=0.375368, distance=2643, color='orange'), ShootingResult(nth=6, score=3.3, time=4.5, pointX=0.561219, pointY=0.888208, distance=2644, color='blue'), ShootingResult(nth=7, score=8.0, time=5.4, pointX=0.439869, pointY=0.361926, distance=2648, color='orange'), ShootingResult(nth=8, score=8.5, time=4.9, pointX=0.417395, pointY=0.594146, distance=2649, color='orange'), ShootingResult(nth=9, score=9.5, time=4.8, pointX=0.477625, pointY=0.432205, distance=2646, color='red'), ShootingResult(nth=10, score=7.2, time=4.5, pointX=0.688044, pointY=0.474761, distance=2646, color='orange')]",10,"[0.50975, 0.48396649999999997]",0.16399865133899552,"[0.09215768124556954, 0.15810506437062666]",0.06495993957717686,입문
20250110-094643c5-0fde-4e40-912f-e56f8966bd6b,"[ShootingResult(nth=1, score=9.1, time=6.5, pointX=0.408353, pointY=0.479794, distance=2534, color='red'), ShootingResult(nth=2, score=9.7, time=9.7, pointX=0.492675, pointY=0.436452, distance=2536, color='red'), ShootingResult(nth=3, score=8.1, time=9.8, pointX=0.355828, pointY=0.506129, distance=2533, color='orange'), ShootingResult(nth=4, score=10.8, time=6.3, pointX=0.508189, pointY=0.481798, distance=2537, color='red'), ShootingResult(nth=5, score=10.7, time=8.2, pointX=0.491421, pointY=0.520054, distance=2534, color='red'), ShootingResult(nth=6, score=5.4, time=4.5, pointX=0.352972, pointY=0.254726, distance=2539, color='green'), ShootingResult(nth=7, score=8.8, time=9.7, pointX=0.412542, pointY=0.431105, distance=2536, color='orange'), ShootingResult(nth=8, score=10.7, time=8.3, pointX=0.517715, pointY=0.513756, distance=2540, color='red'), ShootingResult(nth=9, score=9.5, time=5.3, pointX=0.440685, pointY=0.544926, distance=2536, color='red'), ShootingResult(nth=10, score=9.7, time=7.7, pointX=0.437735, pointY=0.497882, distance=2532, color='red')]",10,"[0.43921, 0.48984]",0.07830205747682423,"[0.05700455480091043, 0.07824416722644571]",0.01678429595223596,입문
20250110-9e19be8e-859a-40d1-9020-0a8db0423fb3,"[ShootingResult(nth=1, score=9.4, time=10.1, pointX=0.549695, pointY=0.441673, distance=2537, color='red'), ShootingResult(nth=2, score=9.5, time=17.2, pointX=0.568334, pointY=0.476672, distance=2534, color='red'), ShootingResult(nth=3, score=10.6, time=5.0, pointX=0.517475, pointY=0.482767, distance=2531, color='red'), ShootingResult(nth=4, score=8.9, time=5.6, pointX=0.600278, pointY=0.481171, distance=2533, color='orange'), ShootingResult(nth=5, score=8.8, time=16.1, pointX=0.409511, pointY=0.561676, distance=2538, color='orange'), ShootingResult(nth=6, score=9.6, time=5.0, pointX=0.531274, pointY=0.440503, distance=2538, color='red'), ShootingResult(nth=7, score=10.3, time=7.0, pointX=0.528461, pointY=0.52475, distance=2536, color='red'), ShootingResult(nth=8, score=6.8, time=7.0, pointX=0.43068, pointY=0.2993, distance=2536, color='green'), ShootingResult(nth=9, score=7.8, time=13.4, pointX=0.588778, pointY=0.367599, distance=2587, color='orange'), ShootingResult(nth=10, score=9.0, time=13.2, pointX=0.513351, pointY=0.403281, distance=2586, color='red')]",10,"[0.5298674999999999, 0.4591725]",0.07668377403784685,"[0.05889391584544196, 0.07253684396470526]",0.021794016280935177,입문
20250110-c2bb9be7-48a1-4e99-b75c-bba5d86b8710,"[ShootingResult(nth=1, score=2.4, time=14.1, pointX=0.929977, pointY=0.580766, distance=2641, color='blue'), ShootingResult(nth=2, score=6.9, time=9.6, pointX=0.311076, pointY=0.588987, distance=2641, color='green'), ShootingResult(nth=3, score=7.0, time=8.7, pointX=0.652876, pointY=0.628272, distance=2649, color='orange'), ShootingResult(nth=4, score=8.7, time=6.5, pointX=0.394528, pointY=0.548895, distance=2642, color='orange'), ShootingResult(nth=5, score=6.9, time=7.2, pointX=0.631093, pointY=0.662725, distance=2644, color='green'), ShootingResult(nth=6, score=6.5, time=5.4, pointX=0.720665, pointY=0.437047, distance=2648, color='green'), ShootingResult(nth=7, score=8.4, time=6.7, pointX=0.609734, pointY=0.56735, distance=2646, color='orange'), ShootingResult(nth=8, score=9.0, time=10.5, pointX=0.486746, pointY=0.401278, distance=2642, color='red'), ShootingResult(nth=9, score=7.2, time=6.6, pointX=0.600488, pointY=0.662062, distance=2643, color='orange'), ShootingResult(nth=10, score=4.8, time=5.8, pointX=0.438364, pointY=0.806527, distance=2644, color='green')]",10,"[0.605111, 0.5848765]",0.17580927782689418,"[0.1693850844466832, 0.10959206316923685]",0.07302539947169717,입문
20250110-55c09f08-7907-439e-83ff-9c831194f505,"[ShootingResult(nth=1, score=10.1, time=17.4, pointX=0.541686, pointY=0.489234, distance=2597, color='red'), ShootingResult(nth=2, score=8.9, time=15.8, pointX=0.592867, pointY=0.541333, distance=2591, color='orange'), ShootingResult(nth=3, score=10.1, time=8.2, pointX=0.535171, pointY=0.528551, distance=2596, color='red'), ShootingResult(nth=4, score=10.0, time=6.3, pointX=0.473454, pointY=0.461383, distance=2599, color='red'), ShootingResult(nth=5, score=10.0, time=8.9, pointX=0.547236, pointY=0.489255, distance=2597, color='red'), ShootingResult(nth=6, score=9.4, time=7.4, pointX=0.570516, pointY=0.468589, distance=2593, color='red'), ShootingResult(nth=7, score=10.4, time=8.9, pointX=0.518824, pointY=0.473428, distance=2598, color='red'), ShootingResult(nth=8, score=8.7, time=7.9, pointX=0.590385, pointY=0.565558, distance=2596, color='orange'), ShootingResult(nth=9, score=10.9, time=9.0, pointX=0.497526, pointY=0.485366, distance=2598, color='red'), ShootingResult(nth=10, score=7.0, time=7.0, pointX=0.621643, pointY=0.340749, distance=2595, color='orange')]",10,"[0.544461, 0.4873]",0.056176683721736745,"[0.04346508602729322, 0.05775889879005657]",0.01037059460655515,입문
20250110-cfbf1f93-b016-4863-9dd3-1272b949889c,"[ShootingResult(nth=1, score=9.1, time=6.4, pointX=0.415559, pointY=0.460489, distance=2583, color='red'), ShootingResult(nth=2, score=8.3, time=6.7, pointX=0.379306, pointY=0.43739, distance=2580, color='orange'), ShootingResult(nth=3, score=9.6, time=23.2, pointX=0.556731, pointY=0.466602, distance=2586, color='red'), ShootingResult(nth=4, score=8.8, time=4.4, pointX=0.598683, pointY=0.452837, distance=2588, color='orange'), ShootingResult(nth=5, score=9.8, time=4.6, pointX=0.473862, pointY=0.449434, distance=2582, color='red'), ShootingResult(nth=6, score=9.9, time=4.1, pointX=0.448451, pointY=0.48396, distance=2587, color='red'), ShootingResult(nth=7, score=7.8, time=4.1, pointX=0.661092, pointY=0.516898, distance=2584, color='orange'), ShootingResult(nth=8, score=9.2, time=3.8, pointX=0.539945, pointY=0.579528, distance=2587, color='red'), ShootingResult(nth=9, score=10.9, time=4.8, pointX=0.512339, pointY=0.492734, distance=2588, color='red'), ShootingResult(nth=10, score=10.1, time=3.8, pointX=0.525726, pointY=0.535985, distance=2589, color='red')]",10,"[0.5190325, 0.475281]",0.0828009441814426,"[0.08068910579155032, 0.04248755096978409]",0.041896648475348,입문
20250110-0d31e77a-4c5d-4bcb-a60c-4acacd918782,"[ShootingResult(nth=1, score=8.8, time=6.4, pointX=0.548642, pointY=0.596928, distance=2648, color='orange'), ShootingResult(nth=2, score=9.0, time=9.9, pointX=0.561614, pointY=0.574927, distance=2649, color='red'), ShootingResult(nth=3, score=7.6, time=8.8, pointX=0.590772, pointY=0.646857, distance=2645, color='orange'), ShootingResult(nth=4, score=8.8, time=10.2, pointX=0.397368, pointY=0.462034, distance=2642, color='orange'), ShootingResult(nth=5, score=6.8, time=5.8, pointX=0.407329, pointY=0.307117, distance=2648, color='green'), ShootingResult(nth=6, score=8.9, time=8.1, pointX=0.40011, pointY=0.530351, distance=2647, color='orange'), ShootingResult(nth=7, score=6.6, time=6.2, pointX=0.675583, pointY=0.636587, distance=2645, color='green'), ShootingResult(nth=8, score=9.2, time=8.0, pointX=0.424001, pointY=0.456751, distance=2650, color='red'), ShootingResult(nth=9, score=7.6, time=6.1, pointX=0.494504, pointY=0.668586, distance=2640, color='orange'), ShootingResult(nth=10, score=9.8, time=23.0, pointX=0.478305, pointY=0.447921, distance=2645, color='red')]",10,"[0.4864045, 0.552639]",0.1312167160643596,"[0.08975514126867608, 0.10818511841602801]",0.07584607324133257,입문
20250110-61e7db85-9dfd-42f6-b5bf-6739b99da229,"[ShootingResult(nth=1, score=10.2, time=1.3, pointX=0.532089, pointY=0.525529, distance=2645, color='red'), ShootingResult(nth=2, score=10.9, time=6.5, pointX=0.503599, pointY=0.49209, distance=2644, color='red'), ShootingResult(nth=3, score=8.9, time=6.3, pointX=0.580078, pointY=0.564472, distance=2642, color='orange'), ShootingResult(nth=4, score=9.1, time=9.0, pointX=0.461678, pointY=0.415177, distance=2647, color='red'), ShootingResult(nth=5, score=9.4, time=7.3, pointX=0.574792, pointY=0.515565, distance=2643, color='red'), ShootingResult(nth=6, score=10.4, time=7.8, pointX=0.533593, pointY=0.507656, distance=2648, color='red'), ShootingResult(nth=7, score=10.9, time=4.5, pointX=0.508239, pointY=0.51249, distance=2645, color='red'), ShootingResult(nth=8, score=9.7, time=10.4, pointX=0.561028, pointY=0.479815, distance=2648, color='red'), ShootingResult(nth=9, score=9.6, time=6.1, pointX=0.527457, pointY=0.438902, distance=2650, color='red'), ShootingResult(nth=10, score=10.4, time=15.1, pointX=0.520873, pointY=0.525665, distance=2647, color='red')]",10,"[0.529773, 0.510073]",0.04424844802169633,"[0.03379524306525993, 0.04155791300931749]",0.01163285388375003,입문
20250110-1512515d-1717-4bfe-af65-7f80184a3caf,"[ShootingResult(nth=1, score=10.4, time=0.5, pointX=0.497639, pointY=0.465385, distance=2592, color='red'), ShootingResult(nth=2, score=10.6, time=3.7, pointX=0.526401, pointY=0.495162, distance=2595, color='red'), ShootingResult(nth=3, score=10.6, time=2.8, pointX=0.526986, pointY=0.4999, distance=2599, color='red'), ShootingResult(nth=4, score=9.9, time=2.5, pointX=0.535737, pointY=0.462295, distance=2594, color='red'), ShootingResult(nth=5, score=9.7, time=3.1, pointX=0.522964, pointY=0.440098, distance=2592, color='red'), ShootingResult(nth=6, score=9.4, time=2.7, pointX=0.523044, pointY=0.425069, distance=2595, color='red'), ShootingResult(nth=7, score=9.4, time=3.0, pointX=0.545779, pointY=0.438064, distance=2596, color='red'), ShootingResult(nth=8, score=10.7, time=3.0, pointX=0.521671, pointY=0.504635, distance=2593, color='red'), ShootingResult(nth=9, score=10.1, time=2.7, pointX=0.535454, pointY=0.471903, distance=2597, color='red'), ShootingResult(nth=10, score=10.9, time=2.4, pointX=0.508996, pointY=0.488363, distance=2591, color='red')]",10,"[0.5247225, 0.468644]",0.027979471049840617,"[0.012973854897061245, 0.026594567058705804]",0.018335667836318955,입문
20250110-ceb63adb-a807-4967-88a8-6d2c9b3dc00e,"[ShootingResult(nth=1, score=10.2, time=2.7, pointX=0.512242, pointY=0.54033, distance=2541, color='red'), ShootingResult(nth=2, score=9.5, time=5.1, pointX=0.549102, pointY=0.550933, distance=2543, color='red'), ShootingResult(nth=3, score=9.9, time=6.6, pointX=0.546758, pointY=0.480522, distance=2546, color='red'), ShootingResult(nth=4, score=8.5, time=3.7, pointX=0.480993, pointY=0.621705, distance=2544, color='orange'), ShootingResult(nth=5, score=9.5, time=6.8, pointX=0.501254, pointY=0.57352, distance=2542, color='red'), ShootingResult(nth=6, score=8.7, time=4.5, pointX=0.438441, pointY=0.403616, distance=2541, color='orange'), ShootingResult(nth=7, score=9.4, time=4.9, pointX=0.491225, pointY=0.577627, distance=2540, color='red'), ShootingResult(nth=8, score=9.7, time=3.2, pointX=0.527065, pointY=0.443646, distance=2543, color='red'), ShootingResult(nth=9, score=8.5, time=4.8, pointX=0.392659, pointY=0.560509, distance=2540, color='orange'), ShootingResult(nth=10, score=10.4, time=6.6, pointX=0.501828, pointY=0.531583, distance=2542, color='red')]",10,"[0.501541, 0.5456315]",0.06638543713303337,"[0.04570890257280303, 0.06316858820719362]",0.02139619904873062,입문
20250110-eaabbe95-4ad8-4f88-b466-0772d63c46e2,"[ShootingResult(nth=1, score=10.6, time=4.3, pointX=0.524925, pointY=0.498001, distance=2642, color='red'), ShootingResult(nth=2, score=9.8, time=6.3, pointX=0.489352, pointY=0.554842, distance=2643, color='red'), ShootingResult(nth=3, score=10.3, time=5.0, pointX=0.483092, pointY=0.530903, distance=2640, color='red'), ShootingResult(nth=4, score=9.8, time=4.6, pointX=0.440356, pointY=0.503127, distance=2642, color='red'), ShootingResult(nth=5, score=9.9, time=4.4, pointX=0.552327, pointY=0.511334, distance=2648, color='red'), ShootingResult(nth=6, score=10.9, time=4.0, pointX=0.493782, pointY=0.503555, distance=2644, color='red'), ShootingResult(nth=7, score=9.5, time=9.4, pointX=0.464424, pointY=0.438751, distance=2644, color='red'), ShootingResult(nth=8, score=10.2, time=5.2, pointX=0.540297, pointY=0.49793, distance=2644, color='red'), ShootingResult(nth=9, score=8.6, time=5.2, pointX=0.576242, pointY=0.588607, distance=2647, color='orange'), ShootingResult(nth=10, score=9.4, time=6.2, pointX=0.422769, pointY=0.512216, distance=2648, color='red')]",10,"[0.491567, 0.5074445]",0.05335798435990332,"[0.046910777713016015, 0.0373284961047187]",0.02436365455736584,입문
20250110-9fa5608a-2cdd-46c1-a423-6216dc22989d,"[ShootingResult(nth=1, score=9.4, time=7.1, pointX=0.574079, pointY=0.518532, distance=2599, color='red'), ShootingResult(nth=2, score=10.0, time=3.2, pointX=0.548364, pointY=0.495782, distance=2594, color='red'), ShootingResult(nth=3, score=9.6, time=3.2, pointX=0.566884, pointY=0.505109, distance=2595, color='red'), ShootingResult(nth=4, score=10.2, time=4.6, pointX=0.530423, pointY=0.472556, distance=2596, color='red'), ShootingResult(nth=5, score=9.8, time=4.9, pointX=0.552455, pointY=0.472979, distance=2594, color='red'), ShootingResult(nth=6, score=9.3, time=5.4, pointX=0.570923, pointY=0.459255, distance=2595, color='red'), ShootingResult(nth=7, score=9.8, time=4.6, pointX=0.551811, pointY=0.518547, distance=2593, color='red'), ShootingResult(nth=8, score=9.9, time=4.6, pointX=0.54039, pointY=0.467016, distance=2596, color='red'), ShootingResult(nth=9, score=9.4, time=4.0, pointX=0.570755, pointY=0.463914, distance=2598, color='red'), ShootingResult(nth=10, score=9.6, time=4.2, pointX=0.553594, pointY=0.542695, distance=2595, color='red')]",10,"[0.5530245, 0.4843805]",0.028620302008862154,"[0.0137031908313356, 0.027182056755330353]",0.01562562847615955,입문
20250110-2bd815ee-8961-4506-9cfe-e0d03b625b97,"[ShootingResult(nth=1, score=9.6, time=7.6, pointX=0.553991, pointY=0.456249, distance=2548, color='red'), ShootingResult(nth=2, score=10.0, time=4.9, pointX=0.535201, pointY=0.470081, distance=2543, color='red'), ShootingResult(nth=3, score=8.6, time=4.5, pointX=0.392479, pointY=0.447166, distance=2546, color='orange'), ShootingResult(nth=4, score=8.7, time=10.6, pointX=0.393877, pointY=0.546695, distance=2544, color='orange'), ShootingResult(nth=5, score=7.1, time=3.7, pointX=0.360904, pointY=0.359873, distance=2541, color='orange'), ShootingResult(nth=6, score=9.3, time=6.7, pointX=0.430103, pointY=0.457306, distance=2543, color='red'), ShootingResult(nth=7, score=7.7, time=2.0, pointX=0.34658, pointY=0.558933, distance=2543, color='orange'), ShootingResult(nth=8, score=8.4, time=2.3, pointX=0.368231, pointY=0.501716, distance=2542, color='orange'), ShootingResult(nth=9, score=10.9, time=3.0, pointX=0.512118, pointY=0.498208, distance=2540, color='red'), ShootingResult(nth=10, score=8.5, time=8.6, pointX=0.53991, pointY=0.615661, distance=2540, color='orange')]",10,"[0.41198999999999997, 0.4841445]",0.09734871507968601,"[0.07857892003482868, 0.0673200221209114]",0.04978542285359935,입문
20250110-43c4aa00-5ac6-40ca-bfd1-f1b08cd9541d,"[ShootingResult(nth=1, score=9.3, time=0.3, pointX=0.545475, pointY=0.572058, distance=2596, color='red'), ShootingResult(nth=2, score=9.7, time=4.5, pointX=0.482298, pointY=0.560403, distance=2599, color='red'), ShootingResult(nth=3, score=9.5, time=4.4, pointX=0.52779, pointY=0.435177, distance=2597, color='red'), ShootingResult(nth=4, score=10.9, time=2.4, pointX=0.488211, pointY=0.490355, distance=2598, color='red'), ShootingResult(nth=5, score=10.2, time=3.3, pointX=0.541226, pointY=0.495254, distance=2598, color='red'), ShootingResult(nth=6, score=10.6, time=3.2, pointX=0.523073, pointY=0.489849, distance=2594, color='red'), ShootingResult(nth=7, score=10.1, time=3.1, pointX=0.542422, pointY=0.491195, distance=2598, color='red'), ShootingResult(nth=8, score=10.6, time=2.9, pointX=0.51348, pointY=0.521433, distance=2597, color='red'), ShootingResult(nth=9, score=10.7, time=3.5, pointX=0.502983, pointY=0.523127, distance=2595, color='red'), ShootingResult(nth=10, score=10.0, time=3.0, pointX=0.53594, pointY=0.466749, distance=2596, color='red')]",10,"[0.5254315, 0.4932245]",0.03902670775604165,"[0.021655729005507985, 0.03902684343884347]",0.014048480668745825,입문
20250110-b5ee9deb-f91f-40fd-85a4-cce33de47c57,"[ShootingResult(nth=1, score=9.5, time=1.2, pointX=0.433417, pointY=0.529124, distance=2544, color='red'), ShootingResult(nth=2, score=8.2, time=2.5, pointX=0.371481, pointY=0.550585, distance=2547, color='orange'), ShootingResult(nth=3, score=8.8, time=2.7, pointX=0.390902, pointY=0.48801, distance=2541, color='orange'), ShootingResult(nth=4, score=10.8, time=1.8, pointX=0.502563, pointY=0.481443, distance=2542, color='red'), ShootingResult(nth=5, score=9.4, time=2.4, pointX=0.445766, pointY=0.445115, distance=2545, color='red'), ShootingResult(nth=6, score=10.8, time=5.1, pointX=0.502563, pointY=0.481443, distance=2545, color='red'), ShootingResult(nth=7, score=9.5, time=3.8, pointX=0.443808, pointY=0.550293, distance=2544, color='red'), ShootingResult(nth=8, score=9.3, time=2.5, pointX=0.421028, pointY=0.47003, distance=2541, color='red'), ShootingResult(nth=9, score=9.0, time=5.8, pointX=0.399601, pointY=0.492518, distance=2538, color='red'), ShootingResult(nth=10, score=9.5, time=4.1, pointX=0.430488, pointY=0.515074, distance=2540, color='red')]",10,"[0.43195249999999996, 0.49026400000000003]",0.04964131507710272,"[0.04094684978371351, 0.033107957729977856]",0.029259909959549756,입문
20250110-7ecc4fe1-b26a-42c3-938d-e65a1661031c,"[ShootingResult(nth=1, score=9.9, time=5.1, pointX=0.553055, pointY=0.486125, distance=2595, color='red'), ShootingResult(nth=2, score=3.0, time=2.4, pointX=0.90657, pointY=0.534431, distance=2596, color='blue'), ShootingResult(nth=3, score=8.4, time=4.9, pointX=0.462232, pointY=0.623067, distance=2599, color='orange'), ShootingResult(nth=4, score=8.8, time=3.7, pointX=0.439732, pointY=0.592455, distance=2594, color='orange'), ShootingResult(nth=5, score=9.3, time=3.0, pointX=0.552031, pointY=0.438277, distance=2596, color='red'), ShootingResult(nth=6, score=9.2, time=2.5, pointX=0.414035, pointY=0.486273, distance=2600, color='red'), ShootingResult(nth=7, score=10.9, time=1.5, pointX=0.511358, pointY=0.509974, distance=2600, color='red'), ShootingResult(nth=8, score=8.4, time=1.8, pointX=0.614493, pointY=0.435424, distance=2602, color='orange'), ShootingResult(nth=9, score=10.0, time=2.4, pointX=0.452995, pointY=0.51217, distance=2598, color='red'), ShootingResult(nth=10, score=10.5, time=1.5, pointX=0.500443, pointY=0.530418, distance=2602, color='red')]",10,"[0.5059005, 0.511072]",0.1072055630358506,"[0.1349654894157762, 0.056748457366169874]",0.0015267428758191648,입문
20250110-a5f5562a-dd9c-4164-8b41-c8f516e8dcda,"[ShootingResult(nth=1, score=9.0, time=9.7, pointX=0.559956, pointY=0.437877, distance=2598, color='red'), ShootingResult(nth=2, score=10.0, time=7.1, pointX=0.512526, pointY=0.459404, distance=2600, color='red'), ShootingResult(nth=3, score=10.0, time=6.6, pointX=0.526932, pointY=0.495316, distance=2596, color='red'), ShootingResult(nth=4, score=9.0, time=4.1, pointX=0.557375, pointY=0.463506, distance=2600, color='red'), ShootingResult(nth=5, score=9.0, time=3.1, pointX=0.540571, pointY=0.461923, distance=2588, color='red'), ShootingResult(nth=6, score=9.0, time=5.9, pointX=0.551051, pointY=0.482487, distance=2595, color='red'), ShootingResult(nth=7, score=9.0, time=3.2, pointX=0.564417, pointY=0.442993, distance=2598, color='red'), ShootingResult(nth=8, score=10.0, time=4.3, pointX=0.506188, pointY=0.487272, distance=2598, color='red'), ShootingResult(nth=9, score=9.0, time=5.3, pointX=0.590612, pointY=0.500473, distance=2596, color='red'), ShootingResult(nth=10, score=10.0, time=5.3, pointX=0.526621, pointY=0.466085, distance=2596, color='red')]",10,"[0.545811, 0.46479550000000003]",0.028679877542446313,"[0.024691680625060743, 0.02004823840740127]",0.013906948100379552,입문
20250110-f113f53e-ad51-4630-9e35-a695edd801b6,"[ShootingResult(nth=1, score=9.2, time=1.6, pointX=0.542486, pointY=0.579043, distance=2600, color='red'), ShootingResult(nth=2, score=9.8, time=4.7, pointX=0.443433, pointY=0.503992, distance=2598, color='red'), ShootingResult(nth=3, score=10.5, time=4.5, pointX=0.470812, pointY=0.494622, distance=2600, color='red'), ShootingResult(nth=4, score=9.1, time=3.9, pointX=0.53804, pointY=0.584218, distance=2597, color='red'), ShootingResult(nth=5, score=8.8, time=10.5, pointX=0.490752, pointY=0.606195, distance=2597, color='orange'), ShootingResult(nth=6, score=10.5, time=4.2, pointX=0.524727, pointY=0.514145, distance=2599, color='red'), ShootingResult(nth=7, score=10.8, time=2.8, pointX=0.480103, pointY=0.499558, distance=2600, color='red'), ShootingResult(nth=8, score=8.9, time=3.1, pointX=0.601478, pointY=0.517231, distance=2599, color='orange'), ShootingResult(nth=9, score=10.6, time=3.1, pointX=0.495155, pointY=0.526366, distance=2599, color='red'), ShootingResult(nth=10, score=10.9, time=3.4, pointX=0.510841, pointY=0.509897, distance=2597, color='red')]",10,"[0.5029980000000001, 0.5156879999999999]",0.05134046187740861,"[0.0422829526737431, 0.03835701830447722]",0.01991567411337821,입문
20250110-fef590bd-d547-403a-8558-1d3176662094,"[ShootingResult(nth=1, score=10.0, time=3.3, pointX=0.50771, pointY=0.531847, distance=2596, color='red'), ShootingResult(nth=2, score=8.0, time=4.1, pointX=0.519124, pointY=0.38718, distance=2594, color='orange'), ShootingResult(nth=3, score=9.0, time=3.8, pointX=0.512346, pointY=0.550659, distance=2591, color='red'), ShootingResult(nth=4, score=10.0, time=4.6, pointX=0.533942, pointY=0.526461, distance=2597, color='red'), ShootingResult(nth=5, score=10.0, time=4.6, pointX=0.513431, pointY=0.483935, distance=2593, color='red'), ShootingResult(nth=6, score=9.0, time=4.4, pointX=0.546295, pointY=0.432221, distance=2592, color='red'), ShootingResult(nth=7, score=9.0, time=3.8, pointX=0.567753, pointY=0.482811, distance=2595, color='red'), ShootingResult(nth=8, score=9.0, time=2.9, pointX=0.477225, pointY=0.559853, distance=2592, color='red'), ShootingResult(nth=9, score=9.0, time=4.9, pointX=0.543753, pointY=0.472587, distance=2596, color='red'), ShootingResult(nth=10, score=10.0, time=4.5, pointX=0.508327, pointY=0.472291, distance=2597, color='red')]",10,"[0.5162775, 0.483373]",0.050214812163741726,"[0.024208325077129972, 0.05123981055244056]",0.022307618257687047,입문
20250110-00dbf5f7-b772-4b9d-9727-7beae3ef8e65,"[ShootingResult(nth=1, score=7.0, time=3.4, pointX=0.510393, pointY=0.670291, distance=2514, color='orange'), ShootingResult(nth=2, score=9.0, time=5.1, pointX=0.547869, pointY=0.544967, distance=2515, color='red'), ShootingResult(nth=3, score=10.0, time=5.4, pointX=0.512618, pointY=0.477356, distance=2514, color='red'), ShootingResult(nth=4, score=10.0, time=5.0, pointX=0.541868, pointY=0.516472, distance=2517, color='red'), ShootingResult(nth=5, score=6.0, time=5.6, pointX=0.35473, pointY=0.303311, distance=2521, color='green'), ShootingResult(nth=6, score=8.0, time=3.9, pointX=0.605051, pointY=0.43837, distance=2509, color='orange'), ShootingResult(nth=7, score=8.0, time=2.2, pointX=0.408016, pointY=0.576645, distance=2508, color='orange'), ShootingResult(nth=8, score=7.0, time=3.3, pointX=0.485896, pointY=0.660137, distance=2514, color='orange'), ShootingResult(nth=9, score=9.0, time=5.8, pointX=0.42154, pointY=0.470771, distance=2508, color='red'), ShootingResult(nth=10, score=9.0, time=2.3, pointX=0.502555, pointY=0.441094, distance=2511, color='red')]",10,"[0.506474, 0.496914]",0.10944509389421293,"[0.07076363926933098, 0.1044721037609562]",0.042985572256701035,입문
20250110-d351c252-d290-4a8e-9987-f4caeb5070b3,"[ShootingResult(nth=1, score=9.6, time=13.6, pointX=0.534067, pointY=0.55655, distance=2600, color='red'), ShootingResult(nth=2, score=5.1, time=8.3, pointX=0.797914, pointY=0.454641, distance=2594, color='green'), ShootingResult(nth=3, score=9.2, time=4.1, pointX=0.561671, pointY=0.560149, distance=2593, color='red'), ShootingResult(nth=4, score=6.8, time=9.6, pointX=0.330343, pointY=0.37115, distance=2596, color='green'), ShootingResult(nth=5, score=8.3, time=1.0, pointX=0.62391, pointY=0.551917, distance=2593, color='orange'), ShootingResult(nth=6, score=8.4, time=1.9, pointX=0.457637, pointY=0.622223, distance=2596, color='orange'), ShootingResult(nth=7, score=8.6, time=1.0, pointX=0.529087, pointY=0.613714, distance=2593, color='orange'), ShootingResult(nth=8, score=6.0, time=8.7, pointX=0.254245, pointY=0.451311, distance=2600, color='green'), ShootingResult(nth=9, score=10.2, time=0.9, pointX=0.526816, pointY=0.530351, distance=2596, color='red'), ShootingResult(nth=10, score=3.7, time=15.9, pointX=0.463971, pointY=0.870424, distance=2599, color='blue')]",10,"[0.5279514999999999, 0.5542335]",0.14901204039523158,"[0.14222257431325733, 0.12752393802890497]",0.027766341356668278,입문
20250110-7c3c82fb-ee2a-4c11-b665-98cab2a88168,"[ShootingResult(nth=1, score=10.3, time=14.9, pointX=0.477369, pointY=0.530547, distance=2652, color='red'), ShootingResult(nth=2, score=9.3, time=5.7, pointX=0.442249, pointY=0.438898, distance=2652, color='red'), ShootingResult(nth=3, score=10.2, time=5.4, pointX=0.538469, pointY=0.489744, distance=2651, color='red'), ShootingResult(nth=4, score=10.3, time=7.9, pointX=0.519037, pointY=0.53154, distance=2647, color='red'), ShootingResult(nth=5, score=9.3, time=6.5, pointX=0.522996, pointY=0.420654, distance=2651, color='red'), ShootingResult(nth=6, score=9.0, time=6.0, pointX=0.498183, pointY=0.399751, distance=2652, color='red'), ShootingResult(nth=7, score=10.5, time=6.2, pointX=0.519078, pointY=0.478713, distance=2651, color='red'), ShootingResult(nth=8, score=10.9, time=5.5, pointX=0.487787, pointY=0.509934, distance=2653, color='red'), ShootingResult(nth=9, score=10.3, time=5.3, pointX=0.477369, pointY=0.530547, distance=2651, color='red'), ShootingResult(nth=10, score=10.0, time=4.0, pointX=0.522585, pointY=0.455935, distance=2649, color='red')]",10,"[0.50861, 0.4842285]",0.049768619683232124,"[0.027846862206719086, 0.04579355206587495]",0.027575362822739556,입문
20250110-68bddc04-432c-4dc0-bc1b-bb930f370aed,"[ShootingResult(nth=1, score=0.0, time=0.0, pointX=0.0, pointY=0.0, distance=0, color='gray'), ShootingResult(nth=2, score=6.2, time=10.0, pointX=0.421523, pointY=0.27159, distance=5193, color='green'), ShootingResult(nth=3, score=6.7, time=20.4, pointX=0.399564, pointY=0.307503, distance=5177, color='green'), ShootingResult(nth=4, score=6.6, time=20.1, pointX=0.495203, pointY=0.279837, distance=5178, color='green'), ShootingResult(nth=5, score=8.9, time=19.2, pointX=0.528125, pointY=0.398556, distance=5209, color='orange'), ShootingResult(nth=6, score=10.6, time=20.0, pointX=0.482183, pointY=0.482241, distance=5202, color='red'), ShootingResult(nth=7, score=6.7, time=19.6, pointX=0.63748, pointY=0.330948, distance=5182, color='green'), ShootingResult(nth=8, score=9.5, time=20.0, pointX=0.438773, pointY=0.463598, distance=5193, color='red'), ShootingResult(nth=9, score=8.3, time=19.9, pointX=0.483408, pointY=0.364242, distance=5202, color='orange'), ShootingResult(nth=10, score=7.7, time=20.3, pointX=0.573395, pointY=0.354115, distance=5179, color='orange')]",10,"[0.4827955, 0.3425315]",0.14486864220254017,"[0.16324574677289452, 0.12751093964911403]",-0.00867596836485296,입문
20250110-0aba1d99-1f03-4e57-b57e-52dceb87bfdb,"[ShootingResult(nth=1, score=9.5, time=13.4, pointX=0.527357, pointY=0.433469, distance=5306, color='red'), ShootingResult(nth=2, score=9.9, time=11.2, pointX=0.510702, pointY=0.449647, distance=5330, color='red'), ShootingResult(nth=3, score=7.5, time=14.5, pointX=0.578855, pointY=0.343425, distance=5358, color='orange'), ShootingResult(nth=4, score=7.9, time=13.3, pointX=0.466179, pointY=0.350933, distance=5360, color='orange'), ShootingResult(nth=5, score=10.2, time=13.9, pointX=0.468787, pointY=0.473737, distance=5340, color='red'), ShootingResult(nth=6, score=5.9, time=14.4, pointX=0.518594, pointY=0.240468, distance=5349, color='green'), ShootingResult(nth=7, score=8.3, time=13.6, pointX=0.444998, pointY=0.377612, distance=5371, color='orange'), ShootingResult(nth=8, score=9.5, time=14.8, pointX=0.458352, pointY=0.437097, distance=5350, color='red'), ShootingResult(nth=9, score=7.9, time=13.3, pointX=0.455467, pointY=0.35313, distance=5336, color='orange'), ShootingResult(nth=10, score=10.0, time=13.7, pointX=0.544786, pointY=0.520252, distance=5355, color='red')]",10,"[0.4897445, 0.40554049999999997]",0.0789813637637764,"[0.04269244327056019, 0.07653412895172979]",0.03950994434017282,입문
20250111-7dbcf283-ccb5-43be-b2fc-79662875d9f9,"[ShootingResult(nth=1, score=9.3, time=0.8, pointX=0.43584, pointY=0.556763, distance=2595, color='red'), ShootingResult(nth=2, score=7.8, time=8.2, pointX=0.410371, pointY=0.630083, distance=2596, color='orange'), ShootingResult(nth=3, score=8.3, time=8.5, pointX=0.375328, pointY=0.54491, distance=2593, color='orange'), ShootingResult(nth=4, score=9.9, time=6.5, pointX=0.478407, pointY=0.451279, distance=2596, color='red'), ShootingResult(nth=5, score=9.9, time=6.8, pointX=0.464284, pointY=0.537978, distance=2598, color='red'), ShootingResult(nth=6, score=9.2, time=7.7, pointX=0.575105, pointY=0.454882, distance=2596, color='red'), ShootingResult(nth=7, score=9.0, time=6.0, pointX=0.512702, pointY=0.597907, distance=2599, color='red'), ShootingResult(nth=8, score=9.8, time=9.4, pointX=0.478423, pointY=0.446418, distance=2597, color='red'), ShootingResult(nth=9, score=9.5, time=8.2, pointX=0.43445, pointY=0.526915, distance=2594, color='red'), ShootingResult(nth=10, score=9.9, time=6.4, pointX=0.447887, pointY=0.508899, distance=2596, color='red')]",10,"[0.4560855, 0.5324465]",0.06799916416484306,"[0.05265214225090941, 0.058921397887694404]",0.02684214025904149,입문
20250111-0616b6ae-3bdc-4530-be04-84a4e79e7467,"[ShootingResult(nth=1, score=8.9, time=3.0, pointX=0.541492, pointY=0.40568, distance=2611, color='orange'), ShootingResult(nth=2, score=8.8, time=11.3, pointX=0.501015, pointY=0.391943, distance=2607, color='orange'), ShootingResult(nth=3, score=7.4, time=7.2, pointX=0.542687, pointY=0.325553, distance=2609, color='orange'), ShootingResult(nth=4, score=10.2, time=10.4, pointX=0.495175, pointY=0.540616, distance=2607, color='red'), ShootingResult(nth=5, score=10.9, time=8.1, pointX=0.512993, pointY=0.493281, distance=2614, color='red'), ShootingResult(nth=6, score=7.5, time=6.6, pointX=0.668814, pointY=0.443033, distance=2614, color='orange'), ShootingResult(nth=7, score=7.9, time=18.3, pointX=0.621549, pointY=0.40074, distance=2610, color='orange'), ShootingResult(nth=8, score=8.2, time=7.8, pointX=0.593118, pointY=0.395278, distance=2606, color='orange'), ShootingResult(nth=9, score=8.8, time=6.7, pointX=0.506254, pointY=0.391908, distance=2609, color='orange'), ShootingResult(nth=10, score=9.7, time=6.8, pointX=0.547719, pointY=0.539548, distance=2614, color='red')]",10,"[0.5420895, 0.40320999999999996]",0.08006438953821722,"[0.05460754136966799, 0.06693032270652817]",0.03483988549093532,입문
20250111-58207fa0-88a5-4a02-945a-d5b51fb4b2cf,"[ShootingResult(nth=1, score=10.2, time=4.8, pointX=0.487459, pointY=0.540055, distance=2593, color='red'), ShootingResult(nth=2, score=9.7, time=7.4, pointX=0.450668, pointY=0.462235, distance=2590, color='red'), ShootingResult(nth=3, score=8.1, time=6.0, pointX=0.466796, pointY=0.641408, distance=2590, color='orange'), ShootingResult(nth=4, score=9.4, time=6.7, pointX=0.426461, pointY=0.517714, distance=2595, color='red'), ShootingResult(nth=5, score=7.7, time=7.8, pointX=0.396621, pointY=0.373131, distance=2590, color='orange'), ShootingResult(nth=6, score=10.3, time=5.1, pointX=0.532673, pointY=0.520346, distance=2596, color='red'), ShootingResult(nth=7, score=8.5, time=7.8, pointX=0.481766, pointY=0.622901, distance=2593, color='orange'), ShootingResult(nth=8, score=9.5, time=6.1, pointX=0.43087, pointY=0.522197, distance=2592, color='red'), ShootingResult(nth=9, score=10.7, time=8.3, pointX=0.477681, pointY=0.505038, distance=2597, color='red'), ShootingResult(nth=10, score=9.8, time=8.1, pointX=0.451727, pointY=0.472294, distance=2599, color='red')]",10,"[0.4592615, 0.51903]",0.06855713668469893,"[0.03607357846069613, 0.0728673267664596]",0.024812697486721914,입문
20250111-55eee64c-6371-414f-a25b-eaadf36a9d09,"[ShootingResult(nth=1, score=10.1, time=10.0, pointX=0.529441, pointY=0.468575, distance=2608, color='red'), ShootingResult(nth=2, score=8.9, time=7.5, pointX=0.546306, pointY=0.406339, distance=2610, color='orange'), ShootingResult(nth=3, score=8.6, time=6.8, pointX=0.591182, pointY=0.421395, distance=2605, color='orange'), ShootingResult(nth=4, score=9.8, time=8.1, pointX=0.446836, pointY=0.479402, distance=2608, color='red'), ShootingResult(nth=5, score=8.8, time=12.9, pointX=0.516506, pointY=0.393071, distance=2616, color='orange'), ShootingResult(nth=6, score=9.7, time=6.4, pointX=0.438816, pointY=0.484107, distance=2614, color='red'), ShootingResult(nth=7, score=8.6, time=9.9, pointX=0.480285, pointY=0.383517, distance=2614, color='orange'), ShootingResult(nth=8, score=10.8, time=11.6, pointX=0.500626, pointY=0.518806, distance=2608, color='red'), ShootingResult(nth=9, score=8.2, time=7.8, pointX=0.485354, pointY=0.361554, distance=2611, color='orange'), ShootingResult(nth=10, score=9.2, time=7.0, pointX=0.566866, pointY=0.445507, distance=2613, color='red')]",10,"[0.5085660000000001, 0.43345100000000003]",0.0653325898855404,"[0.04711401537716775, 0.04841332451102692]",0.04784880741870036,입문
20250111-91657250-bcac-4fb3-81f3-36fe512d2e3e,"[ShootingResult(nth=1, score=8.4, time=12.2, pointX=0.37932, pointY=0.549799, distance=2595, color='orange'), ShootingResult(nth=2, score=10.2, time=7.3, pointX=0.491586, pointY=0.461637, distance=2593, color='red'), ShootingResult(nth=3, score=7.7, time=7.6, pointX=0.534969, pointY=0.34033, distance=2594, color='orange'), ShootingResult(nth=4, score=8.5, time=6.3, pointX=0.481573, pointY=0.378124, distance=2593, color='orange'), ShootingResult(nth=5, score=10.2, time=6.5, pointX=0.475232, pointY=0.532773, distance=2594, color='red'), ShootingResult(nth=6, score=8.0, time=8.1, pointX=0.460241, pointY=0.35622, distance=2595, color='orange'), ShootingResult(nth=7, score=9.2, time=6.6, pointX=0.412588, pointY=0.482069, distance=2595, color='red'), ShootingResult(nth=8, score=9.1, time=8.6, pointX=0.481674, pointY=0.591692, distance=2591, color='red'), ShootingResult(nth=9, score=9.3, time=7.1, pointX=0.502694, pointY=0.415169, distance=2594, color='red'), ShootingResult(nth=10, score=6.5, time=5.2, pointX=0.346161, pointY=0.332987, distance=2594, color='green')]",10,"[0.47840249999999995, 0.438403]",0.09630042416272507,"[0.05586516698587771, 0.08865371212194108]",0.049246864126004784,입문
20250111-27a896d4-9027-4663-83c3-123e4c1c1151,"[ShootingResult(nth=1, score=9.2, time=14.4, pointX=0.553822, pointY=0.430454, distance=2613, color='red'), ShootingResult(nth=2, score=7.7, time=7.6, pointX=0.440186, pointY=0.348333, distance=2610, color='orange'), ShootingResult(nth=3, score=8.2, time=7.4, pointX=0.506849, pointY=0.360667, distance=2610, color='orange'), ShootingResult(nth=4, score=9.5, time=11.0, pointX=0.530629, pointY=0.433692, distance=2608, color='red'), ShootingResult(nth=5, score=8.4, time=6.5, pointX=0.461205, pointY=0.375921, distance=2607, color='orange'), ShootingResult(nth=6, score=9.2, time=11.3, pointX=0.466739, pointY=0.417723, distance=2609, color='red'), ShootingResult(nth=7, score=8.9, time=5.8, pointX=0.506754, pointY=0.3974, distance=2614, color='orange'), ShootingResult(nth=8, score=10.9, time=6.1, pointX=0.496015, pointY=0.502088, distance=2611, color='red'), ShootingResult(nth=9, score=8.7, time=10.2, pointX=0.537044, pointY=0.390405, distance=2614, color='orange'), ShootingResult(nth=10, score=9.1, time=9.4, pointX=0.501496, pointY=0.407652, distance=2610, color='red')]",10,"[0.504125, 0.402526]",0.046102868829927736,"[0.033921749584742825, 0.041639526148240444]",0.017982757061826983,입문
20250111-268389d9-ffc5-4b97-bdcf-78d565852ccb,"[ShootingResult(nth=1, score=10.3, time=4.4, pointX=0.506139, pointY=0.534554, distance=2624, color='red'), ShootingResult(nth=2, score=9.0, time=5.9, pointX=0.485477, pointY=0.403462, distance=2622, color='red'), ShootingResult(nth=3, score=9.2, time=6.2, pointX=0.466158, pointY=0.417304, distance=2619, color='red'), ShootingResult(nth=4, score=10.1, time=4.7, pointX=0.46325, pointY=0.473566, distance=2615, color='red'), ShootingResult(nth=5, score=8.4, time=5.1, pointX=0.465523, pointY=0.374857, distance=2621, color='orange'), ShootingResult(nth=6, score=10.6, time=6.2, pointX=0.524658, pointY=0.497118, distance=2627, color='red'), ShootingResult(nth=7, score=9.5, time=6.1, pointX=0.511126, pointY=0.425719, distance=2618, color='red'), ShootingResult(nth=8, score=10.0, time=5.3, pointX=0.467252, pointY=0.463401, distance=2622, color='red'), ShootingResult(nth=9, score=9.4, time=6.4, pointX=0.490729, pointY=0.419959, distance=2623, color='red'), ShootingResult(nth=10, score=10.3, time=6.9, pointX=0.484829, pointY=0.464525, distance=2619, color='red')]",10,"[0.485153, 0.44456]",0.0444509111102493,"[0.020578541933042763, 0.045413118094334806]",0.021644581724118022,입문
20250111-02fa1054-c7f2-49a0-b7fc-92c6d390050b,"[ShootingResult(nth=1, score=7.1, time=4.3, pointX=0.471892, pointY=0.696856, distance=2594, color='orange'), ShootingResult(nth=2, score=10.1, time=4.7, pointX=0.4801, pointY=0.538593, distance=2591, color='red'), ShootingResult(nth=3, score=8.9, time=4.8, pointX=0.398018, pointY=0.499516, distance=2598, color='orange'), ShootingResult(nth=4, score=8.1, time=5.2, pointX=0.357434, pointY=0.50389, distance=2595, color='orange'), ShootingResult(nth=5, score=9.7, time=5.5, pointX=0.438118, pointY=0.495092, distance=2596, color='red'), ShootingResult(nth=6, score=9.5, time=6.3, pointX=0.441634, pointY=0.54137, distance=2595, color='red'), ShootingResult(nth=7, score=8.2, time=5.3, pointX=0.384395, pointY=0.423988, distance=2598, color='orange'), ShootingResult(nth=8, score=9.4, time=6.1, pointX=0.580089, pointY=0.509344, distance=2594, color='red'), ShootingResult(nth=9, score=10.5, time=7.6, pointX=0.475169, pointY=0.516045, distance=2596, color='red'), ShootingResult(nth=10, score=9.7, time=5.3, pointX=0.491604, pointY=0.562553, distance=2596, color='red')]",10,"[0.45676300000000003, 0.5126945]",0.07550174186987194,"[0.06035272837751414, 0.06616419463584516]",0.024503795495873407,입문
20250111-7ff9f01f-47d9-449a-9ccc-a2796b427c79,"[ShootingResult(nth=1, score=9.8, time=1.8, pointX=0.559619, pointY=0.501907, distance=2622, color='red'), ShootingResult(nth=2, score=10.1, time=8.1, pointX=0.4809, pointY=0.461975, distance=2618, color='red'), ShootingResult(nth=3, score=7.9, time=6.5, pointX=0.464837, pointY=0.351365, distance=2620, color='orange'), ShootingResult(nth=4, score=10.1, time=11.0, pointX=0.45443, pointY=0.496712, distance=2617, color='red'), ShootingResult(nth=5, score=8.9, time=8.2, pointX=0.526626, pointY=0.399675, distance=2623, color='orange'), ShootingResult(nth=6, score=10.9, time=10.2, pointX=0.506188, pointY=0.507498, distance=2621, color='red'), ShootingResult(nth=7, score=10.4, time=9.6, pointX=0.530931, pointY=0.486946, distance=2626, color='red'), ShootingResult(nth=8, score=8.9, time=7.9, pointX=0.536668, pointY=0.400233, distance=2619, color='orange'), ShootingResult(nth=9, score=9.6, time=12.1, pointX=0.525696, pointY=0.437531, distance=2620, color='red'), ShootingResult(nth=10, score=10.9, time=8.3, pointX=0.506025, pointY=0.496798, distance=2617, color='red')]",10,"[0.515942, 0.4744605]",0.05566827622688599,"[0.031831520912454066, 0.051584267060800625]",0.02346881868522667,입문
20250111-1ead15ff-335f-40b4-a702-417a5f10a981,"[ShootingResult(nth=1, score=9.7, time=4.6, pointX=0.517249, pointY=0.559565, distance=2597, color='red'), ShootingResult(nth=2, score=8.8, time=5.7, pointX=0.605355, pointY=0.527168, distance=2599, color='orange'), ShootingResult(nth=3, score=10.9, time=5.3, pointX=0.511075, pointY=0.491166, distance=2597, color='red'), ShootingResult(nth=4, score=9.0, time=10.4, pointX=0.4026, pointY=0.504152, distance=2594, color='red'), ShootingResult(nth=5, score=10.0, time=6.4, pointX=0.452527, pointY=0.508824, distance=2595, color='red'), ShootingResult(nth=6, score=9.8, time=7.2, pointX=0.482292, pointY=0.55515, distance=2590, color='red'), ShootingResult(nth=7, score=9.3, time=6.3, pointX=0.582855, pointY=0.509144, distance=2597, color='red'), ShootingResult(nth=8, score=10.9, time=5.7, pointX=0.485882, pointY=0.495839, distance=2598, color='red'), ShootingResult(nth=9, score=4.2, time=5.3, pointX=0.165266, pointY=0.406433, distance=2598, color='green'), ShootingResult(nth=10, score=8.4, time=9.0, pointX=0.386868, pointY=0.559526, distance=2598, color='orange')]",10,"[0.484087, 0.5089840000000001]",0.09313526123611718,"[0.11782823009656897, 0.04304843841314107]",0.005446272239321162,입문
20250111-047529f4-ce81-46a9-b900-f5969a89671d,"[ShootingResult(nth=1, score=7.6, time=7.3, pointX=0.453488, pointY=0.334391, distance=2577, color='orange'), ShootingResult(nth=2, score=0.0, time=10.6, pointX=0.24372, pointY=0.0116123, distance=2576, color='blue'), ShootingResult(nth=3, score=6.9, time=7.5, pointX=0.386755, pointY=0.326165, distance=2576, color='green'), ShootingResult(nth=4, score=8.4, time=5.5, pointX=0.588013, pointY=0.402903, distance=2575, color='orange'), ShootingResult(nth=5, score=6.4, time=5.4, pointX=0.39592, pointY=0.293372, distance=2579, color='green'), ShootingResult(nth=6, score=9.8, time=5.0, pointX=0.551152, pointY=0.472891, distance=2577, color='red'), ShootingResult(nth=7, score=8.4, time=5.4, pointX=0.409476, pointY=0.409945, distance=2579, color='orange'), ShootingResult(nth=8, score=7.4, time=6.1, pointX=0.368913, pointY=0.374906, distance=2576, color='orange'), ShootingResult(nth=9, score=8.3, time=8.0, pointX=0.440158, pointY=0.380036, distance=2578, color='orange'), ShootingResult(nth=10, score=7.7, time=7.0, pointX=0.379119, pointY=0.389746, distance=2576, color='orange')]",10,"[0.402698, 0.377471]",0.10983179978753792,"[0.09169551664743483, 0.11918010601495578]",-0.001269016744111312,입문
20250111-6b9a46c0-98a7-4e53-a1c3-036446f1b2a2,"[ShootingResult(nth=1, score=10.0, time=7.6, pointX=0.545281, pointY=0.480615, distance=2557, color='red'), ShootingResult(nth=2, score=10.9, time=10.1, pointX=0.501723, pointY=0.487862, distance=2558, color='red'), ShootingResult(nth=3, score=10.7, time=9.6, pointX=0.521061, pointY=0.503126, distance=2556, color='red'), ShootingResult(nth=4, score=7.9, time=7.3, pointX=0.59298, pointY=0.375845, distance=2557, color='orange'), ShootingResult(nth=5, score=8.8, time=6.3, pointX=0.520791, pointY=0.392736, distance=2557, color='orange'), ShootingResult(nth=6, score=9.2, time=8.4, pointX=0.56179, pointY=0.566639, distance=2556, color='red'), ShootingResult(nth=7, score=9.2, time=8.4, pointX=0.547906, pointY=0.427601, distance=2559, color='red'), ShootingResult(nth=8, score=9.1, time=6.3, pointX=0.415311, pointY=0.458771, distance=2562, color='red'), ShootingResult(nth=9, score=8.4, time=7.0, pointX=0.607556, pointY=0.42794, distance=2563, color='orange'), ShootingResult(nth=10, score=7.8, time=8.7, pointX=0.627341, pointY=0.403459, distance=2558, color='orange')]",10,"[0.5465935, 0.4433555]",0.07293624177178391,"[0.05755889662424047, 0.05544982833733573]",0.038925219221618144,입문
20250111-dd2823ba-c174-47c6-b414-db746c6b24a8,"[ShootingResult(nth=1, score=8.2, time=3.8, pointX=0.379557, pointY=0.426903, distance=2577, color='orange'), ShootingResult(nth=2, score=10.3, time=7.2, pointX=0.53193, pointY=0.480387, distance=2580, color='red'), ShootingResult(nth=3, score=9.3, time=7.1, pointX=0.429142, pointY=0.542424, distance=2578, color='red'), ShootingResult(nth=4, score=9.9, time=6.2, pointX=0.447904, pointY=0.483208, distance=2581, color='red'), ShootingResult(nth=5, score=9.3, time=5.8, pointX=0.415078, pointY=0.501438, distance=2581, color='red'), ShootingResult(nth=6, score=8.4, time=7.4, pointX=0.615385, pointY=0.440294, distance=2581, color='orange'), ShootingResult(nth=7, score=7.4, time=7.8, pointX=0.453428, pointY=0.323319, distance=2576, color='orange'), ShootingResult(nth=8, score=10.0, time=7.6, pointX=0.472526, pointY=0.462168, distance=2577, color='red'), ShootingResult(nth=9, score=8.8, time=5.9, pointX=0.393538, pointY=0.501625, distance=2584, color='orange'), ShootingResult(nth=10, score=10.1, time=10.8, pointX=0.460454, pointY=0.516801, distance=2575, color='red')]",10,"[0.450666, 0.4817975]",0.0733758957468222,"[0.06597226562851999, 0.05828972067191607]",0.02194132691027534,입문
20250111-f90b5a83-9874-4db0-a8e1-de51192f5245,"[ShootingResult(nth=1, score=7.3, time=7.2, pointX=0.505261, pointY=0.314051, distance=2558, color='orange'), ShootingResult(nth=2, score=10.0, time=7.6, pointX=0.545461, pointY=0.485277, distance=2558, color='red'), ShootingResult(nth=3, score=9.3, time=9.5, pointX=0.548649, pointY=0.431817, distance=2561, color='red'), ShootingResult(nth=4, score=9.6, time=8.3, pointX=0.449607, pointY=0.452309, distance=2552, color='red'), ShootingResult(nth=5, score=8.9, time=9.8, pointX=0.602885, pointY=0.515482, distance=2557, color='orange'), ShootingResult(nth=6, score=10.2, time=7.9, pointX=0.501516, pointY=0.457956, distance=2558, color='red'), ShootingResult(nth=7, score=10.2, time=7.4, pointX=0.540329, pointY=0.512806, distance=2556, color='red'), ShootingResult(nth=8, score=8.7, time=11.6, pointX=0.594379, pointY=0.432629, distance=2559, color='orange'), ShootingResult(nth=9, score=6.7, time=6.9, pointX=0.489409, pointY=0.284065, distance=2558, color='green'), ShootingResult(nth=10, score=9.2, time=9.1, pointX=0.577264, pointY=0.457906, distance=2561, color='red')]",10,"[0.5428949999999999, 0.4551075]",0.0747803374365399,"[0.04649562868915745, 0.07337077321222667]",0.025428297761089527,입문
20250111-97d84ded-1864-4541-a359-a9201d9da714,"[ShootingResult(nth=1, score=9.0, time=4.5, pointX=0.599138, pointY=0.508451, distance=2580, color='red'), ShootingResult(nth=2, score=10.9, time=7.7, pointX=0.491477, pointY=0.495456, distance=2580, color='red'), ShootingResult(nth=3, score=10.0, time=6.8, pointX=0.546099, pointY=0.486694, distance=2581, color='red'), ShootingResult(nth=4, score=9.1, time=6.0, pointX=0.458645, pointY=0.583802, distance=2577, color='red'), ShootingResult(nth=5, score=8.0, time=6.8, pointX=0.51101, pointY=0.348758, distance=2581, color='orange'), ShootingResult(nth=6, score=10.1, time=8.1, pointX=0.501473, pointY=0.453994, distance=2582, color='red'), ShootingResult(nth=7, score=10.4, time=7.0, pointX=0.475356, pointY=0.479689, distance=2588, color='red'), ShootingResult(nth=8, score=8.6, time=6.1, pointX=0.475044, pointY=0.382213, distance=2580, color='orange'), ShootingResult(nth=9, score=10.5, time=8.8, pointX=0.526253, pointY=0.51005, distance=2577, color='red'), ShootingResult(nth=10, score=8.8, time=22.2, pointX=0.415003, pointY=0.42953, distance=2580, color='orange')]",10,"[0.496475, 0.4831915]",0.07033354922101771,"[0.04796200758683896, 0.06427169399517955]",0.028723305739097572,입문
20250111-f9f3f073-b3ba-4090-81f7-6fa237930e55,"[ShootingResult(nth=1, score=9.8, time=4.5, pointX=0.558004, pointY=0.489486, distance=2555, color='red'), ShootingResult(nth=2, score=8.0, time=6.0, pointX=0.560375, pointY=0.362479, distance=2556, color='orange'), ShootingResult(nth=3, score=7.6, time=5.1, pointX=0.489687, pointY=0.331082, distance=2555, color='orange'), ShootingResult(nth=4, score=9.3, time=5.1, pointX=0.547668, pointY=0.432504, distance=2555, color='red'), ShootingResult(nth=5, score=7.8, time=6.0, pointX=0.565249, pointY=0.352501, distance=2559, color='orange'), ShootingResult(nth=6, score=8.5, time=6.5, pointX=0.620481, pointY=0.479925, distance=2559, color='orange'), ShootingResult(nth=7, score=9.9, time=8.0, pointX=0.520443, pointY=0.449676, distance=2555, color='red'), ShootingResult(nth=8, score=9.7, time=5.4, pointX=0.520281, pointY=0.440121, distance=2555, color='red'), ShootingResult(nth=9, score=8.8, time=11.7, pointX=0.470313, pointY=0.393487, distance=2554, color='orange'), ShootingResult(nth=10, score=9.5, time=5.8, pointX=0.571331, pointY=0.489328, distance=2554, color='red')]",10,"[0.552836, 0.4363125]",0.06389373312775601,"[0.041226948120859, 0.05576673800833253]",0.03165079084189919,입문
20250111-2d30bd8b-324d-4877-8af1-49aca4d00a8a,"[ShootingResult(nth=1, score=10.1, time=7.4, pointX=0.545122, pointY=0.507036, distance=2555, color='red'), ShootingResult(nth=2, score=9.6, time=4.5, pointX=0.501209, pointY=0.432572, distance=2555, color='red'), ShootingResult(nth=3, score=8.0, time=4.5, pointX=0.536017, pointY=0.355985, distance=2559, color='orange'), ShootingResult(nth=4, score=8.7, time=4.4, pointX=0.47548, pointY=0.387612, distance=2551, color='orange'), ShootingResult(nth=5, score=8.6, time=5.6, pointX=0.550696, pointY=0.393309, distance=2553, color='orange'), ShootingResult(nth=6, score=10.5, time=5.3, pointX=0.485937, pointY=0.47247, distance=2561, color='red'), ShootingResult(nth=7, score=8.9, time=9.3, pointX=0.478513, pointY=0.600797, distance=2554, color='orange'), ShootingResult(nth=8, score=7.6, time=6.7, pointX=0.510373, pointY=0.330753, distance=2552, color='orange'), ShootingResult(nth=9, score=9.4, time=5.7, pointX=0.481022, pointY=0.423506, distance=2553, color='red'), ShootingResult(nth=10, score=9.0, time=7.0, pointX=0.480657, pointY=0.402588, distance=2553, color='red')]",10,"[0.49357300000000004, 0.413047]",0.06561427459753921,"[0.027936778630328857, 0.07495120585394208]",0.015387923007574807,입문
20250111-b312d5b2-4b6c-48b0-839c-1861a63e6628,"[ShootingResult(nth=1, score=10.1, time=3.0, pointX=0.52224, pointY=0.537916, distance=2647, color='red'), ShootingResult(nth=2, score=9.0, time=3.7, pointX=0.590251, pointY=0.454201, distance=2648, color='red'), ShootingResult(nth=3, score=6.4, time=3.4, pointX=0.685741, pointY=0.638502, distance=2646, color='green'), ShootingResult(nth=4, score=2.3, time=5.5, pointX=0.933152, pointY=0.58761, distance=2651, color='blue'), ShootingResult(nth=5, score=6.5, time=6.5, pointX=0.726373, pointY=0.522169, distance=2651, color='green'), ShootingResult(nth=6, score=10.9, time=9.6, pointX=0.508532, pointY=0.504867, distance=2656, color='red'), ShootingResult(nth=7, score=5.9, time=7.3, pointX=0.462373, pointY=0.244136, distance=2649, color='green'), ShootingResult(nth=8, score=7.3, time=7.0, pointX=0.435983, pointY=0.676672, distance=2648, color='orange'), ShootingResult(nth=9, score=8.7, time=6.3, pointX=0.614245, pointY=0.495598, distance=2649, color='orange'), ShootingResult(nth=10, score=4.8, time=12.2, pointX=0.734989, pointY=0.293667, distance=2651, color='green')]",10,"[0.602248, 0.5135179999999999]",0.16669662776691213,"[0.14439988221563754, 0.13037685260796872]",0.06300742296409988,입문
20250111-e5338f42-fb2d-4eca-ba55-d84364538257,"[ShootingResult(nth=1, score=5.1, time=3.8, pointX=0.619968, pointY=0.225418, distance=2651, color='green'), ShootingResult(nth=2, score=7.9, time=3.9, pointX=0.605854, pointY=0.382915, distance=2649, color='orange'), ShootingResult(nth=3, score=2.8, time=4.9, pointX=0.785435, pointY=0.198268, distance=2651, color='blue'), ShootingResult(nth=4, score=2.5, time=4.2, pointX=0.880229, pointY=0.709249, distance=2650, color='blue'), ShootingResult(nth=5, score=6.7, time=17.7, pointX=0.503591, pointY=0.282128, distance=2652, color='green'), ShootingResult(nth=6, score=4.4, time=4.2, pointX=0.579091, pointY=0.172243, distance=2652, color='green'), ShootingResult(nth=7, score=7.3, time=5.1, pointX=0.427021, pointY=0.326901, distance=2650, color='orange'), ShootingResult(nth=8, score=8.9, time=4.4, pointX=0.477578, pointY=0.397208, distance=2648, color='orange'), ShootingResult(nth=9, score=8.4, time=3.2, pointX=0.528918, pointY=0.372162, distance=2649, color='orange'), ShootingResult(nth=10, score=8.5, time=3.8, pointX=0.381719, pointY=0.455047, distance=2652, color='orange')]",10,"[0.5540045, 0.3495315]",0.16824148762398206,"[0.1470552148876061, 0.14803123585003944]",0.04229721047901017,입문
20250111-8949558f-62f6-4c27-ac49-31d08a9d1dd7,"[ShootingResult(nth=1, score=9.7, time=0.2, pointX=0.444176, pointY=0.477085, distance=2551, color='red'), ShootingResult(nth=2, score=9.4, time=4.6, pointX=0.511331, pointY=0.424208, distance=2556, color='red'), ShootingResult(nth=3, score=9.9, time=5.0, pointX=0.538444, pointY=0.53444, distance=2553, color='red'), ShootingResult(nth=4, score=9.7, time=6.2, pointX=0.52593, pointY=0.444773, distance=2556, color='red'), ShootingResult(nth=5, score=7.3, time=5.3, pointX=0.65001, pointY=0.39008, distance=2554, color='orange'), ShootingResult(nth=6, score=8.7, time=8.4, pointX=0.600632, pointY=0.448124, distance=2554, color='orange'), ShootingResult(nth=7, score=9.9, time=4.6, pointX=0.542099, pointY=0.529308, distance=2559, color='red'), ShootingResult(nth=8, score=8.5, time=10.5, pointX=0.490851, pointY=0.376233, distance=2555, color='orange'), ShootingResult(nth=9, score=9.2, time=6.6, pointX=0.501375, pointY=0.412399, distance=2556, color='red'), ShootingResult(nth=10, score=10.3, time=5.8, pointX=0.531029, pointY=0.478852, distance=2557, color='red')]",10,"[0.5284795, 0.4464485]",0.06551829030358473,"[0.054372970906600274, 0.05109183540606073]",0.02910029617712035,입문
20250111-0e59c25a-85af-4138-adc5-f0dd4b2acb8f,"[ShootingResult(nth=1, score=10.9, time=1.7, pointX=0.502593, pointY=0.512517, distance=2576, color='red'), ShootingResult(nth=2, score=8.1, time=5.8, pointX=0.641221, pointY=0.458748, distance=2575, color='orange'), ShootingResult(nth=3, score=8.8, time=8.7, pointX=0.43179, pointY=0.411882, distance=2570, color='orange'), ShootingResult(nth=4, score=9.0, time=9.7, pointX=0.402873, pointY=0.492453, distance=2570, color='red'), ShootingResult(nth=5, score=5.1, time=7.4, pointX=0.564772, pointY=0.207052, distance=2578, color='green'), ShootingResult(nth=6, score=9.6, time=7.6, pointX=0.560133, pointY=0.463996, distance=2574, color='red'), ShootingResult(nth=7, score=9.6, time=5.3, pointX=0.434457, pointY=0.510169, distance=2579, color='red'), ShootingResult(nth=8, score=10.5, time=4.4, pointX=0.496229, pointY=0.470546, distance=2578, color='red'), ShootingResult(nth=9, score=10.9, time=4.4, pointX=0.502442, pointY=0.494819, distance=2576, color='red'), ShootingResult(nth=10, score=7.3, time=4.5, pointX=0.68339, pointY=0.538686, distance=2577, color='orange')]",10,"[0.5025175, 0.48149949999999997]",0.10021966271126219,"[0.08657950227738667, 0.08944588606392134]",0.01973625117856903,입문
20250111-45a649a0-4732-42bd-8aa8-de7f494e442a,"[ShootingResult(nth=1, score=10.9, time=3.1, pointX=0.502332, pointY=0.511614, distance=2581, color='red'), ShootingResult(nth=2, score=10.9, time=5.5, pointX=0.492822, pointY=0.48714, distance=2577, color='red'), ShootingResult(nth=3, score=10.9, time=6.4, pointX=0.490867, pointY=0.506163, distance=2571, color='red'), ShootingResult(nth=4, score=9.7, time=8.1, pointX=0.481474, pointY=0.440597, distance=2575, color='red'), ShootingResult(nth=5, score=9.8, time=7.1, pointX=0.54375, pointY=0.462355, distance=2576, color='red'), ShootingResult(nth=6, score=9.0, time=5.8, pointX=0.482776, pointY=0.595792, distance=2572, color='red'), ShootingResult(nth=7, score=9.6, time=6.8, pointX=0.453955, pointY=0.453213, distance=2575, color='red'), ShootingResult(nth=8, score=10.4, time=7.8, pointX=0.531165, pointY=0.509742, distance=2578, color='red'), ShootingResult(nth=9, score=9.5, time=6.9, pointX=0.429017, pointY=0.496377, distance=2575, color='red'), ShootingResult(nth=10, score=10.4, time=6.3, pointX=0.491344, pointY=0.469091, distance=2577, color='red')]",10,"[0.4911055, 0.4917585]",0.04412430982092741,"[0.031447165251577126, 0.04153478169004864]",0.016365626434880282,입문
20250111-79244d66-fa2f-4787-bacc-64d049dd3b0f,"[ShootingResult(nth=1, score=9.2, time=4.9, pointX=0.560324, pointY=0.438174, distance=2556, color='red'), ShootingResult(nth=2, score=9.8, time=7.0, pointX=0.445676, pointY=0.515811, distance=2557, color='red'), ShootingResult(nth=3, score=10.9, time=5.5, pointX=0.49672, pointY=0.497507, distance=2554, color='red'), ShootingResult(nth=4, score=9.8, time=6.3, pointX=0.452642, pointY=0.471747, distance=2558, color='red'), ShootingResult(nth=5, score=9.9, time=4.7, pointX=0.537794, pointY=0.465736, distance=2561, color='red'), ShootingResult(nth=6, score=7.2, time=5.7, pointX=0.384613, pointY=0.349261, distance=2553, color='orange'), ShootingResult(nth=7, score=6.9, time=7.0, pointX=0.429393, pointY=0.306368, distance=2559, color='green'), ShootingResult(nth=8, score=9.7, time=6.5, pointX=0.520535, pointY=0.439938, distance=2556, color='red'), ShootingResult(nth=9, score=9.4, time=7.0, pointX=0.525165, pointY=0.425576, distance=2556, color='red'), ShootingResult(nth=10, score=7.8, time=5.8, pointX=0.505572, pointY=0.33916, distance=2558, color='orange')]",10,"[0.501146, 0.439056]",0.0761235270829237,"[0.05258653113526315, 0.06702539622232756]",0.0325720492428391,입문
20250111-96ca044b-fb93-4349-8413-84886945a287,"[ShootingResult(nth=1, score=9.8, time=5.0, pointX=0.49189, pointY=0.556062, distance=2574, color='red'), ShootingResult(nth=2, score=10.9, time=4.5, pointX=0.512069, pointY=0.510621, distance=2577, color='red'), ShootingResult(nth=3, score=9.3, time=3.6, pointX=0.557229, pointY=0.438711, distance=2577, color='red'), ShootingResult(nth=4, score=10.3, time=3.5, pointX=0.46424, pointY=0.495308, distance=2574, color='red'), ShootingResult(nth=5, score=9.4, time=4.7, pointX=0.457216, pointY=0.432788, distance=2576, color='red'), ShootingResult(nth=6, score=9.2, time=3.3, pointX=0.420079, pointY=0.460522, distance=2576, color='red'), ShootingResult(nth=7, score=8.9, time=3.1, pointX=0.555539, pointY=0.410062, distance=2574, color='orange'), ShootingResult(nth=8, score=9.4, time=9.3, pointX=0.556965, pointY=0.44371, distance=2575, color='red'), ShootingResult(nth=9, score=9.4, time=4.5, pointX=0.440426, pointY=0.552818, distance=2576, color='red'), ShootingResult(nth=10, score=8.7, time=3.9, pointX=0.605362, pointY=0.539897, distance=2578, color='orange')]",10,"[0.5019795, 0.477915]",0.07383024475874964,"[0.05795750774705551, 0.051190759004824296]",0.04967886068633835,입문
20250111-d60e3836-4678-494b-91cf-135574e1799e,"[ShootingResult(nth=1, score=7.7, time=3.8, pointX=0.33895, pointY=0.466212, distance=2574, color='orange'), ShootingResult(nth=2, score=7.1, time=7.1, pointX=0.347072, pointY=0.373754, distance=2579, color='orange'), ShootingResult(nth=3, score=8.7, time=6.0, pointX=0.387848, pointY=0.470098, distance=2577, color='orange'), ShootingResult(nth=4, score=8.8, time=9.4, pointX=0.469536, pointY=0.392905, distance=2575, color='orange'), ShootingResult(nth=5, score=8.4, time=7.3, pointX=0.421153, pointY=0.397474, distance=2574, color='orange'), ShootingResult(nth=6, score=8.3, time=5.8, pointX=0.367495, pointY=0.479687, distance=2578, color='orange'), ShootingResult(nth=7, score=8.1, time=5.7, pointX=0.623394, pointY=0.419398, distance=2577, color='orange'), ShootingResult(nth=8, score=8.0, time=6.3, pointX=0.355036, pointY=0.465597, distance=2576, color='orange'), ShootingResult(nth=9, score=8.7, time=7.1, pointX=0.597422, pointY=0.554575, distance=2572, color='orange'), ShootingResult(nth=10, score=8.5, time=6.6, pointX=0.591686, pointY=0.418491, distance=2572, color='orange')]",10,"[0.40450050000000004, 0.4424975]",0.10603076273568057,"[0.10756478005536943, 0.051094823617368536]",0.03527357020524015,입문
20250111-06495190-0e76-45c0-8e9d-ef4dbf30e51f,"[ShootingResult(nth=1, score=9.6, time=5.3, pointX=0.436051, pointY=0.476901, distance=2562, color='red'), ShootingResult(nth=2, score=9.2, time=7.5, pointX=0.58373, pointY=0.475781, distance=2557, color='red'), ShootingResult(nth=3, score=10.5, time=6.6, pointX=0.50724, pointY=0.471708, distance=2561, color='red'), ShootingResult(nth=4, score=9.8, time=7.4, pointX=0.459787, pointY=0.456593, distance=2557, color='red'), ShootingResult(nth=5, score=9.1, time=7.0, pointX=0.590849, pointY=0.470497, distance=2557, color='red'), ShootingResult(nth=6, score=9.8, time=7.1, pointX=0.512327, pointY=0.555732, distance=2562, color='red'), ShootingResult(nth=7, score=8.8, time=7.2, pointX=0.438726, pointY=0.411976, distance=2555, color='orange'), ShootingResult(nth=8, score=8.3, time=5.5, pointX=0.461092, pointY=0.373648, distance=2559, color='orange'), ShootingResult(nth=9, score=9.0, time=6.8, pointX=0.535901, pointY=0.408605, distance=2558, color='red'), ShootingResult(nth=10, score=7.6, time=8.6, pointX=0.421091, pointY=0.349348, distance=2558, color='orange')]",10,"[0.484166, 0.463545]",0.07708418287444443,"[0.058030979638810154, 0.056903482200037644]",0.04369020042731471,입문
20250112-d7213a94-0c40-48b1-a14a-c8eefa45a99a,"[ShootingResult(nth=1, score=7.0, time=46.7, pointX=0.381314, pointY=0.610558, distance=0, color='orange'), ShootingResult(nth=2, score=8.0, time=25.4, pointX=0.630067, pointY=0.552534, distance=0, color='orange'), ShootingResult(nth=3, score=10.0, time=58.9, pointX=0.487001, pointY=0.507267, distance=0, color='red'), ShootingResult(nth=4, score=8.0, time=44.2, pointX=0.498457, pointY=0.624741, distance=0, color='orange'), ShootingResult(nth=5, score=0.0, time=0.0, pointX=0.0, pointY=0.0, distance=0, color='blue'), ShootingResult(nth=6, score=8.0, time=61.4, pointX=0.368348, pointY=0.51517, distance=0, color='orange'), ShootingResult(nth=7, score=10.0, time=91.3, pointX=0.510269, pointY=0.472867, distance=0, color='red'), ShootingResult(nth=8, score=6.0, time=40.3, pointX=0.659309, pointY=0.652573, distance=0, color='green'), ShootingResult(nth=9, score=9.0, time=84.7, pointX=0.508378, pointY=0.595285, distance=0, color='red'), ShootingResult(nth=10, score=9.0, time=50.8, pointX=0.439819, pointY=0.56213, distance=0, color='red')]",10,"[0.492729, 0.5573319999999999]",0.16265145191412028,"[0.173479485583051, 0.17802050706884867]",-0.03637388351212287,입문
20250112-266fac07-b538-4900-a092-1b949ba1ead2,"[ShootingResult(nth=1, score=9.0, time=39.7, pointX=0.411858, pointY=0.466334, distance=0, color='red'), ShootingResult(nth=2, score=7.0, time=57.9, pointX=0.433239, pointY=0.655665, distance=0, color='orange'), ShootingResult(nth=3, score=6.0, time=63.9, pointX=0.362295, pointY=0.700295, distance=0, color='green'), ShootingResult(nth=4, score=9.0, time=96.2, pointX=0.444586, pointY=0.432171, distance=0, color='red'), ShootingResult(nth=5, score=8.0, time=52.3, pointX=0.550512, pointY=0.630461, distance=0, color='orange'), ShootingResult(nth=6, score=9.0, time=50.9, pointX=0.480271, pointY=0.555102, distance=0, color='red'), ShootingResult(nth=7, score=7.0, time=44.4, pointX=0.342836, pointY=0.544501, distance=0, color='orange'), ShootingResult(nth=8, score=6.0, time=22.4, pointX=0.371716, pointY=0.673089, distance=0, color='green'), ShootingResult(nth=9, score=9.0, time=23.3, pointX=0.576175, pointY=0.566652, distance=0, color='red'), ShootingResult(nth=10, score=7.0, time=22.5, pointX=0.531053, pointY=0.686467, distance=0, color='orange')]",10,"[0.4389125, 0.5985565]",0.11411188776816154,"[0.07783083078632787, 0.08851470994704778]",0.08155163601412087,입문
20250112-02afd78d-3cdf-4aba-bf02-bf15a25cb3e4,"[ShootingResult(nth=1, score=8.7, time=58.5, pointX=0.46693, pointY=0.389988, distance=0, color='orange'), ShootingResult(nth=2, score=6.1, time=35.2, pointX=0.725814, pointY=0.596124, distance=0, color='green'), ShootingResult(nth=3, score=9.2, time=22.2, pointX=0.578796, pointY=0.54274, distance=0, color='red'), ShootingResult(nth=4, score=7.5, time=22.6, pointX=0.335945, pointY=0.438498, distance=0, color='orange'), ShootingResult(nth=5, score=9.7, time=33.9, pointX=0.4389, pointY=0.51484, distance=0, color='red'), ShootingResult(nth=6, score=8.3, time=15.3, pointX=0.368566, pointY=0.514228, distance=0, color='orange'), ShootingResult(nth=7, score=7.8, time=19.0, pointX=0.381559, pointY=0.60968, distance=0, color='orange'), ShootingResult(nth=8, score=7.1, time=20.6, pointX=0.33875, pointY=0.389605, distance=0, color='orange'), ShootingResult(nth=9, score=7.5, time=23.1, pointX=0.465427, pointY=0.671649, distance=0, color='orange'), ShootingResult(nth=10, score=8.9, time=37.3, pointX=0.513713, pointY=0.600415, distance=0, color='orange')]",10,"[0.4521635, 0.52879]",0.13248950216483893,"[0.11522195197617509, 0.09163390307637236]",0.06760877270328661,입문
20250113-dcdbbfd4-2f07-4b2c-95bc-74720ce92d8a,"[ShootingResult(nth=1, score=8.9, time=9.7, pointX=0.483003, pointY=0.396037, distance=2649, color='orange'), ShootingResult(nth=2, score=6.9, time=5.7, pointX=0.703651, pointY=0.460086, distance=2651, color='green'), ShootingResult(nth=3, score=0.0, time=0.0, pointX=0.0, pointY=0.0, distance=0, color='gray'), ShootingResult(nth=4, score=0.0, time=0.0, pointX=0.0, pointY=0.0, distance=0, color='gray'), ShootingResult(nth=5, score=9.3, time=5.9, pointX=0.55117, pointY=0.43292, distance=2649, color='red'), ShootingResult(nth=6, score=7.9, time=4.0, pointX=0.657662, pointY=0.495677, distance=2647, color='orange'), ShootingResult(nth=7, score=9.4, time=2.2, pointX=0.566734, pointY=0.463547, distance=2647, color='red'), ShootingResult(nth=8, score=9.6, time=2.8, pointX=0.512996, pointY=0.568585, distance=2650, color='red'), ShootingResult(nth=9, score=0.0, time=0.0, pointX=0.0, pointY=0.0, distance=0, color='gray'), ShootingResult(nth=10, score=0.0, time=0.0, pointX=0.0, pointY=0.0, distance=0, color='gray')]",10,"[0.49799950000000004, 0.41447849999999997]",0.33007718634528266,"[0.2900627520141805, 0.23373896806857003]",0.06531877709737693,입문
20250113-504666df-189f-4d8f-b750-2697f3f40afa,"[ShootingResult(nth=1, score=8.3, time=1.3, pointX=0.604821, pointY=0.417468, distance=2622, color='orange'), ShootingResult(nth=2, score=10.2, time=8.2, pointX=0.4592, pointY=0.496916, distance=2624, color='red'), ShootingResult(nth=3, score=10.8, time=11.0, pointX=0.485475, pointY=0.486618, distance=2632, color='red'), ShootingResult(nth=4, score=10.5, time=9.3, pointX=0.521564, pointY=0.517721, distance=2628, color='red'), ShootingResult(nth=5, score=10.2, time=8.5, pointX=0.4592, pointY=0.496916, distance=2629, color='red'), ShootingResult(nth=6, score=9.0, time=6.8, pointX=0.531956, pointY=0.405051, distance=2629, color='red'), ShootingResult(nth=7, score=9.0, time=6.7, pointX=0.593793, pointY=0.524288, distance=2632, color='red'), ShootingResult(nth=8, score=10.9, time=7.1, pointX=0.490777, pointY=0.497061, distance=2630, color='red'), ShootingResult(nth=9, score=8.8, time=7.7, pointX=0.428527, pointY=0.419583, distance=2629, color='orange'), ShootingResult(nth=10, score=10.3, time=8.5, pointX=0.536574, pointY=0.4972, distance=2637, color='red')]",10,"[0.5061705000000001, 0.496916]",0.06121999739699977,"[0.05485458723215408, 0.04194707771418647]",0.02264153110346573,입문
20250113-f43a5101-e604-497d-9946-2af9c7455f6f,"[ShootingResult(nth=1, score=9.4, time=4.5, pointX=0.562985, pointY=0.5466, distance=2577, color='red'), ShootingResult(nth=2, score=9.7, time=11.5, pointX=0.563031, pointY=0.486587, distance=2583, color='red'), ShootingResult(nth=3, score=7.8, time=9.2, pointX=0.500538, pointY=0.337849, distance=2574, color='orange'), ShootingResult(nth=4, score=9.0, time=9.3, pointX=0.592357, pointY=0.472253, distance=2574, color='red'), ShootingResult(nth=5, score=6.2, time=6.4, pointX=0.359336, pointY=0.300431, distance=2576, color='green'), ShootingResult(nth=6, score=8.2, time=6.3, pointX=0.362999, pointY=0.479168, distance=2572, color='orange'), ShootingResult(nth=7, score=8.7, time=6.5, pointX=0.536741, pointY=0.392716, distance=2581, color='orange'), ShootingResult(nth=8, score=10.5, time=8.1, pointX=0.47083, pointY=0.495448, distance=2575, color='red'), ShootingResult(nth=9, score=10.9, time=8.4, pointX=0.511394, pointY=0.500245, distance=2574, color='red'), ShootingResult(nth=10, score=10.2, time=7.3, pointX=0.497179, pointY=0.540655, distance=2571, color='red')]",10,"[0.505966, 0.48287749999999996]",0.09611713451185325,"[0.07561928789931838, 0.07923688203330567]",0.035874642097608746,입문
20250113-d622753c-8bc8-406b-a361-7fd15f9933bd,"[ShootingResult(nth=1, score=10.2, time=0.7, pointX=0.463907, pointY=0.478718, distance=2632, color='red'), ShootingResult(nth=2, score=9.1, time=5.5, pointX=0.573858, pointY=0.556952, distance=2627, color='red'), ShootingResult(nth=3, score=10.1, time=8.5, pointX=0.524283, pointY=0.534832, distance=2624, color='red'), ShootingResult(nth=4, score=10.3, time=10.7, pointX=0.465647, pointY=0.51222, distance=2631, color='red'), ShootingResult(nth=5, score=10.6, time=5.6, pointX=0.501272, pointY=0.473979, distance=2627, color='red'), ShootingResult(nth=6, score=9.7, time=6.4, pointX=0.553601, pointY=0.468795, distance=2632, color='red'), ShootingResult(nth=7, score=10.6, time=6.3, pointX=0.501272, pointY=0.473979, distance=2631, color='red'), ShootingResult(nth=8, score=9.6, time=5.2, pointX=0.566513, pointY=0.484589, distance=2627, color='red'), ShootingResult(nth=9, score=10.5, time=5.6, pointX=0.506689, pointY=0.469643, distance=2626, color='red'), ShootingResult(nth=10, score=8.7, time=6.7, pointX=0.506666, pointY=0.38654, distance=2629, color='orange')]",10,"[0.5066774999999999, 0.47634849999999995]",0.047958734917012906,"[0.03638259363981629, 0.043436278878490504]",0.015351261858529988,입문
20250113-510e7b4d-2e51-4216-8ee8-afb64a6c0316,"[ShootingResult(nth=1, score=10.0, time=3.5, pointX=0.525714, pointY=0.461364, distance=2575, color='red'), ShootingResult(nth=2, score=10.9, time=9.0, pointX=0.516076, pointY=0.500228, distance=2573, color='red'), ShootingResult(nth=3, score=9.7, time=10.7, pointX=0.458298, pointY=0.452885, distance=2573, color='red'), ShootingResult(nth=4, score=10.7, time=9.6, pointX=0.521102, pointY=0.495356, distance=2576, color='red'), ShootingResult(nth=5, score=8.3, time=10.4, pointX=0.500807, pointY=0.367829, distance=2572, color='orange'), ShootingResult(nth=6, score=9.0, time=11.6, pointX=0.437133, pointY=0.427029, distance=2571, color='red'), ShootingResult(nth=7, score=7.4, time=5.5, pointX=0.495085, pointY=0.316939, distance=2573, color='orange'), ShootingResult(nth=8, score=9.6, time=3.8, pointX=0.548669, pointY=0.452617, distance=2575, color='red'), ShootingResult(nth=9, score=8.7, time=5.6, pointX=0.422788, pointY=0.413021, distance=2574, color='orange'), ShootingResult(nth=10, score=6.7, time=10.2, pointX=0.563399, pointY=0.294239, distance=2576, color='green')]",10,"[0.5084415, 0.43982299999999996]",0.07532973236918582,"[0.04406690407199035, 0.06722682306200406]",0.03862329471396197,입문
20250113-d9974e59-90de-44f1-af1e-80e0f5e8ccb9,"[ShootingResult(nth=1, score=9.9, time=2.6, pointX=0.54431, pointY=0.472819, distance=2631, color='red'), ShootingResult(nth=2, score=10.0, time=5.4, pointX=0.452024, pointY=0.501554, distance=2633, color='red'), ShootingResult(nth=3, score=10.6, time=7.7, pointX=0.524161, pointY=0.497116, distance=2632, color='red'), ShootingResult(nth=4, score=10.3, time=7.7, pointX=0.521677, pointY=0.470558, distance=2629, color='red'), ShootingResult(nth=5, score=9.6, time=9.3, pointX=0.466814, pointY=0.43878, distance=2634, color='red'), ShootingResult(nth=6, score=10.4, time=13.6, pointX=0.529832, pointY=0.487295, distance=2630, color='red'), ShootingResult(nth=7, score=10.1, time=9.0, pointX=0.520865, pointY=0.537556, distance=2628, color='red'), ShootingResult(nth=8, score=8.7, time=7.2, pointX=0.521555, pointY=0.38826, distance=2632, color='orange'), ShootingResult(nth=9, score=10.0, time=7.2, pointX=0.471741, pointY=0.46319, distance=2634, color='red'), ShootingResult(nth=10, score=10.9, time=7.4, pointX=0.500642, pointY=0.51327, distance=2632, color='red')]",10,"[0.52121, 0.48005699999999996]",0.04436494764986425,"[0.02953202681310579, 0.039599643707488086]",0.017304215218446148,입문
20250113-a9595724-a363-453e-bacc-76f4919bd467,"[ShootingResult(nth=1, score=10.4, time=5.5, pointX=0.480451, pointY=0.473965, distance=2573, color='red'), ShootingResult(nth=2, score=9.5, time=7.0, pointX=0.511596, pointY=0.429586, distance=2576, color='red'), ShootingResult(nth=3, score=10.9, time=7.1, pointX=0.491241, pointY=0.489881, distance=2573, color='red'), ShootingResult(nth=4, score=9.4, time=8.7, pointX=0.526304, pointY=0.425668, distance=2575, color='red'), ShootingResult(nth=5, score=9.1, time=13.5, pointX=0.456005, pointY=0.415449, distance=2574, color='red'), ShootingResult(nth=6, score=9.1, time=9.4, pointX=0.475412, pointY=0.407658, distance=2577, color='red'), ShootingResult(nth=7, score=7.9, time=7.6, pointX=0.577275, pointY=0.362462, distance=2574, color='orange'), ShootingResult(nth=8, score=10.5, time=7.0, pointX=0.522245, pointY=0.520467, distance=2575, color='red'), ShootingResult(nth=9, score=9.1, time=7.5, pointX=0.506641, pointY=0.40518, distance=2578, color='red'), ShootingResult(nth=10, score=7.1, time=8.0, pointX=0.392226, pointY=0.336366, distance=2575, color='orange')]",10,"[0.49894099999999997, 0.4205585]",0.059296239062159715,"[0.046458260846054054, 0.05316624732628776]",0.02016417644423471,입문
20250113-f06b2eee-5d06-4d90-a5fd-839dce066386,"[ShootingResult(nth=1, score=9.7, time=1.2, pointX=0.510267, pointY=0.560474, distance=2627, color='red'), ShootingResult(nth=2, score=9.9, time=5.9, pointX=0.515752, pointY=0.447387, distance=2627, color='red'), ShootingResult(nth=3, score=9.8, time=5.1, pointX=0.542465, pointY=0.539263, distance=2631, color='red'), ShootingResult(nth=4, score=10.4, time=6.7, pointX=0.534382, pointY=0.497233, distance=2632, color='red'), ShootingResult(nth=5, score=10.1, time=5.8, pointX=0.530668, pointY=0.532165, distance=2629, color='red'), ShootingResult(nth=6, score=10.1, time=10.3, pointX=0.468411, pointY=0.469678, distance=2631, color='red'), ShootingResult(nth=7, score=9.8, time=8.2, pointX=0.457988, pointY=0.463791, distance=2627, color='red'), ShootingResult(nth=8, score=9.9, time=7.7, pointX=0.541951, pointY=0.534176, distance=2629, color='red'), ShootingResult(nth=9, score=8.8, time=8.1, pointX=0.446097, pointY=0.407129, distance=2629, color='orange'), ShootingResult(nth=10, score=9.6, time=8.1, pointX=0.466345, pointY=0.442763, distance=2629, color='red')]",10,"[0.5130095, 0.4834555]",0.058050726719230075,"[0.0358048734649349, 0.048152176203054425]",0.03804657619816901,입문
20250113-4520f9b7-5f92-4495-8b59-0b7a09e16924,"[ShootingResult(nth=1, score=10.4, time=3.7, pointX=0.511422, pointY=0.468701, distance=2580, color='red'), ShootingResult(nth=2, score=8.8, time=5.7, pointX=0.394302, pointY=0.482973, distance=2580, color='orange'), ShootingResult(nth=3, score=8.8, time=5.5, pointX=0.505671, pointY=0.389385, distance=2572, color='orange'), ShootingResult(nth=4, score=9.6, time=5.5, pointX=0.471266, pointY=0.441044, distance=2575, color='red'), ShootingResult(nth=5, score=9.4, time=9.8, pointX=0.435355, pointY=0.453627, distance=2575, color='red'), ShootingResult(nth=6, score=7.8, time=8.8, pointX=0.484321, pointY=0.338363, distance=2573, color='orange'), ShootingResult(nth=7, score=9.2, time=7.5, pointX=0.447912, pointY=0.428383, distance=2573, color='red'), ShootingResult(nth=8, score=7.9, time=7.9, pointX=0.34782, pointY=0.469644, distance=2574, color='orange'), ShootingResult(nth=9, score=8.8, time=8.2, pointX=0.46989, pointY=0.393274, distance=2568, color='orange'), ShootingResult(nth=10, score=7.0, time=7.9, pointX=0.593514, pointY=0.321995, distance=2577, color='orange')]",10,"[0.470578, 0.4347135]",0.07037938847503719,"[0.06375615955976333, 0.0532457002798348]",0.023246458313314795,입문
20250113-e4bdd2ff-4141-4ffb-9895-ffad1d17bb47,"[ShootingResult(nth=1, score=10.8, time=3.4, pointX=0.481746, pointY=0.49244, distance=2629, color='red'), ShootingResult(nth=2, score=10.6, time=5.7, pointX=0.475366, pointY=0.496866, distance=2635, color='red'), ShootingResult(nth=3, score=10.9, time=7.1, pointX=0.515773, pointY=0.49689, distance=2630, color='red'), ShootingResult(nth=4, score=10.9, time=7.6, pointX=0.500456, pointY=0.485333, distance=2630, color='red'), ShootingResult(nth=5, score=9.4, time=7.2, pointX=0.54085, pointY=0.431514, distance=2630, color='red'), ShootingResult(nth=6, score=10.9, time=12.5, pointX=0.505756, pointY=0.512861, distance=2630, color='red'), ShootingResult(nth=7, score=10.9, time=15.4, pointX=0.500378, pointY=0.50733, distance=2628, color='red'), ShootingResult(nth=8, score=9.7, time=14.0, pointX=0.554506, pointY=0.528998, distance=2631, color='red'), ShootingResult(nth=9, score=9.8, time=8.5, pointX=0.540475, pointY=0.462022, distance=2634, color='red'), ShootingResult(nth=10, score=10.3, time=6.8, pointX=0.495224, pointY=0.537379, distance=2630, color='red')]",10,"[0.503106, 0.496878]",0.03295238496664664,"[0.025102363641697188, 0.029406972680131493]",0.011154815544577562,입문
20250113-d7f5e495-f56d-4fda-ba2a-af88601ac07f,"[ShootingResult(nth=1, score=10.0, time=0.1, pointX=0.506576, pointY=0.451283, distance=2570, color='red'), ShootingResult(nth=2, score=9.7, time=4.4, pointX=0.491673, pointY=0.435579, distance=2574, color='red'), ShootingResult(nth=3, score=10.7, time=3.5, pointX=0.496539, pointY=0.47694, distance=2572, color='red'), ShootingResult(nth=4, score=9.7, time=4.0, pointX=0.442137, pointY=0.473052, distance=2575, color='red'), ShootingResult(nth=5, score=8.7, time=5.7, pointX=0.45056, pointY=0.398962, distance=2576, color='orange'), ShootingResult(nth=6, score=8.8, time=3.2, pointX=0.432412, pointY=0.41199, distance=2571, color='orange'), ShootingResult(nth=7, score=8.0, time=4.6, pointX=0.506206, pointY=0.347813, distance=2575, color='orange'), ShootingResult(nth=8, score=10.4, time=6.2, pointX=0.502837, pointY=0.534756, distance=2572, color='red'), ShootingResult(nth=9, score=8.2, time=9.0, pointX=0.408351, pointY=0.393368, distance=2576, color='orange'), ShootingResult(nth=10, score=9.0, time=6.1, pointX=0.45569, pointY=0.408997, distance=2574, color='red')]",10,"[0.4736815, 0.4237845]",0.055032572436914964,"[0.033865249163264693, 0.05023246794255684]",0.02763117259537937,입문
20250113-9967f12d-feed-4316-aa09-4e54913c6ab7,"[ShootingResult(nth=1, score=10.0, time=1.2, pointX=0.54488, pointY=0.514921, distance=2633, color='red'), ShootingResult(nth=2, score=10.1, time=5.5, pointX=0.501347, pointY=0.457474, distance=2630, color='red'), ShootingResult(nth=3, score=7.5, time=4.4, pointX=0.517182, pointY=0.325502, distance=2634, color='orange'), ShootingResult(nth=4, score=10.9, time=4.8, pointX=0.495705, pointY=0.507502, distance=2631, color='red'), ShootingResult(nth=5, score=9.4, time=4.7, pointX=0.432582, pointY=0.460382, distance=2630, color='red'), ShootingResult(nth=6, score=9.8, time=6.6, pointX=0.543235, pointY=0.464411, distance=2627, color='red'), ShootingResult(nth=7, score=9.5, time=7.1, pointX=0.429718, pointY=0.488085, distance=2631, color='red'), ShootingResult(nth=8, score=9.6, time=7.2, pointX=0.529182, pointY=0.558398, distance=2633, color='red'), ShootingResult(nth=9, score=10.9, time=5.9, pointX=0.490608, pointY=0.512437, distance=2631, color='red'), ShootingResult(nth=10, score=10.5, time=9.2, pointX=0.530291, pointY=0.506746, distance=2628, color='red')]",10,"[0.5092645, 0.4974155]",0.059311991312472376,"[0.039394612080841725, 0.05912544060520817]",0.015626220761305466,입문
20250113-2852018e-cd30-46ae-a68e-a1f173cdb442,"[ShootingResult(nth=1, score=8.6, time=26.6, pointX=0.440324, pointY=0.395844, distance=5113, color='orange'), ShootingResult(nth=2, score=8.6, time=19.9, pointX=0.419244, pointY=0.412797, distance=5115, color='orange'), ShootingResult(nth=3, score=7.6, time=20.1, pointX=0.500592, pointY=0.327508, distance=5107, color='orange'), ShootingResult(nth=4, score=10.3, time=19.9, pointX=0.536603, pointY=0.494512, distance=5110, color='red'), ShootingResult(nth=5, score=9.1, time=20.2, pointX=0.451537, pointY=0.582702, distance=5115, color='red'), ShootingResult(nth=6, score=9.3, time=19.5, pointX=0.522121, pointY=0.421684, distance=5102, color='red'), ShootingResult(nth=7, score=8.5, time=20.8, pointX=0.586462, pointY=0.408355, distance=5122, color='orange'), ShootingResult(nth=8, score=9.2, time=19.1, pointX=0.522143, pointY=0.416205, distance=5126, color='red'), ShootingResult(nth=9, score=8.9, time=20.6, pointX=0.403922, pointY=0.46353, distance=5128, color='orange'), ShootingResult(nth=10, score=7.8, time=19.6, pointX=0.604102, pointY=0.374668, distance=5117, color='orange')]",10,"[0.5113565, 0.414501]",0.08338963835408679,"[0.06502177767948214, 0.06660349674341431]",0.03752517347413187,입문
20250113-136a3634-217b-4497-bbdd-8243b2fdb566,"[ShootingResult(nth=1, score=9.7, time=22.8, pointX=0.510773, pointY=0.43867, distance=5051, color='red'), ShootingResult(nth=2, score=9.8, time=16.1, pointX=0.550051, pointY=0.525489, distance=5048, color='red'), ShootingResult(nth=3, score=9.0, time=15.8, pointX=0.505635, pointY=0.403241, distance=5048, color='red'), ShootingResult(nth=4, score=9.4, time=15.8, pointX=0.425314, pointY=0.523541, distance=5059, color='red'), ShootingResult(nth=5, score=8.3, time=16.6, pointX=0.500301, pointY=0.363354, distance=5054, color='orange'), ShootingResult(nth=6, score=9.6, time=15.7, pointX=0.493086, pointY=0.565983, distance=5060, color='red'), ShootingResult(nth=7, score=9.9, time=16.5, pointX=0.458132, pointY=0.529858, distance=5052, color='red'), ShootingResult(nth=8, score=10.0, time=15.2, pointX=0.462811, pointY=0.53025, distance=5052, color='red'), ShootingResult(nth=9, score=9.6, time=15.9, pointX=0.448933, pointY=0.458609, distance=5047, color='red'), ShootingResult(nth=10, score=8.2, time=15.9, pointX=0.392142, pointY=0.589828, distance=5053, color='orange')]",10,"[0.4779485, 0.5245150000000001]",0.07644593833317963,"[0.04389082749003485, 0.06959573046107068]",0.032433961777818016,입문
20250114-ec3d356a-1cca-40ad-80a4-8e031a55fe53,"[ShootingResult(nth=1, score=9.7, time=7.6, pointX=0.437537, pointY=0.513189, distance=2604, color='red'), ShootingResult(nth=2, score=9.9, time=5.5, pointX=0.450506, pointY=0.517601, distance=2607, color='red'), ShootingResult(nth=3, score=10.9, time=6.8, pointX=0.507101, pointY=0.487574, distance=2608, color='red'), ShootingResult(nth=4, score=10.9, time=9.3, pointX=0.514749, pointY=0.499181, distance=2609, color='red'), ShootingResult(nth=5, score=10.1, time=4.4, pointX=0.499399, pointY=0.544091, distance=2605, color='red'), ShootingResult(nth=6, score=10.3, time=6.4, pointX=0.478781, pointY=0.530368, distance=2605, color='red'), ShootingResult(nth=7, score=9.8, time=5.3, pointX=0.458009, pointY=0.536633, distance=2607, color='red'), ShootingResult(nth=8, score=10.7, time=7.0, pointX=0.499209, pointY=0.521662, distance=2607, color='red'), ShootingResult(nth=9, score=10.2, time=9.3, pointX=0.45874, pointY=0.504254, distance=2609, color='red'), ShootingResult(nth=10, score=10.9, time=9.6, pointX=0.494631, pointY=0.486037, distance=2605, color='red')]",10,"[0.48670599999999997, 0.515395]",0.03108924562912837,"[0.02551711438936621, 0.018848816599457904]",0.021685651624083174,입문
20250114-ad604fdb-495a-4a4a-89b7-1e78c7912e60,"[ShootingResult(nth=1, score=10.4, time=8.2, pointX=0.524561, pointY=0.520433, distance=2642, color='red'), ShootingResult(nth=2, score=10.0, time=8.9, pointX=0.54263, pointY=0.481809, distance=2643, color='red'), ShootingResult(nth=3, score=10.5, time=9.3, pointX=0.524282, pointY=0.483689, distance=2644, color='red'), ShootingResult(nth=4, score=10.2, time=7.8, pointX=0.508448, pointY=0.458818, distance=2648, color='red'), ShootingResult(nth=5, score=10.7, time=7.4, pointX=0.48767, pointY=0.520245, distance=2642, color='red'), ShootingResult(nth=6, score=10.3, time=4.9, pointX=0.537994, pointY=0.494411, distance=2645, color='red'), ShootingResult(nth=7, score=10.7, time=4.5, pointX=0.50392, pointY=0.523285, distance=2646, color='red'), ShootingResult(nth=8, score=10.3, time=4.7, pointX=0.524753, pointY=0.525924, distance=2643, color='red'), ShootingResult(nth=9, score=10.7, time=6.2, pointX=0.478458, pointY=0.494318, distance=2646, color='red'), ShootingResult(nth=10, score=10.3, time=5.8, pointX=0.532491, pointY=0.484743, distance=2644, color='red')]",10,"[0.5244215000000001, 0.4943645]",0.028188805810942873,"[0.020237543709897204, 0.021484036800610815]",0.01560618727373233,입문
20250114-8d94ced5-39b8-4db6-bb52-407997c13e2c,"[ShootingResult(nth=1, score=9.7, time=10.2, pointX=0.471227, pointY=0.445866, distance=8296, color='red'), ShootingResult(nth=2, score=7.2, time=11.7, pointX=0.640706, pointY=0.374134, distance=8283, color='orange'), ShootingResult(nth=3, score=7.6, time=0.7, pointX=0.642229, pointY=0.404079, distance=8282, color='orange'), ShootingResult(nth=4, score=9.0, time=1.3, pointX=0.510102, pointY=0.403561, distance=8303, color='red'), ShootingResult(nth=5, score=9.8, time=1.4, pointX=0.509215, pointY=0.445503, distance=8282, color='red'), ShootingResult(nth=6, score=7.0, time=1.7, pointX=0.575721, pointY=0.310941, distance=8275, color='orange'), ShootingResult(nth=7, score=8.1, time=4.8, pointX=0.377728, pointY=0.419712, distance=8300, color='orange'), ShootingResult(nth=8, score=7.4, time=0.9, pointX=0.678627, pointY=0.461529, distance=8299, color='orange'), ShootingResult(nth=9, score=6.0, time=1.4, pointX=0.512288, pointY=0.24719, distance=8286, color='green'), ShootingResult(nth=10, score=9.6, time=1.4, pointX=0.480839, pointY=0.436613, distance=0, color='gray')]",10,"[0.5111950000000001, 0.41189549999999997]",0.09926955832628687,"[0.0884631229053101, 0.06435144130444942]",0.04249851465652573,입문
20250114-3efb2570-6b35-46a8-ab3e-bd6a60d4ffa1,"[ShootingResult(nth=1, score=9.1, time=6.7, pointX=0.514427, pointY=0.591091, distance=2629, color='red'), ShootingResult(nth=2, score=9.8, time=22.3, pointX=0.555993, pointY=0.511921, distance=2633, color='red'), ShootingResult(nth=3, score=8.9, time=37.9, pointX=0.582005, pointY=0.438925, distance=2630, color='orange'), ShootingResult(nth=4, score=9.6, time=28.5, pointX=0.56508, pointY=0.476959, distance=2632, color='red'), ShootingResult(nth=5, score=9.7, time=30.5, pointX=0.536496, pointY=0.554077, distance=2632, color='red'), ShootingResult(nth=6, score=10.9, time=26.9, pointX=0.488528, pointY=0.491996, distance=2629, color='red'), ShootingResult(nth=7, score=10.0, time=17.3, pointX=0.462763, pointY=0.471848, distance=2635, color='red'), ShootingResult(nth=8, score=9.3, time=24.8, pointX=0.532843, pointY=0.421778, distance=2635, color='red'), ShootingResult(nth=9, score=10.6, time=19.7, pointX=0.483636, pointY=0.520215, distance=2635, color='red'), ShootingResult(nth=10, score=10.5, time=24.6, pointX=0.471645, pointY=0.489977, distance=2637, color='red')]",10,"[0.523635, 0.4909865]",0.05957128707566883,"[0.03945023958913304, 0.047970832573658764]",0.04054669136384746,입문
20250114-059c12e7-4def-450e-a79d-09f7f5cbf700,"[ShootingResult(nth=1, score=8.8, time=9.8, pointX=0.600564, pointY=0.537911, distance=2630, color='orange'), ShootingResult(nth=2, score=8.6, time=34.2, pointX=0.617676, pointY=0.476698, distance=2633, color='orange'), ShootingResult(nth=3, score=8.8, time=24.3, pointX=0.604285, pointY=0.528986, distance=2629, color='orange'), ShootingResult(nth=4, score=10.3, time=24.9, pointX=0.515242, pointY=0.534231, distance=2627, color='red'), ShootingResult(nth=5, score=9.3, time=28.2, pointX=0.570618, pointY=0.454403, distance=2633, color='red'), ShootingResult(nth=6, score=9.8, time=34.8, pointX=0.556453, pointY=0.503135, distance=2629, color='red'), ShootingResult(nth=7, score=10.6, time=28.3, pointX=0.485121, pointY=0.518787, distance=2629, color='red'), ShootingResult(nth=8, score=9.8, time=21.8, pointX=0.532445, pointY=0.452059, distance=2631, color='red'), ShootingResult(nth=9, score=9.4, time=19.9, pointX=0.574054, pointY=0.524836, distance=2631, color='red'), ShootingResult(nth=10, score=10.9, time=23.6, pointX=0.488626, pointY=0.491693, distance=2631, color='red')]",10,"[0.5635355, 0.510961]",0.05157561883604965,"[0.045186337256299045, 0.03060475306043164]",0.02977273446199221,입문
20250114-87a4fa0d-df22-4686-bd1c-4daadcf3e5b9,"[ShootingResult(nth=1, score=10.3, time=12.5, pointX=0.535037, pointY=0.499051, distance=2633, color='red'), ShootingResult(nth=2, score=9.8, time=14.9, pointX=0.446374, pointY=0.481793, distance=2632, color='red'), ShootingResult(nth=3, score=10.1, time=14.1, pointX=0.543486, pointY=0.485959, distance=2631, color='red'), ShootingResult(nth=4, score=8.8, time=19.6, pointX=0.479124, pointY=0.394055, distance=2630, color='orange'), ShootingResult(nth=5, score=9.9, time=9.8, pointX=0.551969, pointY=0.494729, distance=2635, color='red'), ShootingResult(nth=6, score=9.5, time=10.0, pointX=0.489509, pointY=0.425724, distance=2632, color='red'), ShootingResult(nth=7, score=8.0, time=13.8, pointX=0.616746, pointY=0.40475, distance=2636, color='orange'), ShootingResult(nth=8, score=9.0, time=10.4, pointX=0.599439, pointY=0.485866, distance=2635, color='red'), ShootingResult(nth=9, score=10.0, time=11.3, pointX=0.48506, pointY=0.456123, distance=2630, color='red'), ShootingResult(nth=10, score=10.2, time=10.3, pointX=0.533911, pointY=0.479444, distance=2634, color='red')]",10,"[0.534474, 0.4806185]",0.054675202766868866,"[0.051239825052882465, 0.03675945115259476]",0.016949228558748315,입문
20250114-9e753688-661b-4127-b3ac-67494ba00c3b,"[ShootingResult(nth=1, score=9.2, time=7.3, pointX=0.585635, pointY=0.47318, distance=2633, color='red'), ShootingResult(nth=2, score=10.1, time=17.7, pointX=0.518854, pointY=0.46046, distance=2629, color='red'), ShootingResult(nth=3, score=10.9, time=29.8, pointX=0.509889, pointY=0.494067, distance=2630, color='red'), ShootingResult(nth=4, score=9.6, time=11.6, pointX=0.448269, pointY=0.453015, distance=2630, color='red'), ShootingResult(nth=5, score=8.7, time=17.1, pointX=0.519643, pointY=0.386358, distance=2631, color='orange'), ShootingResult(nth=6, score=8.8, time=17.0, pointX=0.566628, pointY=0.412404, distance=2629, color='orange'), ShootingResult(nth=7, score=9.8, time=14.6, pointX=0.55636, pointY=0.494758, distance=2633, color='red'), ShootingResult(nth=8, score=10.9, time=13.0, pointX=0.504841, pointY=0.493972, distance=2631, color='red'), ShootingResult(nth=9, score=10.2, time=11.2, pointX=0.533968, pointY=0.479473, distance=2635, color='red'), ShootingResult(nth=10, score=10.6, time=16.6, pointX=0.475466, pointY=0.499406, distance=2632, color='red')]",10,"[0.5192485, 0.4763265]",0.04753982959727114,"[0.03927229065906394, 0.036255025778642064]",0.02035545151421721,입문
20250114-fd5af3d2-f1fc-4af3-be43-2772fa202927,"[ShootingResult(nth=1, score=8.3, time=9.2, pointX=0.591735, pointY=0.599175, distance=2632, color='orange'), ShootingResult(nth=2, score=9.4, time=8.5, pointX=0.578201, pointY=0.498954, distance=2630, color='red'), ShootingResult(nth=3, score=10.0, time=17.5, pointX=0.547818, pointY=0.499091, distance=2631, color='red'), ShootingResult(nth=4, score=8.9, time=18.3, pointX=0.582718, pointY=0.434393, distance=2633, color='orange'), ShootingResult(nth=5, score=8.8, time=26.5, pointX=0.598565, pointY=0.453981, distance=2633, color='orange'), ShootingResult(nth=6, score=9.7, time=17.7, pointX=0.549857, pointY=0.458175, distance=2631, color='red'), ShootingResult(nth=7, score=10.5, time=12.4, pointX=0.505341, pointY=0.529804, distance=2638, color='red'), ShootingResult(nth=8, score=9.4, time=14.9, pointX=0.52865, pointY=0.426885, distance=2629, color='red'), ShootingResult(nth=9, score=8.2, time=17.7, pointX=0.48617, pointY=0.640013, distance=2631, color='orange'), ShootingResult(nth=10, score=10.9, time=10.4, pointX=0.505325, pointY=0.50435, distance=2630, color='red')]",10,"[0.5488375000000001, 0.49902250000000004]",0.06465870246954422,"[0.037981113482887775, 0.06607927856968478]",0.023914941412727708,입문
20250114-ace5b8b5-afb2-4f9b-adce-05a03155cf7b,"[ShootingResult(nth=1, score=10.2, time=9.9, pointX=0.538992, pointY=0.516464, distance=2633, color='red'), ShootingResult(nth=2, score=9.8, time=18.9, pointX=0.555836, pointY=0.51193, distance=2634, color='red'), ShootingResult(nth=3, score=10.0, time=12.0, pointX=0.547584, pointY=0.490335, distance=2631, color='red'), ShootingResult(nth=4, score=10.9, time=13.6, pointX=0.50715, pointY=0.488244, distance=2631, color='red'), ShootingResult(nth=5, score=10.1, time=13.9, pointX=0.542697, pointY=0.513272, distance=2632, color='red'), ShootingResult(nth=6, score=9.8, time=17.6, pointX=0.509287, pointY=0.445452, distance=2632, color='red'), ShootingResult(nth=7, score=10.6, time=13.3, pointX=0.515014, pointY=0.478556, distance=2633, color='red'), ShootingResult(nth=8, score=9.7, time=16.3, pointX=0.518682, pointY=0.441593, distance=2636, color='red'), ShootingResult(nth=9, score=10.9, time=16.9, pointX=0.499706, pointY=0.485098, distance=2631, color='red'), ShootingResult(nth=10, score=9.1, time=12.6, pointX=0.479291, pointY=0.408818, distance=2632, color='red')]",10,"[0.516848, 0.48667099999999996]",0.036044045743095346,"[0.022970041834746397, 0.03369511254410645]",0.014588309783458587,입문
20250114-df5281cc-09b0-44dc-9b47-6519338e7714,"[ShootingResult(nth=1, score=9.0, time=5.9, pointX=0.595696, pointY=0.489913, distance=2629, color='red'), ShootingResult(nth=2, score=8.7, time=15.8, pointX=0.5573, pointY=0.401984, distance=2634, color='orange'), ShootingResult(nth=3, score=9.7, time=15.5, pointX=0.523466, pointY=0.441214, distance=2636, color='red'), ShootingResult(nth=4, score=10.2, time=12.8, pointX=0.50446, pointY=0.459368, distance=2635, color='red'), ShootingResult(nth=5, score=10.9, time=15.1, pointX=0.484897, pointY=0.503962, distance=2630, color='red'), ShootingResult(nth=6, score=10.2, time=12.3, pointX=0.535852, pointY=0.521402, distance=2630, color='red'), ShootingResult(nth=7, score=8.7, time=11.4, pointX=0.613297, pointY=0.507294, distance=2632, color='orange'), ShootingResult(nth=8, score=8.8, time=14.6, pointX=0.509314, pointY=0.392752, distance=2633, color='orange'), ShootingResult(nth=9, score=7.8, time=14.0, pointX=0.544113, pointY=0.348385, distance=2629, color='orange'), ShootingResult(nth=10, score=9.8, time=11.6, pointX=0.442181, pointY=0.512617, distance=2633, color='red')]",10,"[0.529659, 0.4746405]",0.07062684899241543,"[0.04805333999047308, 0.05679589242093129]",0.041829096207648554,입문
20250115-dc914fa7-06e1-406b-ae2d-02b7de39689e,"[ShootingResult(nth=1, score=8.1, time=2.3, pointX=0.638218, pointY=0.452698, distance=0, color='orange'), ShootingResult(nth=2, score=6.2, time=3.8, pointX=0.743407, pointY=0.472767, distance=0, color='green'), ShootingResult(nth=3, score=5.3, time=7.0, pointX=0.787957, pointY=0.516962, distance=0, color='green'), ShootingResult(nth=4, score=2.4, time=3.3, pointX=0.792177, pointY=0.17354, distance=0, color='blue'), ShootingResult(nth=5, score=0.0, time=4.1, pointX=1.02733, pointY=0.376667, distance=0, color='blue'), ShootingResult(nth=6, score=6.7, time=3.3, pointX=0.550623, pointY=0.289125, distance=0, color='green'), ShootingResult(nth=7, score=9.0, time=7.2, pointX=0.517548, pointY=0.402339, distance=0, color='red'), ShootingResult(nth=8, score=2.6, time=2.5, pointX=0.900016, pointY=0.34853, distance=0, color='blue'), ShootingResult(nth=9, score=8.4, time=3.0, pointX=0.567435, pointY=0.391524, distance=0, color='orange'), ShootingResult(nth=10, score=8.0, time=2.6, pointX=0.585099, pointY=0.625463, distance=0, color='orange')]",10,"[0.6908125, 0.3969315]",0.18460210608366254,"[0.1594545895720785, 0.11797793225620629]",0.10885337436638422,입문
20250115-e4bf074c-255f-4068-9fa8-8feae0bd3d3b,"[ShootingResult(nth=1, score=5.8, time=3.2, pointX=0.36742, pointY=0.270596, distance=0, color='green'), ShootingResult(nth=2, score=8.1, time=5.5, pointX=0.464818, pointY=0.35713, distance=0, color='orange'), ShootingResult(nth=3, score=8.9, time=4.5, pointX=0.60136, pointY=0.49974, distance=0, color='orange'), ShootingResult(nth=4, score=6.7, time=6.9, pointX=0.459979, pointY=0.285732, distance=0, color='green'), ShootingResult(nth=5, score=7.6, time=11.9, pointX=0.666896, pointY=0.534225, distance=0, color='orange'), ShootingResult(nth=6, score=6.8, time=5.5, pointX=0.568319, pointY=0.297504, distance=0, color='green'), ShootingResult(nth=7, score=4.1, time=3.7, pointX=0.652518, pointY=0.815356, distance=0, color='blue'), ShootingResult(nth=8, score=9.2, time=4.2, pointX=0.489021, pointY=0.413675, distance=0, color='red'), ShootingResult(nth=9, score=7.5, time=5.7, pointX=0.658178, pointY=0.424822, distance=0, color='orange'), ShootingResult(nth=10, score=9.1, time=3.9, pointX=0.438547, pointY=0.429135, distance=0, color='red')]",10,"[0.52867, 0.4192485]",0.15501848415954123,"[0.1009547121665948, 0.15281689164765128]",0.056215095722058656,입문
20250115-b4a918ff-2891-4df2-afcf-79818c6e9196,"[ShootingResult(nth=1, score=10.3, time=5.1, pointX=0.537727, pointY=0.508043, distance=0, color='red'), ShootingResult(nth=2, score=8.0, time=4.0, pointX=0.521101, pointY=0.35271, distance=0, color='orange'), ShootingResult(nth=3, score=8.9, time=5.1, pointX=0.600806, pointY=0.512163, distance=0, color='orange'), ShootingResult(nth=4, score=7.4, time=3.1, pointX=0.499603, pointY=0.679072, distance=0, color='orange'), ShootingResult(nth=5, score=4.7, time=3.6, pointX=0.180573, pointY=0.480017, distance=0, color='blue'), ShootingResult(nth=6, score=9.9, time=2.7, pointX=0.548719, pointY=0.481256, distance=0, color='red'), ShootingResult(nth=7, score=5.9, time=4.8, pointX=0.541975, pointY=0.245261, distance=0, color='green'), ShootingResult(nth=8, score=10.4, time=3.2, pointX=0.465294, pointY=0.503291, distance=0, color='red'), ShootingResult(nth=9, score=6.7, time=4.6, pointX=0.527511, pointY=0.713762, distance=0, color='green'), ShootingResult(nth=10, score=6.0, time=6.5, pointX=0.256744, pointY=0.432293, distance=0, color='green')]",10,"[0.5243059999999999, 0.49227350000000003]",0.16019009355267572,"[0.130037637129448, 0.13002184442608097]",0.05376368647654166,입문
20250115-5cdebccb-75a0-4d87-89e9-034782ced316,"[ShootingResult(nth=1, score=7.5, time=7.3, pointX=0.676985, pointY=0.483803, distance=0, color='orange'), ShootingResult(nth=2, score=8.8, time=2.8, pointX=0.607764, pointY=0.509686, distance=0, color='orange'), ShootingResult(nth=3, score=4.6, time=0.8, pointX=0.329064, pointY=0.221294, distance=0, color='blue'), ShootingResult(nth=4, score=8.0, time=2.2, pointX=0.352287, pointY=0.495142, distance=0, color='orange'), ShootingResult(nth=5, score=6.5, time=3.3, pointX=0.69885, pointY=0.389526, distance=0, color='green'), ShootingResult(nth=6, score=7.7, time=5.5, pointX=0.382484, pointY=0.383863, distance=0, color='orange'), ShootingResult(nth=7, score=8.2, time=7.9, pointX=0.631805, pointY=0.452034, distance=0, color='orange'), ShootingResult(nth=8, score=8.4, time=1.1, pointX=0.5335, pointY=0.374928, distance=0, color='orange'), ShootingResult(nth=9, score=6.5, time=1.2, pointX=0.309554, pointY=0.620027, distance=0, color='green'), ShootingResult(nth=10, score=5.7, time=7.5, pointX=0.46824, pointY=0.233472, distance=0, color='green')]",10,"[0.5008699999999999, 0.42078]",0.17371969627356162,"[0.14250984922948307, 0.11713636337213991]",0.1114771522765374,입문
20250115-23d03e0f-c576-4ff1-9d35-c80a05800287,"[ShootingResult(nth=1, score=8.8, time=3.1, pointX=0.451405, pointY=0.402743, distance=0, color='orange'), ShootingResult(nth=2, score=8.9, time=3.2, pointX=0.399539, pointY=0.514781, distance=0, color='orange'), ShootingResult(nth=3, score=9.6, time=3.2, pointX=0.551758, pointY=0.459116, distance=0, color='red'), ShootingResult(nth=4, score=7.1, time=3.5, pointX=0.381019, pointY=0.34081, distance=0, color='orange'), ShootingResult(nth=5, score=6.2, time=3.6, pointX=0.330326, pointY=0.322839, distance=0, color='green'), ShootingResult(nth=6, score=4.6, time=4.1, pointX=0.38701, pointY=0.195446, distance=0, color='blue'), ShootingResult(nth=7, score=5.6, time=4.1, pointX=0.495618, pointY=0.227759, distance=0, color='green'), ShootingResult(nth=8, score=7.9, time=4.5, pointX=0.34883, pointY=0.475783, distance=0, color='orange'), ShootingResult(nth=9, score=7.4, time=5.2, pointX=0.594408, pointY=0.342749, distance=0, color='orange'), ShootingResult(nth=10, score=4.9, time=3.2, pointX=0.52096, pointY=0.191397, distance=0, color='blue')]",10,"[0.42547199999999996, 0.3417795]",0.13416664762592168,"[0.08602513151521479, 0.11065762445041914]",0.08833348164350482,입문
20250115-3c2bb78a-b16d-4f39-bb80-dce47ba0b0d1,"[ShootingResult(nth=1, score=8.9, time=6.0, pointX=0.557326, pointY=0.583753, distance=0, color='orange'), ShootingResult(nth=2, score=9.2, time=5.0, pointX=0.438685, pointY=0.56298, distance=0, color='red'), ShootingResult(nth=3, score=8.4, time=5.7, pointX=0.389475, pointY=0.431518, distance=0, color='orange'), ShootingResult(nth=4, score=8.8, time=7.2, pointX=0.47528, pointY=0.392681, distance=0, color='orange'), ShootingResult(nth=5, score=10.9, time=4.7, pointX=0.490452, pointY=0.502091, distance=0, color='red'), ShootingResult(nth=6, score=9.9, time=3.1, pointX=0.51109, pointY=0.44638, distance=0, color='red'), ShootingResult(nth=7, score=9.6, time=14.4, pointX=0.563547, pointY=0.4799, distance=0, color='red'), ShootingResult(nth=8, score=10.1, time=8.1, pointX=0.546023, pointY=0.49772, distance=0, color='red'), ShootingResult(nth=9, score=9.5, time=6.7, pointX=0.556703, pointY=0.549528, distance=0, color='red'), ShootingResult(nth=10, score=9.5, time=0.7, pointX=0.51132, pointY=0.425486, distance=0, color='red')]",10,"[0.511205, 0.48880999999999997]",0.07417466214931032,"[0.05424694212294366, 0.060699908252072346]",0.0398240570857067,입문
20250115-8d69f76a-6267-4be2-bd80-e497a3d0b3b3,"[ShootingResult(nth=1, score=10.2, time=6.2, pointX=0.538205, pointY=0.517599, distance=0, color='red'), ShootingResult(nth=2, score=10.2, time=4.5, pointX=0.539647, pointY=0.490029, distance=0, color='red'), ShootingResult(nth=3, score=5.1, time=3.2, pointX=0.489924, pointY=0.799749, distance=0, color='green'), ShootingResult(nth=4, score=7.1, time=7.5, pointX=0.341334, pointY=0.612378, distance=0, color='orange'), ShootingResult(nth=5, score=10.3, time=6.3, pointX=0.529981, pointY=0.523295, distance=0, color='red'), ShootingResult(nth=6, score=9.5, time=4.7, pointX=0.426984, pointY=0.511229, distance=0, color='red'), ShootingResult(nth=7, score=8.8, time=1.7, pointX=0.549732, pointY=0.405583, distance=0, color='orange'), ShootingResult(nth=8, score=5.9, time=2.9, pointX=0.242752, pointY=0.514424, distance=0, color='green'), ShootingResult(nth=9, score=8.6, time=1.1, pointX=0.420501, pointY=0.408464, distance=0, color='orange'), ShootingResult(nth=10, score=8.6, time=0.2, pointX=0.390382, pointY=0.550782, distance=0, color='orange')]",10,"[0.45845400000000003, 0.5160115000000001]",0.12553538970242878,"[0.09663071545818132, 0.1060717134657492]",0.0529903722669816,입문
20250115-29860b8b-0152-4aa4-b898-245c5a4893c6,"[ShootingResult(nth=1, score=8.8, time=3.0, pointX=0.442444, pointY=0.405313, distance=0, color='orange'), ShootingResult(nth=2, score=9.1, time=4.9, pointX=0.407918, pointY=0.484881, distance=0, color='red'), ShootingResult(nth=3, score=7.3, time=5.4, pointX=0.450577, pointY=0.320318, distance=0, color='orange'), ShootingResult(nth=4, score=5.9, time=9.1, pointX=0.336232, pointY=0.303444, distance=0, color='green'), ShootingResult(nth=5, score=6.4, time=3.6, pointX=0.384643, pointY=0.2998, distance=0, color='green'), ShootingResult(nth=6, score=8.7, time=3.9, pointX=0.573094, pointY=0.412055, distance=0, color='orange'), ShootingResult(nth=7, score=8.0, time=4.4, pointX=0.379425, pointY=0.413794, distance=0, color='orange'), ShootingResult(nth=8, score=10.1, time=3.1, pointX=0.472658, pointY=0.465419, distance=0, color='red'), ShootingResult(nth=9, score=7.4, time=6.6, pointX=0.659565, pointY=0.58301, distance=0, color='orange'), ShootingResult(nth=10, score=4.6, time=3.7, pointX=0.770204, pointY=0.316781, distance=0, color='blue')]",10,"[0.44651050000000003, 0.408684]",0.13249744706978728,"[0.13112690249067885, 0.08830420208036537]",0.03659018676933393,입문
20250115-9df3db2a-a3aa-4e49-9470-d7d062c59121,"[ShootingResult(nth=1, score=8.3, time=3.7, pointX=0.54802, pointY=0.371515, distance=0, color='orange'), ShootingResult(nth=2, score=10.1, time=6.8, pointX=0.497412, pointY=0.544196, distance=0, color='red'), ShootingResult(nth=3, score=10.2, time=3.7, pointX=0.540966, pointY=0.492023, distance=0, color='red'), ShootingResult(nth=4, score=9.6, time=8.3, pointX=0.459454, pointY=0.552412, distance=0, color='red'), ShootingResult(nth=5, score=7.9, time=7.4, pointX=0.578032, pointY=0.366424, distance=0, color='orange'), ShootingResult(nth=6, score=8.7, time=10.8, pointX=0.393731, pointY=0.459001, distance=0, color='orange'), ShootingResult(nth=7, score=8.7, time=6.4, pointX=0.387716, pointY=0.526178, distance=0, color='orange'), ShootingResult(nth=8, score=8.4, time=8.3, pointX=0.392489, pointY=0.430893, distance=0, color='orange'), ShootingResult(nth=9, score=9.3, time=2.9, pointX=0.545885, pointY=0.429008, distance=0, color='red'), ShootingResult(nth=10, score=7.8, time=3.2, pointX=0.524082, pointY=0.341467, distance=0, color='orange')]",10,"[0.5107470000000001, 0.444947]",0.09882126947483014,"[0.06936898643493358, 0.07261124803231246]",0.06826320785137291,입문
20250115-e2108e83-7f00-45ef-8500-caadc6ecdb74,"[ShootingResult(nth=1, score=7.6, time=3.9, pointX=0.633559, pointY=0.606131, distance=0, color='orange'), ShootingResult(nth=2, score=10.4, time=7.3, pointX=0.484943, pointY=0.528972, distance=0, color='red'), ShootingResult(nth=3, score=7.7, time=6.3, pointX=0.618974, pointY=0.385648, distance=0, color='orange'), ShootingResult(nth=4, score=9.2, time=8.3, pointX=0.588382, pointY=0.481412, distance=0, color='red'), ShootingResult(nth=5, score=7.7, time=3.8, pointX=0.436424, pointY=0.349049, distance=0, color='orange'), ShootingResult(nth=6, score=5.9, time=5.5, pointX=0.309263, pointY=0.329251, distance=0, color='green'), ShootingResult(nth=7, score=9.5, time=3.8, pointX=0.547211, pointY=0.447455, distance=0, color='red'), ShootingResult(nth=8, score=8.5, time=6.3, pointX=0.408343, pointY=0.419642, distance=0, color='orange'), ShootingResult(nth=9, score=8.4, time=3.5, pointX=0.535716, pointY=0.374357, distance=0, color='orange'), ShootingResult(nth=10, score=9.1, time=3.9, pointX=0.562039, pointY=0.427985, distance=0, color='red')]",10,"[0.5414635, 0.4238135]",0.10922769589771966,"[0.09728767830018352, 0.08086683677355014]",0.038246733730563365,입문
20250115-320bd060-895d-4543-b09d-8d48a1207655,"[ShootingResult(nth=1, score=9.7, time=4.3, pointX=0.558134, pointY=0.473633, distance=0, color='red'), ShootingResult(nth=2, score=9.8, time=4.0, pointX=0.554182, pointY=0.525411, distance=0, color='red'), ShootingResult(nth=3, score=10.6, time=5.8, pointX=0.47801, pointY=0.483664, distance=0, color='red'), ShootingResult(nth=4, score=7.9, time=7.3, pointX=0.364067, pointY=0.579119, distance=0, color='orange'), ShootingResult(nth=5, score=9.5, time=7.6, pointX=0.426542, pointY=0.514927, distance=0, color='red'), ShootingResult(nth=6, score=9.9, time=5.1, pointX=0.445646, pointY=0.498297, distance=0, color='red'), ShootingResult(nth=7, score=9.2, time=6.1, pointX=0.53112, pointY=0.415049, distance=0, color='red'), ShootingResult(nth=8, score=10.9, time=4.4, pointX=0.507543, pointY=0.508809, distance=0, color='red'), ShootingResult(nth=9, score=10.2, time=8.6, pointX=0.492575, pointY=0.541021, distance=0, color='red'), ShootingResult(nth=10, score=9.5, time=3.1, pointX=0.433821, pointY=0.468176, distance=0, color='red')]",10,"[0.4852925, 0.5035529999999999]",0.06380389710599918,"[0.05894555089572071, 0.042516495364034894]",0.028358554216741216,입문
20250115-70f8919c-57cc-4ba4-9186-69334826896a,"[ShootingResult(nth=1, score=9.2, time=6.5, pointX=0.505114, pointY=0.586697, distance=0, color='red'), ShootingResult(nth=2, score=10.1, time=7.2, pointX=0.545997, pointY=0.502088, distance=0, color='red'), ShootingResult(nth=3, score=8.2, time=6.4, pointX=0.634896, pointY=0.543058, distance=0, color='orange'), ShootingResult(nth=4, score=10.0, time=7.5, pointX=0.541836, pointY=0.525042, distance=0, color='red'), ShootingResult(nth=5, score=7.1, time=4.9, pointX=0.509197, pointY=0.693738, distance=0, color='orange'), ShootingResult(nth=6, score=9.1, time=4.7, pointX=0.406995, pointY=0.492151, distance=0, color='red'), ShootingResult(nth=7, score=8.6, time=10.8, pointX=0.384273, pointY=0.474022, distance=0, color='orange'), ShootingResult(nth=8, score=9.7, time=4.0, pointX=0.562654, pointY=0.511035, distance=0, color='red'), ShootingResult(nth=9, score=9.3, time=3.0, pointX=0.581687, pointY=0.493331, distance=0, color='red'), ShootingResult(nth=10, score=8.9, time=4.7, pointX=0.393765, pointY=0.500981, distance=0, color='orange')]",10,"[0.5255164999999999, 0.5065615]",0.09228251700106564,"[0.08103048503520141, 0.0616946484811284]",0.03870601319531111,입문
20250115-144e246c-28af-4bd2-9365-24561e54ab69,"[ShootingResult(nth=1, score=7.9, time=2.8, pointX=0.353481, pointY=0.554478, distance=0, color='orange'), ShootingResult(nth=2, score=8.0, time=1.4, pointX=0.57989, pointY=0.371388, distance=0, color='orange'), ShootingResult(nth=3, score=7.9, time=3.6, pointX=0.345518, pointY=0.515495, distance=0, color='orange'), ShootingResult(nth=4, score=10.4, time=5.3, pointX=0.533406, pointY=0.503651, distance=0, color='red'), ShootingResult(nth=5, score=9.3, time=6.9, pointX=0.558763, pointY=0.557467, distance=0, color='red'), ShootingResult(nth=6, score=8.7, time=9.8, pointX=0.399064, pointY=0.55576, distance=0, color='orange'), ShootingResult(nth=7, score=8.7, time=4.1, pointX=0.447605, pointY=0.396291, distance=0, color='orange'), ShootingResult(nth=8, score=10.2, time=3.1, pointX=0.485362, pointY=0.46229, distance=0, color='red'), ShootingResult(nth=9, score=9.8, time=4.0, pointX=0.537886, pointY=0.457374, distance=0, color='red'), ShootingResult(nth=10, score=8.7, time=3.9, pointX=0.526269, pointY=0.388687, distance=0, color='orange')]",10,"[0.5058155, 0.48297049999999997]",0.09918684116527235,"[0.08132614939759536, 0.06851027379371653]",0.05060168602756556,입문
20250115-b8835562-747e-4d0a-bd15-8f8118be16e4,"[ShootingResult(nth=1, score=10.9, time=6.5, pointX=0.485276, pointY=0.501504, distance=0, color='red'), ShootingResult(nth=2, score=10.7, time=7.2, pointX=0.521137, pointY=0.50177, distance=0, color='red'), ShootingResult(nth=3, score=10.1, time=7.9, pointX=0.490833, pointY=0.456138, distance=0, color='red'), ShootingResult(nth=4, score=10.4, time=7.7, pointX=0.467069, pointY=0.510817, distance=0, color='red'), ShootingResult(nth=5, score=9.5, time=10.9, pointX=0.491005, pointY=0.425499, distance=0, color='red'), ShootingResult(nth=6, score=10.9, time=11.9, pointX=0.486876, pointY=0.492197, distance=0, color='red'), ShootingResult(nth=7, score=9.1, time=6.1, pointX=0.413903, pointY=0.459642, distance=0, color='red'), ShootingResult(nth=8, score=9.6, time=10.5, pointX=0.501085, pointY=0.434727, distance=0, color='red'), ShootingResult(nth=9, score=10.3, time=5.4, pointX=0.500924, pointY=0.463139, distance=0, color='red'), ShootingResult(nth=10, score=10.1, time=4.4, pointX=0.541289, pointY=0.510799, distance=0, color='red')]",10,"[0.490919, 0.477668]",0.039392041120976544,"[0.03192587127409368, 0.030132978431612095]",0.01988140357057106,입문
20250115-84525a38-42f1-4b21-aa77-b8e09e2c4adb,"[ShootingResult(nth=1, score=8.1, time=0.0, pointX=0.498743, pointY=0.35362, distance=2652, color='orange'), ShootingResult(nth=2, score=8.1, time=8.9, pointX=0.531953, pointY=0.643938, distance=2650, color='orange'), ShootingResult(nth=3, score=10.1, time=6.2, pointX=0.543426, pointY=0.495207, distance=2646, color='red'), ShootingResult(nth=4, score=5.8, time=4.5, pointX=0.520158, pointY=0.239689, distance=2646, color='green'), ShootingResult(nth=5, score=9.3, time=4.8, pointX=0.5499, pointY=0.565121, distance=2646, color='red'), ShootingResult(nth=6, score=9.6, time=3.9, pointX=0.527798, pointY=0.436535, distance=2645, color='red'), ShootingResult(nth=7, score=7.2, time=6.3, pointX=0.442379, pointY=0.319788, distance=2648, color='orange'), ShootingResult(nth=8, score=8.7, time=14.3, pointX=0.498671, pointY=0.38402, distance=2647, color='orange'), ShootingResult(nth=9, score=9.7, time=14.2, pointX=0.461068, pointY=0.452461, distance=2648, color='red'), ShootingResult(nth=10, score=9.8, time=8.7, pointX=0.544229, pointY=0.536203, distance=2644, color='red')]",10,"[0.523978, 0.444498]",0.10571990224391012,"[0.03459948827150482, 0.11611034040153358]",0.04528037841522589,입문
20250115-7af45505-5916-46ac-8245-ed2b0c406fb8,"[ShootingResult(nth=1, score=5.9, time=3.6, pointX=0.30622, pointY=0.330495, distance=2631, color='green'), ShootingResult(nth=2, score=6.7, time=5.4, pointX=0.598473, pointY=0.304167, distance=2627, color='green'), ShootingResult(nth=3, score=8.6, time=5.1, pointX=0.494139, pointY=0.380987, distance=2629, color='orange'), ShootingResult(nth=4, score=7.7, time=6.2, pointX=0.367807, pointY=0.396149, distance=2628, color='orange'), ShootingResult(nth=5, score=9.1, time=6.7, pointX=0.455794, pointY=0.416603, distance=2631, color='red'), ShootingResult(nth=6, score=7.9, time=6.0, pointX=0.439619, pointY=0.355243, distance=2632, color='orange'), ShootingResult(nth=7, score=7.8, time=7.6, pointX=0.47895, pointY=0.342863, distance=2628, color='orange'), ShootingResult(nth=8, score=7.9, time=9.5, pointX=0.46896, pointY=0.348198, distance=2632, color='orange'), ShootingResult(nth=9, score=9.0, time=11.8, pointX=0.595424, pointY=0.476754, distance=2626, color='red'), ShootingResult(nth=10, score=9.2, time=9.3, pointX=0.574782, pointY=0.454377, distance=2627, color='red')]",10,"[0.473955, 0.36811499999999997]",0.08759853757931772,"[0.09034880014344408, 0.05262721222941607]",0.029023887998079402,입문
20250115-616ddb77-78ff-4d6a-aae7-568b2b4ea117,"[ShootingResult(nth=1, score=9.3, time=13.5, pointX=0.433313, pointY=0.451063, distance=2579, color='red'), ShootingResult(nth=2, score=9.0, time=5.4, pointX=0.453299, pointY=0.41262, distance=2581, color='red'), ShootingResult(nth=3, score=9.8, time=6.0, pointX=0.44397, pointY=0.48395, distance=2581, color='red'), ShootingResult(nth=4, score=9.7, time=6.5, pointX=0.527248, pointY=0.444057, distance=2579, color='red'), ShootingResult(nth=5, score=8.1, time=5.0, pointX=0.582872, pointY=0.384005, distance=2584, color='orange'), ShootingResult(nth=6, score=10.1, time=10.4, pointX=0.470725, pointY=0.53393, distance=2580, color='red'), ShootingResult(nth=7, score=8.8, time=11.9, pointX=0.487621, pointY=0.392354, distance=2577, color='orange'), ShootingResult(nth=8, score=8.9, time=5.8, pointX=0.491353, pointY=0.603681, distance=2578, color='orange'), ShootingResult(nth=9, score=9.8, time=6.8, pointX=0.497847, pointY=0.443147, distance=2578, color='red'), ShootingResult(nth=10, score=9.7, time=6.8, pointX=0.472962, pointY=0.555096, distance=2581, color='red')]",10,"[0.4802915, 0.44755999999999996]",0.07354239633767813,"[0.041559812891782844, 0.06918186294405494]",0.03279844197311172,입문
20250115-92fd4bc4-99ea-479b-9909-7da625b48d31,"[ShootingResult(nth=1, score=8.8, time=2.1, pointX=0.573775, pointY=0.581304, distance=2631, color='orange'), ShootingResult(nth=2, score=8.8, time=6.0, pointX=0.53813, pointY=0.39557, distance=2631, color='orange'), ShootingResult(nth=3, score=9.4, time=4.7, pointX=0.485542, pointY=0.575085, distance=2627, color='red'), ShootingResult(nth=4, score=9.0, time=5.9, pointX=0.514213, pointY=0.402043, distance=2629, color='red'), ShootingResult(nth=5, score=9.4, time=7.0, pointX=0.44426, pointY=0.554394, distance=2630, color='red'), ShootingResult(nth=6, score=8.3, time=8.5, pointX=0.538167, pointY=0.370574, distance=2629, color='orange'), ShootingResult(nth=7, score=7.6, time=5.1, pointX=0.425023, pointY=0.346507, distance=2628, color='orange'), ShootingResult(nth=8, score=9.0, time=20.7, pointX=0.581467, pointY=0.447979, distance=2630, color='red'), ShootingResult(nth=9, score=9.0, time=8.1, pointX=0.498985, pointY=0.400408, distance=2631, color='red'), ShootingResult(nth=10, score=10.7, time=23.9, pointX=0.51523, pointY=0.514021, distance=2629, color='red')]",10,"[0.5147215, 0.425011]",0.0895148585108076,"[0.04800525342459928, 0.08476830550064098]",0.03824408618251027,입문
20250115-66771106-fe8d-4153-aaa6-bdc0f06c3bad,"[ShootingResult(nth=1, score=8.8, time=2.7, pointX=0.438567, pointY=0.410183, distance=2647, color='orange'), ShootingResult(nth=2, score=7.8, time=5.4, pointX=0.541103, pointY=0.653509, distance=2648, color='orange'), ShootingResult(nth=3, score=9.8, time=4.4, pointX=0.470027, pointY=0.452687, distance=2646, color='red'), ShootingResult(nth=4, score=9.5, time=3.8, pointX=0.483694, pointY=0.571581, distance=2645, color='red'), ShootingResult(nth=5, score=8.6, time=5.7, pointX=0.457572, pointY=0.387874, distance=2647, color='orange'), ShootingResult(nth=6, score=10.3, time=6.1, pointX=0.514139, pointY=0.467564, distance=2645, color='red'), ShootingResult(nth=7, score=8.8, time=10.0, pointX=0.443326, pointY=0.404841, distance=2646, color='orange'), ShootingResult(nth=8, score=8.1, time=23.4, pointX=0.524198, pointY=0.354685, distance=2645, color='orange'), ShootingResult(nth=9, score=9.0, time=7.8, pointX=0.41388, pointY=0.54409, distance=2647, color='red'), ShootingResult(nth=10, score=10.2, time=17.5, pointX=0.458898, pointY=0.495393, distance=2646, color='red')]",10,"[0.4644625, 0.46012549999999997]",0.08235757302973536,"[0.03879353674312257, 0.08838564462745069]",0.029112913453851044,입문
20250115-65b58f19-d1e2-4b1a-9c70-cfef4991c4aa,"[ShootingResult(nth=1, score=9.2, time=5.4, pointX=0.525071, pointY=0.585032, distance=2580, color='red'), ShootingResult(nth=2, score=9.1, time=13.8, pointX=0.515787, pointY=0.592015, distance=2578, color='red'), ShootingResult(nth=3, score=9.4, time=9.7, pointX=0.426283, pointY=0.471006, distance=2577, color='red'), ShootingResult(nth=4, score=10.0, time=7.5, pointX=0.453178, pointY=0.489096, distance=2578, color='red'), ShootingResult(nth=5, score=9.7, time=9.3, pointX=0.54321, pointY=0.545168, distance=2579, color='red'), ShootingResult(nth=6, score=10.0, time=5.5, pointX=0.464194, pointY=0.469576, distance=2584, color='red'), ShootingResult(nth=7, score=9.1, time=5.8, pointX=0.515787, pointY=0.592015, distance=2580, color='red'), ShootingResult(nth=8, score=8.5, time=9.4, pointX=0.407518, pointY=0.586171, distance=2578, color='orange'), ShootingResult(nth=9, score=10.5, time=8.2, pointX=0.47602, pointY=0.482212, distance=2578, color='red'), ShootingResult(nth=10, score=9.6, time=8.8, pointX=0.468311, pointY=0.558964, distance=2581, color='red')]",10,"[0.4721655, 0.552066]",0.06447585033728616,"[0.042245760550497835, 0.05052213248122055]",0.043084351683992286,입문
20250115-d96e3f2c-4c18-4b5d-968e-bbf9b978e9fd,"[ShootingResult(nth=1, score=9.8, time=5.6, pointX=0.54133, pointY=0.456979, distance=2645, color='red'), ShootingResult(nth=2, score=10.9, time=9.5, pointX=0.503451, pointY=0.499652, distance=2645, color='red'), ShootingResult(nth=3, score=7.9, time=11.2, pointX=0.47256, pointY=0.348437, distance=2644, color='orange'), ShootingResult(nth=4, score=8.9, time=25.7, pointX=0.439187, pointY=0.415402, distance=2648, color='orange'), ShootingResult(nth=5, score=10.0, time=6.1, pointX=0.474372, pointY=0.460958, distance=2650, color='red'), ShootingResult(nth=6, score=10.0, time=10.1, pointX=0.454722, pointY=0.517148, distance=2645, color='red'), ShootingResult(nth=7, score=7.3, time=10.5, pointX=0.442055, pointY=0.324494, distance=2651, color='orange'), ShootingResult(nth=8, score=8.9, time=12.2, pointX=0.478012, pointY=0.396887, distance=2646, color='orange'), ShootingResult(nth=9, score=8.6, time=8.9, pointX=0.432302, pointY=0.59856, distance=2648, color='orange'), ShootingResult(nth=10, score=5.5, time=7.5, pointX=0.58895, pointY=0.763428, distance=2645, color='green')]",10,"[0.473466, 0.4589685]",0.10192160768481237,"[0.0471374794223238, 0.12230521537223994]",0.01679058827300693,입문
20250115-a6d112aa-53dc-4d9c-9a6b-e0545318f9ce,"[ShootingResult(nth=1, score=9.8, time=7.9, pointX=0.487925, pointY=0.44251, distance=2579, color='red'), ShootingResult(nth=2, score=10.9, time=9.0, pointX=0.492466, pointY=0.487389, distance=2581, color='red'), ShootingResult(nth=3, score=9.8, time=11.0, pointX=0.463834, pointY=0.544995, distance=2579, color='red'), ShootingResult(nth=4, score=10.4, time=18.1, pointX=0.471856, pointY=0.517595, distance=2579, color='red'), ShootingResult(nth=5, score=10.5, time=15.4, pointX=0.480307, pointY=0.480126, distance=2579, color='red'), ShootingResult(nth=6, score=10.4, time=10.4, pointX=0.472147, pointY=0.482055, distance=2581, color='red'), ShootingResult(nth=7, score=10.9, time=8.8, pointX=0.513018, pointY=0.494575, distance=2582, color='red'), ShootingResult(nth=8, score=9.8, time=10.4, pointX=0.455564, pointY=0.464419, distance=2578, color='red'), ShootingResult(nth=9, score=10.1, time=8.9, pointX=0.502101, pointY=0.543279, distance=2579, color='red'), ShootingResult(nth=10, score=9.3, time=10.8, pointX=0.50319, pointY=0.415868, distance=2575, color='red')]",10,"[0.484116, 0.484722]",0.03663334405768501,"[0.017723791370922864, 0.03891563908109437]",0.01442698423327268,입문
20250115-6ff43c85-e7a2-4081-a5da-55530d537c64,"[ShootingResult(nth=1, score=8.9, time=7.9, pointX=0.509616, pointY=0.396707, distance=2628, color='orange'), ShootingResult(nth=2, score=9.6, time=6.2, pointX=0.48046, pointY=0.437202, distance=2630, color='red'), ShootingResult(nth=3, score=8.4, time=5.5, pointX=0.372257, pointY=0.50863, distance=2627, color='orange'), ShootingResult(nth=4, score=6.9, time=27.8, pointX=0.569748, pointY=0.306782, distance=2628, color='green'), ShootingResult(nth=5, score=8.7, time=7.2, pointX=0.40014, pointY=0.449941, distance=2626, color='orange'), ShootingResult(nth=6, score=10.2, time=25.3, pointX=0.529936, pointY=0.529015, distance=2628, color='red'), ShootingResult(nth=7, score=9.1, time=6.1, pointX=0.455603, pointY=0.416522, distance=2628, color='red'), ShootingResult(nth=8, score=8.1, time=6.4, pointX=0.444468, pointY=0.364972, distance=2628, color='orange'), ShootingResult(nth=9, score=6.0, time=11.6, pointX=0.534307, pointY=0.250002, distance=2627, color='green'), ShootingResult(nth=10, score=7.2, time=9.2, pointX=0.434145, pointY=0.319741, distance=2628, color='orange')]",10,"[0.4680315, 0.4066145]",0.09029668388062544,"[0.059867304910109324, 0.0845119846627684]",0.03859277432958279,입문
20250115-f8dba170-748c-43fd-9e46-9e908025beec,"[ShootingResult(nth=1, score=0.0, time=6.3, pointX=0.0701497, pointY=0.845509, distance=0, color='blue'), ShootingResult(nth=2, score=4.5, time=4.3, pointX=0.426968, pointY=0.178198, distance=0, color='blue'), ShootingResult(nth=3, score=7.2, time=4.3, pointX=0.63849, pointY=0.631845, distance=0, color='orange'), ShootingResult(nth=4, score=2.1, time=2.4, pointX=0.293922, pointY=0.0964525, distance=0, color='blue'), ShootingResult(nth=5, score=4.4, time=10.2, pointX=0.309717, pointY=0.223302, distance=0, color='blue'), ShootingResult(nth=6, score=3.9, time=1.3, pointX=0.857571, pointY=0.440436, distance=0, color='blue'), ShootingResult(nth=7, score=1.8, time=10.6, pointX=0.968987, pointY=0.513918, distance=0, color='blue'), ShootingResult(nth=8, score=3.8, time=3.2, pointX=0.372159, pointY=0.155434, distance=0, color='blue'), ShootingResult(nth=9, score=4.5, time=10.5, pointX=0.677145, pointY=0.781529, distance=0, color='blue'), ShootingResult(nth=10, score=9.6, time=16.1, pointX=0.559546, pointY=0.533742, distance=0, color='red')]",10,"[0.493257, 0.47717699999999996]",0.34522202478404684,"[0.26153106773687157, 0.2542905276435253]",0.2193276703007859,입문
20250115-84cc0808-05e0-4612-8dfe-2c329b4f0091,"[ShootingResult(nth=1, score=8.2, time=8.2, pointX=0.443832, pointY=0.629661, distance=0, color='orange'), ShootingResult(nth=2, score=9.2, time=5.7, pointX=0.48251, pointY=0.586833, distance=0, color='red'), ShootingResult(nth=3, score=8.5, time=3.6, pointX=0.430202, pointY=0.397942, distance=0, color='orange'), ShootingResult(nth=4, score=9.3, time=4.5, pointX=0.4409, pointY=0.438028, distance=0, color='red'), ShootingResult(nth=5, score=8.9, time=3.3, pointX=0.410981, pointY=0.449247, distance=0, color='orange'), ShootingResult(nth=6, score=9.8, time=4.2, pointX=0.497737, pointY=0.440884, distance=0, color='red'), ShootingResult(nth=7, score=8.5, time=4.8, pointX=0.407794, pointY=0.41887, distance=0, color='orange'), ShootingResult(nth=8, score=9.7, time=7.3, pointX=0.459999, pointY=0.452599, distance=0, color='red'), ShootingResult(nth=9, score=7.3, time=3.8, pointX=0.457674, pointY=0.316834, distance=0, color='orange'), ShootingResult(nth=10, score=10.2, time=5.8, pointX=0.461703, pointY=0.515075, distance=0, color='red')]",10,"[0.450753, 0.4450655]",0.0742206093100271,"[0.0272832354342369, 0.08645885531979938]",0.018594025773930614,입문
20250115-c493e1c2-708d-4969-8776-314f1afba5a4,"[ShootingResult(nth=1, score=5.5, time=8.7, pointX=0.225795, pointY=0.562272, distance=0, color='green'), ShootingResult(nth=2, score=7.4, time=1.4, pointX=0.409925, pointY=0.34164, distance=0, color='orange'), ShootingResult(nth=3, score=1.6, time=2.0, pointX=0.780265, pointY=0.113183, distance=0, color='blue'), ShootingResult(nth=4, score=4.5, time=2.1, pointX=0.829918, pointY=0.531475, distance=0, color='blue'), ShootingResult(nth=5, score=3.5, time=4.3, pointX=0.171606, pointY=0.303968, distance=0, color='blue'), ShootingResult(nth=6, score=0.0, time=2.0, pointX=0.863469, pointY=0.0663424, distance=0, color='blue'), ShootingResult(nth=7, score=8.7, time=1.5, pointX=0.39108, pointY=0.467553, distance=0, color='orange'), ShootingResult(nth=8, score=3.5, time=2.5, pointX=0.506807, pointY=0.119863, distance=0, color='blue'), ShootingResult(nth=9, score=3.0, time=6.9, pointX=0.0920813, pointY=0.47385, distance=0, color='blue'), ShootingResult(nth=10, score=4.0, time=3.5, pointX=0.733062, pointY=0.229673, distance=0, color='blue')]",10,"[0.458366, 0.322804]",0.3017429168262181,"[0.2726302320821741, 0.1746150095796819]",0.17708697434183027,입문
20250115-144dbdc9-3162-4969-98f2-28b6551fe1eb,"[ShootingResult(nth=1, score=3.4, time=11.2, pointX=0.298453, pointY=0.171283, distance=0, color='blue'), ShootingResult(nth=2, score=7.9, time=8.1, pointX=0.5011, pointY=0.346233, distance=0, color='orange'), ShootingResult(nth=3, score=0.0, time=10.0, pointX=0.841973, pointY=0.108286, distance=0, color='blue'), ShootingResult(nth=4, score=5.8, time=6.7, pointX=0.451055, pointY=0.239771, distance=0, color='green'), ShootingResult(nth=5, score=3.1, time=7.2, pointX=0.121378, pointY=0.36521, distance=0, color='blue'), ShootingResult(nth=6, score=3.4, time=2.1, pointX=0.768929, pointY=0.222072, distance=0, color='blue'), ShootingResult(nth=7, score=4.8, time=7.6, pointX=0.653809, pointY=0.224782, distance=0, color='blue'), ShootingResult(nth=8, score=4.6, time=9.5, pointX=0.777038, pointY=0.672984, distance=0, color='blue'), ShootingResult(nth=9, score=4.3, time=8.2, pointX=0.805118, pointY=0.352094, distance=0, color='blue'), ShootingResult(nth=10, score=0.0, time=5.7, pointX=-0.0494054, pointY=0.319426, distance=0, color='blue')]",10,"[0.5774545, 0.27959849999999997]",0.291443983064685,"[0.2946388086066708, 0.14738704407202827]",0.12480585108083322,입문
20250115-46f72a19-d583-4d30-8c2b-ac674f707672,"[ShootingResult(nth=1, score=9.4, time=5.9, pointX=0.475015, pointY=0.423567, distance=0, color='red'), ShootingResult(nth=2, score=10.7, time=1.8, pointX=0.507771, pointY=0.478942, distance=0, color='red'), ShootingResult(nth=3, score=9.2, time=2.4, pointX=0.553703, pointY=0.430272, distance=0, color='red'), ShootingResult(nth=4, score=8.6, time=4.4, pointX=0.38649, pointY=0.467806, distance=0, color='orange'), ShootingResult(nth=5, score=8.4, time=5.3, pointX=0.450942, pointY=0.621983, distance=0, color='orange'), ShootingResult(nth=6, score=9.2, time=3.3, pointX=0.47506, pointY=0.414047, distance=0, color='red'), ShootingResult(nth=7, score=9.5, time=2.7, pointX=0.542367, pointY=0.562381, distance=0, color='red'), ShootingResult(nth=8, score=9.3, time=3.7, pointX=0.417435, pointY=0.476939, distance=0, color='red'), ShootingResult(nth=9, score=10.3, time=2.9, pointX=0.482965, pointY=0.468709, distance=0, color='red'), ShootingResult(nth=10, score=9.4, time=1.3, pointX=0.567976, pointY=0.460339, distance=0, color='red')]",10,"[0.47901249999999995, 0.4682575]",0.07314274604466811,"[0.055710857143289404, 0.06133832116426076]",0.0317361012041937,입문
20250115-aecd756b-ada3-4cdd-95a3-058ac1c28d9b,"[ShootingResult(nth=1, score=9.5, time=9.1, pointX=0.425745, pointY=0.498256, distance=0, color='red'), ShootingResult(nth=2, score=6.9, time=8.9, pointX=0.653692, pointY=0.360932, distance=0, color='green'), ShootingResult(nth=3, score=9.0, time=12.8, pointX=0.599973, pointY=0.512139, distance=0, color='red'), ShootingResult(nth=4, score=7.0, time=11.2, pointX=0.550597, pointY=0.694297, distance=0, color='orange'), ShootingResult(nth=5, score=8.4, time=13.7, pointX=0.443002, pointY=0.616529, distance=0, color='orange'), ShootingResult(nth=6, score=6.1, time=4.3, pointX=0.714444, pointY=0.372463, distance=0, color='green'), ShootingResult(nth=7, score=9.5, time=5.5, pointX=0.510636, pointY=0.429135, distance=0, color='red'), ShootingResult(nth=8, score=8.7, time=3.8, pointX=0.58839, pointY=0.429759, distance=0, color='orange'), ShootingResult(nth=9, score=7.7, time=6.8, pointX=0.532457, pointY=0.663221, distance=0, color='orange'), ShootingResult(nth=10, score=9.4, time=8.8, pointX=0.457764, pointY=0.56874, distance=0, color='red')]",10,"[0.541527, 0.5051975]",0.1347883912568581,"[0.08886149802248441, 0.11237974526706315]",0.08496054734767275,입문
20250115-440b5a4e-b23b-448b-b48b-2dbc095631b8,"[ShootingResult(nth=1, score=9.4, time=11.3, pointX=0.552611, pointY=0.554459, distance=0, color='red'), ShootingResult(nth=2, score=8.0, time=13.6, pointX=0.639061, pointY=0.44752, distance=0, color='orange'), ShootingResult(nth=3, score=9.8, time=9.0, pointX=0.445998, pointY=0.473897, distance=0, color='red'), ShootingResult(nth=4, score=9.9, time=10.4, pointX=0.481108, pointY=0.54979, distance=0, color='red'), ShootingResult(nth=5, score=8.2, time=11.2, pointX=0.46046, pointY=0.367589, distance=0, color='orange'), ShootingResult(nth=6, score=9.2, time=13.6, pointX=0.412741, pointY=0.49223, distance=0, color='red'), ShootingResult(nth=7, score=8.5, time=8.6, pointX=0.611777, pointY=0.447173, distance=0, color='orange'), ShootingResult(nth=8, score=10.3, time=13.9, pointX=0.536378, pointY=0.502171, distance=0, color='red'), ShootingResult(nth=9, score=9.2, time=7.4, pointX=0.434609, pointY=0.439541, distance=0, color='red'), ShootingResult(nth=10, score=8.6, time=11.7, pointX=0.380567, pointY=0.50526, distance=0, color='orange')]",10,"[0.470784, 0.4830635]",0.09125406228515154,"[0.08167895002018573, 0.053005150100721356]",0.048920599878827103,입문
20250115-9c941e98-01c8-462b-9be6-3620e2502487,"[ShootingResult(nth=1, score=8.2, time=7.1, pointX=0.416802, pointY=0.387092, distance=0, color='orange'), ShootingResult(nth=2, score=9.6, time=8.8, pointX=0.567898, pointY=0.484427, distance=0, color='red'), ShootingResult(nth=3, score=9.9, time=3.9, pointX=0.476478, pointY=0.453123, distance=0, color='red'), ShootingResult(nth=4, score=7.7, time=3.2, pointX=0.65872, pointY=0.462432, distance=0, color='orange'), ShootingResult(nth=5, score=10.2, time=9.0, pointX=0.54047, pointY=0.511071, distance=0, color='red'), ShootingResult(nth=6, score=9.7, time=8.5, pointX=0.438345, pointY=0.48363, distance=0, color='red'), ShootingResult(nth=7, score=6.8, time=5.7, pointX=0.296909, pointY=0.557771, distance=0, color='green'), ShootingResult(nth=8, score=8.9, time=9.2, pointX=0.517123, pointY=0.396884, distance=0, color='orange'), ShootingResult(nth=9, score=10.4, time=4.0, pointX=0.500825, pointY=0.468321, distance=0, color='red'), ShootingResult(nth=10, score=8.9, time=3.0, pointX=0.438606, pointY=0.581674, distance=0, color='orange')]",10,"[0.4886515, 0.4759755]",0.0927805508473989,"[0.09265008914750163, 0.05837230305418831]",0.034453552591417726,입문
20250115-f74a9e94-b260-44cd-ae55-0ea0903f3036,"[ShootingResult(nth=1, score=10.1, time=8.7, pointX=0.456472, pointY=0.498456, distance=0, color='red'), ShootingResult(nth=2, score=9.8, time=9.0, pointX=0.476736, pointY=0.445928, distance=0, color='red'), ShootingResult(nth=3, score=8.9, time=4.3, pointX=0.410064, pointY=0.452949, distance=0, color='orange'), ShootingResult(nth=4, score=8.5, time=4.4, pointX=0.373249, pointY=0.498059, distance=0, color='orange'), ShootingResult(nth=5, score=9.1, time=7.5, pointX=0.564993, pointY=0.563859, distance=0, color='red'), ShootingResult(nth=6, score=9.6, time=7.9, pointX=0.471699, pointY=0.559862, distance=0, color='red'), ShootingResult(nth=7, score=9.0, time=5.4, pointX=0.404412, pointY=0.48076, distance=0, color='red'), ShootingResult(nth=8, score=10.1, time=8.6, pointX=0.543312, pointY=0.503197, distance=0, color='red'), ShootingResult(nth=9, score=9.4, time=6.9, pointX=0.426377, pointY=0.524379, distance=0, color='red'), ShootingResult(nth=10, score=9.8, time=4.3, pointX=0.532576, pointY=0.545109, distance=0, color='red')]",10,"[0.4640855, 0.5008265000000001]",0.06741128111406672,"[0.06127176593668572, 0.039100191459377785]",0.03941605540573794,입문
20250115-56b9957e-09af-4e07-bdd3-b2ef87e8b741,"[ShootingResult(nth=1, score=8.4, time=10.8, pointX=0.586466, pointY=0.59317, distance=0, color='orange'), ShootingResult(nth=2, score=8.6, time=4.2, pointX=0.433085, pointY=0.404089, distance=0, color='orange'), ShootingResult(nth=3, score=8.8, time=7.2, pointX=0.559768, pointY=0.409814, distance=0, color='orange'), ShootingResult(nth=4, score=5.9, time=4.3, pointX=0.586927, pointY=0.257884, distance=0, color='green'), ShootingResult(nth=5, score=9.6, time=6.3, pointX=0.566868, pointY=0.494955, distance=0, color='red'), ShootingResult(nth=6, score=5.0, time=3.9, pointX=0.210953, pointY=0.404371, distance=0, color='green'), ShootingResult(nth=7, score=9.1, time=13.6, pointX=0.554809, pointY=0.424048, distance=0, color='red'), ShootingResult(nth=8, score=9.3, time=24.7, pointX=0.524407, pointY=0.58033, distance=0, color='red'), ShootingResult(nth=9, score=7.2, time=13.9, pointX=0.334298, pointY=0.59147, distance=0, color='orange'), ShootingResult(nth=10, score=6.2, time=5.1, pointX=0.323153, pointY=0.334579, distance=0, color='green')]",10,"[0.539608, 0.416931]",0.1570470564987134,"[0.12776567052005794, 0.10780736685125002]",0.05979086105035175,입문
20250115-7526fe12-7eae-4b65-9ab1-aac46a049ce5,"[ShootingResult(nth=1, score=8.6, time=17.8, pointX=0.452399, pointY=0.606792, distance=0, color='orange'), ShootingResult(nth=2, score=8.0, time=13.1, pointX=0.490633, pointY=0.351565, distance=0, color='orange'), ShootingResult(nth=3, score=10.5, time=14.3, pointX=0.485394, pointY=0.473738, distance=0, color='red'), ShootingResult(nth=4, score=10.2, time=21.8, pointX=0.523967, pointY=0.465391, distance=0, color='red'), ShootingResult(nth=5, score=9.7, time=11.6, pointX=0.439839, pointY=0.485459, distance=0, color='red'), ShootingResult(nth=6, score=8.7, time=10.6, pointX=0.582376, pointY=0.577032, distance=0, color='orange'), ShootingResult(nth=7, score=10.2, time=17.7, pointX=0.499877, pointY=0.542067, distance=0, color='red'), ShootingResult(nth=8, score=8.4, time=20.4, pointX=0.434431, pointY=0.609878, distance=0, color='orange'), ShootingResult(nth=9, score=8.9, time=3.3, pointX=0.59681, pointY=0.543146, distance=0, color='orange'), ShootingResult(nth=10, score=9.8, time=10.1, pointX=0.447438, pointY=0.476415, distance=0, color='red')]",10,"[0.4880135, 0.513763]",0.0840270612273725,"[0.05455399825530663, 0.07483460743806972]",0.04440988841000207,입문
20250115-1a0d472c-eef8-4791-962e-9d7fb7094f58,"[ShootingResult(nth=1, score=9.9, time=18.8, pointX=0.458235, pointY=0.529288, distance=0, color='red'), ShootingResult(nth=2, score=10.9, time=11.0, pointX=0.507624, pointY=0.503558, distance=0, color='red'), ShootingResult(nth=3, score=9.9, time=13.6, pointX=0.474937, pointY=0.54412, distance=0, color='red'), ShootingResult(nth=4, score=8.4, time=20.2, pointX=0.529369, pointY=0.62862, distance=0, color='orange'), ShootingResult(nth=5, score=10.2, time=9.0, pointX=0.488574, pointY=0.539969, distance=0, color='red'), ShootingResult(nth=6, score=9.6, time=17.9, pointX=0.488137, pointY=0.56864, distance=0, color='red'), ShootingResult(nth=7, score=9.9, time=18.0, pointX=0.466475, pointY=0.543193, distance=0, color='red'), ShootingResult(nth=8, score=9.8, time=18.1, pointX=0.461968, pointY=0.543193, distance=0, color='red'), ShootingResult(nth=9, score=10.1, time=7.4, pointX=0.517285, pointY=0.461092, distance=0, color='red'), ShootingResult(nth=10, score=9.9, time=8.7, pointX=0.549733, pointY=0.503551, distance=0, color='red')]",10,"[0.4883555, 0.5415810000000001]",0.041983121315524986,"[0.029282103718995332, 0.04193799138537753]",0.01175404733936897,입문
20250115-c75de866-b398-46ee-aaf4-fdb9def10355,"[ShootingResult(nth=1, score=10.0, time=19.8, pointX=0.453779, pointY=0.49688, distance=0, color='red'), ShootingResult(nth=2, score=10.4, time=13.0, pointX=0.466171, pointY=0.491911, distance=0, color='red'), ShootingResult(nth=3, score=8.6, time=14.5, pointX=0.414349, pointY=0.414535, distance=0, color='orange'), ShootingResult(nth=4, score=10.2, time=14.6, pointX=0.468693, pointY=0.528295, distance=0, color='red'), ShootingResult(nth=5, score=9.0, time=9.0, pointX=0.506609, pointY=0.401161, distance=0, color='red'), ShootingResult(nth=6, score=10.2, time=17.1, pointX=0.521905, pointY=0.465391, distance=0, color='red'), ShootingResult(nth=7, score=9.1, time=17.5, pointX=0.426006, pointY=0.556889, distance=0, color='red'), ShootingResult(nth=8, score=10.6, time=19.6, pointX=0.525329, pointY=0.497236, distance=0, color='red'), ShootingResult(nth=9, score=9.5, time=3.7, pointX=0.457738, pointY=0.558051, distance=0, color='red'), ShootingResult(nth=10, score=8.0, time=22.0, pointX=0.480306, pointY=0.352625, distance=0, color='orange')]",10,"[0.467432, 0.4943955]",0.06490111854647615,"[0.03552547574980524, 0.06470096224044893]",0.02508475294932192,입문
20250115-d7968157-b488-44a2-8ec0-95ed1b4642f1,"[ShootingResult(nth=1, score=8.6, time=4.2, pointX=0.54416, pointY=0.38953, distance=0, color='orange'), ShootingResult(nth=2, score=9.8, time=6.4, pointX=0.449299, pointY=0.473565, distance=0, color='red'), ShootingResult(nth=3, score=10.8, time=8.9, pointX=0.487343, pointY=0.484324, distance=0, color='red'), ShootingResult(nth=4, score=9.7, time=4.9, pointX=0.553154, pointY=0.468924, distance=0, color='red'), ShootingResult(nth=5, score=10.6, time=4.6, pointX=0.513928, pointY=0.479964, distance=0, color='red'), ShootingResult(nth=6, score=8.5, time=4.7, pointX=0.374369, pointY=0.48694, distance=0, color='orange'), ShootingResult(nth=7, score=9.3, time=10.5, pointX=0.418946, pointY=0.50479, distance=0, color='red'), ShootingResult(nth=8, score=8.6, time=9.5, pointX=0.541989, pointY=0.612938, distance=0, color='orange'), ShootingResult(nth=9, score=10.0, time=6.0, pointX=0.543443, pointY=0.478253, distance=0, color='red'), ShootingResult(nth=10, score=10.1, time=10.3, pointX=0.457136, pointY=0.49542, distance=0, color='red')]",10,"[0.5006355, 0.482144]",0.06722448057776745,"[0.05847205697091562, 0.051367715284602634]",0.025786793370354832,입문
20250115-64f787a8-714d-413e-a223-c0d02d5d8313,"[ShootingResult(nth=1, score=8.7, time=5.3, pointX=0.502392, pointY=0.388212, distance=0, color='orange'), ShootingResult(nth=2, score=7.5, time=6.4, pointX=0.553749, pointY=0.334993, distance=0, color='orange'), ShootingResult(nth=3, score=9.1, time=5.0, pointX=0.412554, pointY=0.465808, distance=0, color='red'), ShootingResult(nth=4, score=8.1, time=5.3, pointX=0.572331, pointY=0.373355, distance=0, color='orange'), ShootingResult(nth=5, score=9.0, time=5.2, pointX=0.411757, pointY=0.456482, distance=0, color='red'), ShootingResult(nth=6, score=8.8, time=2.6, pointX=0.569216, pointY=0.41659, distance=0, color='orange'), ShootingResult(nth=7, score=6.0, time=7.7, pointX=0.346657, pointY=0.300556, distance=0, color='green'), ShootingResult(nth=8, score=10.0, time=2.8, pointX=0.464475, pointY=0.469539, distance=0, color='red'), ShootingResult(nth=9, score=7.1, time=5.8, pointX=0.579087, pointY=0.32052, distance=0, color='orange'), ShootingResult(nth=10, score=3.9, time=5.5, pointX=0.653488, pointY=0.173795, distance=0, color='blue')]",10,"[0.5280705, 0.3807835]",0.10893923891852561,"[0.09083426005115032, 0.08721955751894181]",0.04134331049859492,입문
20250115-bdbc0ab2-f6e6-4ea4-a62c-fa5282481dec,"[ShootingResult(nth=1, score=10.6, time=5.7, pointX=0.507039, pointY=0.475347, distance=0, color='red'), ShootingResult(nth=2, score=10.7, time=6.5, pointX=0.490566, pointY=0.518688, distance=0, color='red'), ShootingResult(nth=3, score=10.7, time=6.3, pointX=0.490566, pointY=0.518688, distance=0, color='red'), ShootingResult(nth=4, score=10.9, time=10.8, pointX=0.501572, pointY=0.491261, distance=0, color='red'), ShootingResult(nth=5, score=10.2, time=16.7, pointX=0.468303, pointY=0.47375, distance=0, color='red'), ShootingResult(nth=6, score=9.8, time=16.3, pointX=0.463751, pointY=0.454916, distance=0, color='red'), ShootingResult(nth=7, score=9.8, time=5.3, pointX=0.55123, pointY=0.470706, distance=0, color='red'), ShootingResult(nth=8, score=9.6, time=4.3, pointX=0.435504, pointY=0.488631, distance=0, color='red'), ShootingResult(nth=9, score=10.4, time=6.7, pointX=0.506916, pointY=0.530685, distance=0, color='red'), ShootingResult(nth=10, score=10.7, time=6.9, pointX=0.520526, pointY=0.512082, distance=0, color='red')]",10,"[0.496069, 0.489946]",0.035639729251478784,"[0.03064662820295244, 0.02398642380264303]",0.01942430415124513,입문
20250115-cc7e0c90-84f7-47c5-a4b4-c71740b0c7ec,"[ShootingResult(nth=1, score=10.7, time=4.6, pointX=0.491797, pointY=0.480844, distance=0, color='red'), ShootingResult(nth=2, score=10.3, time=5.6, pointX=0.518539, pointY=0.469784, distance=0, color='red'), ShootingResult(nth=3, score=9.5, time=5.0, pointX=0.463863, pointY=0.439394, distance=0, color='red'), ShootingResult(nth=4, score=10.5, time=5.1, pointX=0.526041, pointY=0.511417, distance=0, color='red'), ShootingResult(nth=5, score=9.3, time=6.3, pointX=0.547887, pointY=0.566195, distance=0, color='red'), ShootingResult(nth=6, score=9.8, time=6.2, pointX=0.53416, pointY=0.543208, distance=0, color='red'), ShootingResult(nth=7, score=9.1, time=5.0, pointX=0.547469, pointY=0.416738, distance=0, color='red'), ShootingResult(nth=8, score=9.6, time=7.8, pointX=0.450733, pointY=0.450238, distance=0, color='red'), ShootingResult(nth=9, score=9.2, time=4.2, pointX=0.521237, pointY=0.583778, distance=0, color='red'), ShootingResult(nth=10, score=10.9, time=2.1, pointX=0.490458, pointY=0.490174, distance=0, color='red')]",10,"[0.5198879999999999, 0.48550899999999997]",0.056809556528082915,"[0.03198106431374665, 0.052558168693362974]",0.029148492805179,입문
20250115-5202d94d-ee13-415e-a8ee-05e1d1035f38,"[ShootingResult(nth=1, score=9.8, time=4.7, pointX=0.487598, pointY=0.443421, distance=0, color='red'), ShootingResult(nth=2, score=9.6, time=8.0, pointX=0.501165, pointY=0.566816, distance=0, color='red'), ShootingResult(nth=3, score=7.8, time=5.8, pointX=0.533909, pointY=0.343901, distance=0, color='orange'), ShootingResult(nth=4, score=10.3, time=6.0, pointX=0.462553, pointY=0.491951, distance=0, color='red'), ShootingResult(nth=5, score=8.4, time=9.0, pointX=0.579507, pointY=0.397061, distance=0, color='orange'), ShootingResult(nth=6, score=6.3, time=4.0, pointX=0.509282, pointY=0.260165, distance=0, color='green'), ShootingResult(nth=7, score=10.2, time=4.7, pointX=0.541338, pointY=0.497846, distance=0, color='red'), ShootingResult(nth=8, score=9.1, time=3.7, pointX=0.512945, pointY=0.404749, distance=0, color='red'), ShootingResult(nth=9, score=7.9, time=7.4, pointX=0.388433, pointY=0.391571, distance=0, color='orange'), ShootingResult(nth=10, score=9.2, time=5.1, pointX=0.517061, pointY=0.414786, distance=0, color='red')]",10,"[0.5111135, 0.4097675]",0.08130206543532906,"[0.04859555206281744, 0.0813989243602764]",0.030622474560407106,입문
20250115-c7cd5486-daab-4231-8558-477c746c3594,"[ShootingResult(nth=1, score=9.7, time=5.3, pointX=0.564315, pointY=0.497728, distance=0, color='red'), ShootingResult(nth=2, score=10.9, time=5.4, pointX=0.50595, pointY=0.491542, distance=0, color='red'), ShootingResult(nth=3, score=10.6, time=6.5, pointX=0.500418, pointY=0.526566, distance=0, color='red'), ShootingResult(nth=4, score=9.6, time=6.9, pointX=0.548707, pointY=0.545978, distance=0, color='red'), ShootingResult(nth=5, score=9.5, time=6.3, pointX=0.454183, pointY=0.441264, distance=0, color='red'), ShootingResult(nth=6, score=10.6, time=4.7, pointX=0.479811, pointY=0.481371, distance=0, color='red'), ShootingResult(nth=7, score=10.4, time=6.6, pointX=0.470317, pointY=0.48186, distance=0, color='red'), ShootingResult(nth=8, score=10.8, time=5.5, pointX=0.505985, pointY=0.480791, distance=0, color='red'), ShootingResult(nth=9, score=9.9, time=7.7, pointX=0.449543, pointY=0.484596, distance=0, color='red'), ShootingResult(nth=10, score=10.9, time=6.0, pointX=0.500571, pointY=0.491062, distance=0, color='red')]",10,"[0.5004945000000001, 0.487829]",0.03667747324055546,"[0.03531783276476629, 0.02666827630275342]",0.01139099524660903,입문
20250115-4ecf996d-ea87-4171-8412-585d18606a70,"[ShootingResult(nth=1, score=9.3, time=5.9, pointX=0.576725, pointY=0.466611, distance=0, color='red'), ShootingResult(nth=2, score=9.9, time=5.5, pointX=0.531015, pointY=0.458601, distance=0, color='red'), ShootingResult(nth=3, score=10.4, time=4.8, pointX=0.531189, pointY=0.506709, distance=0, color='red'), ShootingResult(nth=4, score=10.7, time=6.8, pointX=0.502517, pointY=0.479493, distance=0, color='red'), ShootingResult(nth=5, score=9.1, time=5.3, pointX=0.523014, pointY=0.409317, distance=0, color='red'), ShootingResult(nth=6, score=10.7, time=4.3, pointX=0.477594, pointY=0.501786, distance=0, color='red'), ShootingResult(nth=7, score=10.1, time=5.9, pointX=0.530861, pointY=0.468351, distance=0, color='red'), ShootingResult(nth=8, score=9.5, time=5.1, pointX=0.550051, pointY=0.444456, distance=0, color='red'), ShootingResult(nth=9, score=10.1, time=6.4, pointX=0.46139, pointY=0.479037, distance=0, color='red'), ShootingResult(nth=10, score=8.8, time=7.5, pointX=0.486905, pointY=0.392909, distance=0, color='orange')]",10,"[0.5269375000000001, 0.46748100000000004]",0.04324720066993443,"[0.03323567349535737, 0.03477338929986548]",0.019053021281816622,입문
20250115-7a324720-d147-4208-a5c9-c31273cb6d87,"[ShootingResult(nth=1, score=9.3, time=7.4, pointX=0.523488, pointY=0.421336, distance=0, color='red'), ShootingResult(nth=2, score=9.5, time=4.4, pointX=0.464893, pointY=0.437667, distance=0, color='red'), ShootingResult(nth=3, score=8.4, time=7.3, pointX=0.38805, pointY=0.435644, distance=0, color='orange'), ShootingResult(nth=4, score=9.5, time=6.2, pointX=0.498684, pointY=0.425501, distance=0, color='red'), ShootingResult(nth=5, score=8.2, time=3.8, pointX=0.45314, pointY=0.368516, distance=0, color='orange'), ShootingResult(nth=6, score=7.8, time=7.7, pointX=0.33949, pointY=0.47797, distance=0, color='orange'), ShootingResult(nth=7, score=6.4, time=6.5, pointX=0.419822, pointY=0.28405, distance=0, color='green'), ShootingResult(nth=8, score=7.8, time=3.6, pointX=0.611112, pointY=0.383684, distance=0, color='orange'), ShootingResult(nth=9, score=9.5, time=9.3, pointX=0.469236, pointY=0.563594, distance=0, color='red'), ShootingResult(nth=10, score=8.6, time=11.7, pointX=0.429285, pointY=0.401132, distance=0, color='orange')]",10,"[0.4590165, 0.42341850000000003]",0.08579342939739755,"[0.0712563546625843, 0.06883054351841195]",0.03612041893765431,입문
20250115-5de10fa4-af6c-4e42-a730-bb50faff6650,"[ShootingResult(nth=1, score=8.0, time=6.2, pointX=0.437669, pointY=0.361556, distance=0, color='orange'), ShootingResult(nth=2, score=7.9, time=6.3, pointX=0.48744, pointY=0.347425, distance=0, color='orange'), ShootingResult(nth=3, score=8.5, time=3.6, pointX=0.552322, pointY=0.388162, distance=0, color='orange'), ShootingResult(nth=4, score=9.8, time=3.1, pointX=0.55774, pointY=0.485173, distance=0, color='red'), ShootingResult(nth=5, score=7.9, time=10.4, pointX=0.563562, pointY=0.356077, distance=0, color='orange'), ShootingResult(nth=6, score=7.9, time=5.9, pointX=0.40962, pointY=0.374188, distance=0, color='orange'), ShootingResult(nth=7, score=9.7, time=3.9, pointX=0.451113, pointY=0.46024, distance=0, color='red'), ShootingResult(nth=8, score=8.4, time=6.3, pointX=0.595669, pointY=0.409542, distance=0, color='orange'), ShootingResult(nth=9, score=7.7, time=7.8, pointX=0.427847, pointY=0.351661, distance=0, color='orange'), ShootingResult(nth=10, score=6.0, time=6.1, pointX=0.611197, pointY=0.272731, distance=0, color='green')]",10,"[0.519881, 0.367872]",0.08649790125998136,"[0.07109812573682937, 0.0572291366792301]",0.05300705594639577,입문
20250115-51460fdd-69d7-48a5-87e4-6eead7174d2e,"[ShootingResult(nth=1, score=9.7, time=7.7, pointX=0.521097, pointY=0.559159, distance=0, color='red'), ShootingResult(nth=2, score=9.9, time=5.4, pointX=0.456839, pointY=0.474487, distance=0, color='red'), ShootingResult(nth=3, score=10.4, time=4.5, pointX=0.53061, pointY=0.511344, distance=0, color='red'), ShootingResult(nth=4, score=9.5, time=3.6, pointX=0.42779, pointY=0.479676, distance=0, color='red'), ShootingResult(nth=5, score=8.0, time=9.4, pointX=0.549347, pointY=0.639687, distance=0, color='orange'), ShootingResult(nth=6, score=10.9, time=2.2, pointX=0.496978, pointY=0.491189, distance=0, color='red'), ShootingResult(nth=7, score=9.3, time=3.6, pointX=0.580766, pointY=0.484267, distance=0, color='red'), ShootingResult(nth=8, score=10.6, time=3.0, pointX=0.477277, pointY=0.491844, distance=0, color='red'), ShootingResult(nth=9, score=10.9, time=9.2, pointX=0.512426, pointY=0.507024, distance=0, color='red'), ShootingResult(nth=10, score=8.4, time=10.3, pointX=0.402398, pointY=0.416006, distance=0, color='orange')]",10,"[0.504702, 0.4915165]",0.06416406202232143,"[0.05236958268842708, 0.05603739522863282]",0.018952375660876257,입문
20250115-c827c61b-17b1-4757-a4d8-412d39f10609,"[ShootingResult(nth=1, score=10.6, time=10.8, pointX=0.476412, pointY=0.507151, distance=0, color='red'), ShootingResult(nth=2, score=10.9, time=5.8, pointX=0.495721, pointY=0.514014, distance=0, color='red'), ShootingResult(nth=3, score=10.3, time=6.6, pointX=0.471724, pointY=0.477407, distance=0, color='red'), ShootingResult(nth=4, score=10.6, time=6.5, pointX=0.476412, pointY=0.507151, distance=0, color='red'), ShootingResult(nth=5, score=10.9, time=5.1, pointX=0.509746, pointY=0.489179, distance=0, color='red'), ShootingResult(nth=6, score=10.3, time=5.6, pointX=0.530729, pointY=0.522139, distance=0, color='red'), ShootingResult(nth=7, score=10.5, time=6.1, pointX=0.501532, pointY=0.470756, distance=0, color='red'), ShootingResult(nth=8, score=9.4, time=7.8, pointX=0.530487, pointY=0.430206, distance=0, color='red'), ShootingResult(nth=9, score=9.7, time=3.5, pointX=0.516389, pointY=0.438302, distance=0, color='red'), ShootingResult(nth=10, score=10.8, time=4.9, pointX=0.481672, pointY=0.497271, distance=0, color='red')]",10,"[0.4986265, 0.493225]",0.03280989168803627,"[0.021207981191994688, 0.029686435704543587]",0.015014449404425301,입문
20250115-73af3502-be6f-4de2-819d-235bff1dfb59,"[ShootingResult(nth=1, score=8.0, time=10.4, pointX=0.354306, pointY=0.455365, distance=0, color='orange'), ShootingResult(nth=2, score=10.5, time=3.7, pointX=0.477533, pointY=0.480035, distance=0, color='red'), ShootingResult(nth=3, score=7.8, time=7.6, pointX=0.345197, pointY=0.450797, distance=0, color='orange'), ShootingResult(nth=4, score=0.0, time=1.8, pointX=0.881798, pointY=-0.019809, distance=0, color='blue'), ShootingResult(nth=5, score=0.0, time=1.5, pointX=1.01327, pointY=0.0751957, distance=0, color='blue'), ShootingResult(nth=6, score=0.0, time=6.3, pointX=0.898665, pointY=0.0233572, distance=0, color='blue'), ShootingResult(nth=7, score=5.7, time=3.9, pointX=0.420905, pointY=0.245325, distance=0, color='green'), ShootingResult(nth=8, score=0.0, time=1.2, pointX=0.92843, pointY=0.0629116, distance=0, color='blue'), ShootingResult(nth=9, score=6.6, time=0.3, pointX=0.552523, pointY=0.281682, distance=0, color='green'), ShootingResult(nth=10, score=3.4, time=2.9, pointX=0.516007, pointY=0.113095, distance=0, color='blue')]",10,"[0.534265, 0.17920999999999998]",0.2968514543123516,"[0.24775750228204996, 0.18272272710636328]",0.15899616661858623,입문
20250115-4be6dd87-7e81-41d3-b16d-59edef508f2a,"[ShootingResult(nth=1, score=0.0, time=13.9, pointX=1.00072, pointY=1.02372, distance=0, color='blue'), ShootingResult(nth=2, score=0.0, time=1.4, pointX=1.00799, pointY=0.971203, distance=0, color='blue'), ShootingResult(nth=3, score=0.0, time=3.2, pointX=0.840785, pointY=0.958121, distance=0, color='blue'), ShootingResult(nth=4, score=0.0, time=0.6, pointX=0.990345, pointY=0.75336, distance=0, color='blue'), ShootingResult(nth=5, score=0.0, time=5.1, pointX=1.04629, pointY=1.00964, distance=0, color='blue'), ShootingResult(nth=6, score=0.0, time=1.3, pointX=0.985737, pointY=0.906359, distance=0, color='blue'), ShootingResult(nth=7, score=0.0, time=8.1, pointX=1.00709, pointY=0.77453, distance=0, color='blue'), ShootingResult(nth=8, score=1.5, time=0.8, pointX=0.919766, pointY=0.745708, distance=0, color='blue'), ShootingResult(nth=9, score=0.0, time=1.8, pointX=0.964314, pointY=0.829577, distance=0, color='blue'), ShootingResult(nth=10, score=0.0, time=1.0, pointX=1.00091, pointY=1.03677, distance=0, color='blue')]",10,"[0.9955325, 0.93224]",0.11600545055733642,"[0.05481165085098239, 0.1097840188322508]",0.06170895428695661,입문
20250115-ad0cbaa7-f598-4556-ae24-b5518f141c10,"[ShootingResult(nth=1, score=0.0, time=4.8, pointX=1.04736, pointY=0.989315, distance=0, color='blue'), ShootingResult(nth=2, score=0.0, time=1.8, pointX=0.936644, pointY=0.916302, distance=0, color='blue'), ShootingResult(nth=3, score=0.0, time=0.6, pointX=1.05577, pointY=0.984894, distance=0, color='blue'), ShootingResult(nth=4, score=0.0, time=6.8, pointX=0.927921, pointY=0.88595, distance=0, color='blue'), ShootingResult(nth=5, score=0.0, time=0.8, pointX=0.990778, pointY=0.842143, distance=0, color='blue'), ShootingResult(nth=6, score=0.0, time=0.3, pointX=1.00867, pointY=0.933069, distance=0, color='blue'), ShootingResult(nth=7, score=0.0, time=1.0, pointX=0.924138, pointY=0.912292, distance=0, color='blue'), ShootingResult(nth=8, score=0.0, time=1.5, pointX=1.03467, pointY=0.998033, distance=0, color='blue'), ShootingResult(nth=9, score=0.0, time=2.1, pointX=0.897989, pointY=0.868665, distance=0, color='blue'), ShootingResult(nth=10, score=0.0, time=3.0, pointX=0.00125351, pointY=0.0988122, distance=0, color='blue')]",10,"[0.963711, 0.9142969999999999]",0.19178297463080743,"[0.2985906328267362, 0.2530185349100607]",-0.1660953116974819,입문
20250115-73fa5b01-01ba-46da-9307-3d65c2ee97c4,"[ShootingResult(nth=1, score=10.5, time=2.2, pointX=0.526235, pointY=0.487385, distance=0, color='red'), ShootingResult(nth=2, score=10.2, time=3.1, pointX=0.473585, pointY=0.468402, distance=0, color='red'), ShootingResult(nth=3, score=8.1, time=1.2, pointX=0.507745, pointY=0.35644, distance=0, color='orange'), ShootingResult(nth=4, score=10.0, time=0.2, pointX=0.482801, pointY=0.545004, distance=0, color='red'), ShootingResult(nth=5, score=7.7, time=3.3, pointX=0.656163, pointY=0.443071, distance=0, color='orange'), ShootingResult(nth=6, score=4.1, time=0.4, pointX=0.822942, pointY=0.632475, distance=0, color='blue'), ShootingResult(nth=7, score=0.0, time=1.8, pointX=1.02809, pointY=0.906316, distance=0, color='blue'), ShootingResult(nth=8, score=0.0, time=1.1, pointX=0.982781, pointY=0.967229, distance=0, color='blue'), ShootingResult(nth=9, score=0.0, time=3.4, pointX=0.902937, pointY=0.921302, distance=0, color='blue'), ShootingResult(nth=10, score=0.0, time=0.7, pointX=0.85604, pointY=0.878515, distance=0, color='blue')]",10,"[0.7395525000000001, 0.5887395]",0.2940556684655177,"[0.20737514973180854, 0.22153539313276785]",0.18906243297009387,입문
20250115-71caa55b-d71b-43ff-9fbd-222805ec5f79,"[ShootingResult(nth=1, score=9.6, time=4.8, pointX=0.562558, pointY=0.476219, distance=0, color='red'), ShootingResult(nth=2, score=10.3, time=4.8, pointX=0.474233, pointY=0.524226, distance=0, color='red'), ShootingResult(nth=3, score=9.8, time=3.2, pointX=0.524963, pointY=0.550438, distance=0, color='red'), ShootingResult(nth=4, score=10.7, time=3.1, pointX=0.521094, pointY=0.497628, distance=0, color='red'), ShootingResult(nth=5, score=8.1, time=3.7, pointX=0.6418, pointY=0.524881, distance=0, color='orange'), ShootingResult(nth=6, score=2.1, time=3.1, pointX=0.86676, pointY=0.767257, distance=0, color='blue'), ShootingResult(nth=7, score=0.0, time=5.0, pointX=1.0079, pointY=0.867856, distance=0, color='blue'), ShootingResult(nth=8, score=0.0, time=2.2, pointX=1.04725, pointY=0.9804, distance=0, color='blue'), ShootingResult(nth=9, score=0.0, time=8.5, pointX=0.953865, pointY=0.97225, distance=0, color='blue'), ShootingResult(nth=10, score=0.0, time=4.9, pointX=0.965446, pointY=0.863578, distance=0, color='blue')]",10,"[0.7542800000000001, 0.6588475]",0.28731186990072377,"[0.21953945080164977, 0.19674965582335843]",0.20813852115065773,입문
20250115-f3672bf7-410c-473b-9578-a33e86d08a9f,"[ShootingResult(nth=1, score=10.5, time=7.4, pointX=0.512804, pointY=0.528352, distance=0, color='red'), ShootingResult(nth=2, score=9.2, time=7.7, pointX=0.571338, pointY=0.44648, distance=0, color='red'), ShootingResult(nth=3, score=9.8, time=6.7, pointX=0.487506, pointY=0.554984, distance=0, color='red'), ShootingResult(nth=4, score=8.6, time=5.6, pointX=0.5078, pointY=0.38084, distance=0, color='orange'), ShootingResult(nth=5, score=9.2, time=3.4, pointX=0.446239, pointY=0.431718, distance=0, color='red'), ShootingResult(nth=6, score=8.2, time=1.8, pointX=0.428205, pointY=0.378053, distance=0, color='orange'), ShootingResult(nth=7, score=9.3, time=2.9, pointX=0.584889, pointY=0.488687, distance=0, color='red'), ShootingResult(nth=8, score=9.3, time=1.7, pointX=0.487329, pointY=0.580001, distance=0, color='red'), ShootingResult(nth=9, score=9.7, time=3.5, pointX=0.440511, pointY=0.523437, distance=0, color='red'), ShootingResult(nth=10, score=9.8, time=1.8, pointX=0.516422, pointY=0.554686, distance=0, color='red')]",10,"[0.497653, 0.506062]",0.08087839416588055,"[0.04966017078514733, 0.06980651485613647]",0.04664160683341515,입문
20250115-ff1f8845-0c0f-4e08-a589-24430c7dd164,"[ShootingResult(nth=1, score=9.3, time=8.1, pointX=0.459685, pointY=0.427959, distance=0, color='red'), ShootingResult(nth=2, score=6.1, time=3.5, pointX=0.251319, pointY=0.495779, distance=0, color='green'), ShootingResult(nth=3, score=8.5, time=4.7, pointX=0.599294, pointY=0.574571, distance=0, color='orange'), ShootingResult(nth=4, score=10.2, time=2.2, pointX=0.46009, pointY=0.495949, distance=0, color='red'), ShootingResult(nth=5, score=9.6, time=2.4, pointX=0.432201, pointY=0.496178, distance=0, color='red'), ShootingResult(nth=6, score=7.1, time=4.2, pointX=0.386101, pointY=0.34203, distance=0, color='orange'), ShootingResult(nth=7, score=9.8, time=1.5, pointX=0.545075, pointY=0.468303, distance=0, color='red'), ShootingResult(nth=8, score=8.9, time=6.0, pointX=0.454122, pointY=0.593504, distance=0, color='orange'), ShootingResult(nth=9, score=9.8, time=3.7, pointX=0.527325, pointY=0.549479, distance=0, color='red'), ShootingResult(nth=10, score=8.0, time=2.4, pointX=0.368282, pointY=0.426018, distance=0, color='orange')]",10,"[0.4569035, 0.49586399999999997]",0.1024883647402279,"[0.09383193538364216, 0.07192170468502539]",0.042276653326882324,입문
20250115-297b8713-a1b0-42aa-8edd-954aa13a8d04,"[ShootingResult(nth=1, score=10.6, time=18.2, pointX=0.480086, pointY=0.519053, distance=0, color='red'), ShootingResult(nth=2, score=9.2, time=7.1, pointX=0.417364, pointY=0.5329, distance=0, color='red'), ShootingResult(nth=3, score=10.9, time=5.6, pointX=0.506834, pointY=0.513115, distance=0, color='red'), ShootingResult(nth=4, score=10.1, time=2.4, pointX=0.52754, pointY=0.467006, distance=0, color='red'), ShootingResult(nth=5, score=9.5, time=2.4, pointX=0.531475, pointY=0.434018, distance=0, color='red'), ShootingResult(nth=6, score=10.9, time=1.9, pointX=0.486041, pointY=0.507976, distance=0, color='red'), ShootingResult(nth=7, score=10.6, time=4.0, pointX=0.476089, pointY=0.512866, distance=0, color='red'), ShootingResult(nth=8, score=10.6, time=3.1, pointX=0.51724, pointY=0.518453, distance=0, color='red'), ShootingResult(nth=9, score=10.0, time=3.0, pointX=0.472907, pointY=0.540421, distance=0, color='red'), ShootingResult(nth=10, score=9.9, time=2.9, pointX=0.491439, pointY=0.552597, distance=0, color='red')]",10,"[0.48874, 0.515784]",0.037159499310971345,"[0.03166640842043822, 0.03325848671016167]",0.009460534601836074,입문
20250115-a93053fd-2fde-470d-8683-130c6d658fbf,"[ShootingResult(nth=1, score=9.7, time=10.7, pointX=0.558702, pointY=0.472131, distance=2622, color='red'), ShootingResult(nth=2, score=9.6, time=5.8, pointX=0.560883, pointY=0.52988, distance=2623, color='red'), ShootingResult(nth=3, score=8.8, time=7.9, pointX=0.509443, pointY=0.392611, distance=2622, color='orange'), ShootingResult(nth=4, score=9.7, time=7.5, pointX=0.489478, pointY=0.439697, distance=2626, color='red'), ShootingResult(nth=5, score=10.0, time=7.5, pointX=0.523657, pointY=0.542208, distance=2622, color='red'), ShootingResult(nth=6, score=7.4, time=6.7, pointX=0.610005, pointY=0.354477, distance=2626, color='orange'), ShootingResult(nth=7, score=7.4, time=5.9, pointX=0.680828, pointY=0.5204, distance=2625, color='orange'), ShootingResult(nth=8, score=9.2, time=5.7, pointX=0.499354, pointY=0.413814, distance=2624, color='red'), ShootingResult(nth=9, score=9.9, time=6.2, pointX=0.548181, pointY=0.525788, distance=2627, color='red'), ShootingResult(nth=10, score=9.6, time=6.4, pointX=0.55137, pointY=0.457025, distance=2625, color='red')]",10,"[0.5497755, 0.46457800000000005]",0.07160104318670406,"[0.054204153052049425, 0.0614529445615912]",0.03160660130879134,입문
20250115-40bbf311-a91c-4a2e-9003-047dd49e5a21,"[ShootingResult(nth=1, score=8.7, time=4.3, pointX=0.450038, pointY=0.396221, distance=2624, color='orange'), ShootingResult(nth=2, score=9.4, time=6.8, pointX=0.47218, pointY=0.574406, distance=2625, color='red'), ShootingResult(nth=3, score=7.3, time=10.6, pointX=0.582974, pointY=0.331261, distance=2625, color='orange'), ShootingResult(nth=4, score=9.8, time=9.2, pointX=0.45747, pointY=0.462247, distance=2627, color='red'), ShootingResult(nth=5, score=10.4, time=8.2, pointX=0.510155, pointY=0.468016, distance=2627, color='red'), ShootingResult(nth=6, score=9.8, time=7.3, pointX=0.548105, pointY=0.472965, distance=2631, color='red'), ShootingResult(nth=7, score=8.6, time=8.6, pointX=0.464706, pointY=0.38604, distance=2630, color='orange'), ShootingResult(nth=8, score=6.5, time=6.8, pointX=0.519343, pointY=0.272925, distance=2624, color='green'), ShootingResult(nth=9, score=10.0, time=4.1, pointX=0.532127, pointY=0.536104, distance=2627, color='red'), ShootingResult(nth=10, score=9.6, time=4.8, pointX=0.541624, pointY=0.443294, distance=2628, color='red')]",10,"[0.514749, 0.4527705]",0.08440707739641687,"[0.0425977214550262, 0.0859798606773121]",0.03471572835410073,입문
20250115-847f1633-9dfe-4499-a283-a53a96291575,"[ShootingResult(nth=1, score=8.7, time=8.1, pointX=0.410952, pointY=0.42979, distance=2627, color='orange'), ShootingResult(nth=2, score=9.1, time=7.7, pointX=0.591573, pointY=0.481262, distance=2625, color='red'), ShootingResult(nth=3, score=10.6, time=9.1, pointX=0.524909, pointY=0.498965, distance=2627, color='red'), ShootingResult(nth=4, score=9.0, time=7.9, pointX=0.410515, pointY=0.464005, distance=2627, color='red'), ShootingResult(nth=5, score=10.4, time=7.4, pointX=0.466613, pointY=0.494579, distance=2626, color='red'), ShootingResult(nth=6, score=10.9, time=10.8, pointX=0.504687, pointY=0.514067, distance=2628, color='red'), ShootingResult(nth=7, score=10.7, time=6.6, pointX=0.489144, pointY=0.52019, distance=2628, color='red'), ShootingResult(nth=8, score=8.9, time=6.0, pointX=0.578333, pointY=0.433748, distance=2624, color='orange'), ShootingResult(nth=9, score=9.9, time=8.9, pointX=0.466651, pointY=0.457129, distance=2627, color='red'), ShootingResult(nth=10, score=8.4, time=8.5, pointX=0.588605, pointY=0.404637, distance=2631, color='orange')]",10,"[0.4969155, 0.47263350000000004]",0.06825009112178745,"[0.06418292023241075, 0.036654575020861994]",0.03905725305544468,입문
20250115-356689f2-098a-46d5-87f2-34bb41e15984,"[ShootingResult(nth=1, score=10.0, time=5.3, pointX=0.532565, pointY=0.466081, distance=2624, color='red'), ShootingResult(nth=2, score=9.1, time=5.7, pointX=0.569989, pointY=0.437782, distance=2625, color='red'), ShootingResult(nth=3, score=7.9, time=9.1, pointX=0.617413, pointY=0.598161, distance=2628, color='orange'), ShootingResult(nth=4, score=9.0, time=7.6, pointX=0.428716, pointY=0.429173, distance=2626, color='red'), ShootingResult(nth=5, score=9.8, time=6.5, pointX=0.555979, pointY=0.507834, distance=2626, color='red'), ShootingResult(nth=6, score=10.6, time=5.5, pointX=0.48295, pointY=0.521556, distance=2628, color='red'), ShootingResult(nth=7, score=9.6, time=8.4, pointX=0.494275, pointY=0.434645, distance=2631, color='red'), ShootingResult(nth=8, score=9.9, time=5.3, pointX=0.523405, pointY=0.546486, distance=2628, color='red'), ShootingResult(nth=9, score=9.6, time=5.8, pointX=0.555038, pointY=0.462048, distance=2626, color='red'), ShootingResult(nth=10, score=10.0, time=7.1, pointX=0.536707, pointY=0.531569, distance=2632, color='red')]",10,"[0.534636, 0.48695750000000004]",0.0636392321934291,"[0.049380733609475674, 0.05352633061447422]",0.027291681987386067,입문
20250115-ef1c2179-38ef-47ba-88f6-44d0d9265031,"[ShootingResult(nth=1, score=10.2, time=3.5, pointX=0.504294, pointY=0.459543, distance=2625, color='red'), ShootingResult(nth=2, score=10.2, time=6.5, pointX=0.472263, pointY=0.53131, distance=2627, color='red'), ShootingResult(nth=3, score=8.8, time=6.8, pointX=0.609062, pointY=0.481184, distance=2627, color='orange'), ShootingResult(nth=4, score=9.9, time=5.0, pointX=0.499303, pointY=0.449346, distance=2630, color='red'), ShootingResult(nth=5, score=7.5, time=6.0, pointX=0.657226, pointY=0.426254, distance=2624, color='orange'), ShootingResult(nth=6, score=8.1, time=5.3, pointX=0.534095, pointY=0.358108, distance=2630, color='orange'), ShootingResult(nth=7, score=9.1, time=5.7, pointX=0.575787, pointY=0.449382, distance=2626, color='red'), ShootingResult(nth=8, score=7.7, time=7.0, pointX=0.553999, pointY=0.343354, distance=2626, color='orange'), ShootingResult(nth=9, score=10.1, time=6.1, pointX=0.53813, pointY=0.479611, distance=2633, color='red'), ShootingResult(nth=10, score=7.5, time=5.2, pointX=0.508819, pointY=0.32246, distance=2629, color='orange')]",10,"[0.5361125, 0.449364]",0.07755678001138218,"[0.05313905864954704, 0.06420461851891965]",0.04029905650180542,입문
20250115-298e8f66-3699-4c13-876f-8e042d328152,"[ShootingResult(nth=1, score=9.1, time=4.8, pointX=0.565472, pointY=0.433009, distance=2631, color='red'), ShootingResult(nth=2, score=9.0, time=5.6, pointX=0.457347, pointY=0.589647, distance=2632, color='red'), ShootingResult(nth=3, score=8.9, time=5.1, pointX=0.445741, pointY=0.412336, distance=2629, color='orange'), ShootingResult(nth=4, score=8.5, time=7.5, pointX=0.552647, pointY=0.387181, distance=2633, color='orange'), ShootingResult(nth=5, score=10.0, time=10.4, pointX=0.547782, pointY=0.503717, distance=2632, color='red'), ShootingResult(nth=6, score=10.4, time=7.8, pointX=0.520437, pointY=0.473054, distance=2631, color='red'), ShootingResult(nth=7, score=8.5, time=6.2, pointX=0.547893, pointY=0.386921, distance=2632, color='orange'), ShootingResult(nth=8, score=7.7, time=7.6, pointX=0.605041, pointY=0.368853, distance=2635, color='orange'), ShootingResult(nth=9, score=8.9, time=7.4, pointX=0.399202, pointY=0.513099, distance=2631, color='orange'), ShootingResult(nth=10, score=8.6, time=6.4, pointX=0.50415, pointY=0.380659, distance=2629, color='orange')]",10,"[0.5341095, 0.4226725]",0.08215678116769493,"[0.05991995420191842, 0.0690360536432957]",0.032355966422718214,입문
20250115-a295b567-171e-4e05-abf4-4570182c4ae8,"[ShootingResult(nth=1, score=10.2, time=10.0, pointX=0.535479, pointY=0.521868, distance=2633, color='red'), ShootingResult(nth=2, score=10.4, time=12.2, pointX=0.490103, pointY=0.529753, distance=2626, color='red'), ShootingResult(nth=3, score=9.4, time=11.7, pointX=0.524222, pointY=0.425906, distance=2632, color='red'), ShootingResult(nth=4, score=10.6, time=13.8, pointX=0.475669, pointY=0.509679, distance=2631, color='red'), ShootingResult(nth=5, score=9.3, time=8.9, pointX=0.470075, pointY=0.421276, distance=2632, color='red'), ShootingResult(nth=6, score=9.6, time=10.2, pointX=0.546394, pointY=0.448305, distance=2632, color='red'), ShootingResult(nth=7, score=9.0, time=10.1, pointX=0.588099, pointY=0.543474, distance=2632, color='red'), ShootingResult(nth=8, score=9.5, time=9.3, pointX=0.499619, pointY=0.428739, distance=2631, color='red'), ShootingResult(nth=9, score=9.6, time=5.7, pointX=0.550694, pointY=0.453311, distance=2630, color='red'), ShootingResult(nth=10, score=8.2, time=9.0, pointX=0.488857, pointY=0.358718, distance=2629, color='orange')]",10,"[0.5119205, 0.450808]",0.061847427916665185,"[0.03629836435832889, 0.05660341214882722]",0.031877884235739604,입문
20250115-b15bc7e2-f594-4cb2-9522-6fc58451dd57,"[ShootingResult(nth=1, score=7.9, time=12.3, pointX=0.347148, pointY=0.504437, distance=2634, color='orange'), ShootingResult(nth=2, score=8.6, time=8.0, pointX=0.588591, pointY=0.423416, distance=2635, color='orange'), ShootingResult(nth=3, score=10.9, time=8.8, pointX=0.485005, pointY=0.494657, distance=2630, color='red'), ShootingResult(nth=4, score=9.7, time=7.8, pointX=0.465857, pointY=0.447371, distance=2627, color='red'), ShootingResult(nth=5, score=8.5, time=6.1, pointX=0.518928, pointY=0.377548, distance=2632, color='orange'), ShootingResult(nth=6, score=7.0, time=7.7, pointX=0.503428, pointY=0.298411, distance=2629, color='orange'), ShootingResult(nth=7, score=9.8, time=6.0, pointX=0.446304, pointY=0.47758, distance=2634, color='red'), ShootingResult(nth=8, score=9.3, time=8.6, pointX=0.574186, pointY=0.534201, distance=2630, color='red'), ShootingResult(nth=9, score=9.6, time=6.8, pointX=0.570033, pointY=0.503477, distance=2633, color='red'), ShootingResult(nth=10, score=9.1, time=14.8, pointX=0.590057, pointY=0.481682, distance=2629, color='red')]",10,"[0.5111779999999999, 0.47963100000000003]",0.09218062764140164,"[0.07319339720227501, 0.06740234651256588]",0.0468948272561014,입문
20250115-9836593b-560e-4061-8640-0f959fb1522a,"[ShootingResult(nth=1, score=10.6, time=14.6, pointX=0.52437, pointY=0.503796, distance=2633, color='red'), ShootingResult(nth=2, score=9.7, time=16.1, pointX=0.509592, pointY=0.438652, distance=2632, color='red'), ShootingResult(nth=3, score=10.1, time=15.8, pointX=0.538872, pointY=0.479257, distance=2631, color='red'), ShootingResult(nth=4, score=10.0, time=15.7, pointX=0.527434, pointY=0.461904, distance=2632, color='red'), ShootingResult(nth=5, score=10.2, time=8.7, pointX=0.514758, pointY=0.463666, distance=2634, color='red'), ShootingResult(nth=6, score=9.8, time=12.2, pointX=0.509596, pointY=0.443781, distance=2637, color='red'), ShootingResult(nth=7, score=9.5, time=18.5, pointX=0.549113, pointY=0.449362, distance=2633, color='red'), ShootingResult(nth=8, score=9.4, time=19.3, pointX=0.533068, pointY=0.426946, distance=2633, color='red'), ShootingResult(nth=9, score=9.5, time=11.1, pointX=0.574099, pointY=0.49878, distance=2635, color='red'), ShootingResult(nth=10, score=10.1, time=13.1, pointX=0.471959, pointY=0.536543, distance=2634, color='red')]",10,"[0.525902, 0.462785]",0.0344014124144913,"[0.025783933421609655, 0.03246347287968434]",0.010078250274504572,입문
20250115-9a1eb022-5f04-40e5-9005-6a0c21ac17ef,"[ShootingResult(nth=1, score=9.0, time=7.8, pointX=0.585123, pointY=0.45371, distance=2632, color='red'), ShootingResult(nth=2, score=9.7, time=10.7, pointX=0.528079, pointY=0.445998, distance=2635, color='red'), ShootingResult(nth=3, score=10.2, time=14.0, pointX=0.499112, pointY=0.459282, distance=2631, color='red'), ShootingResult(nth=4, score=9.1, time=12.3, pointX=0.533466, pointY=0.410243, distance=2631, color='red'), ShootingResult(nth=5, score=9.9, time=9.7, pointX=0.552092, pointY=0.494732, distance=2628, color='red'), ShootingResult(nth=6, score=10.3, time=11.1, pointX=0.483375, pointY=0.467833, distance=2633, color='red'), ShootingResult(nth=7, score=9.4, time=14.2, pointX=0.567209, pointY=0.462762, distance=2630, color='red'), ShootingResult(nth=8, score=9.8, time=11.8, pointX=0.552588, pointY=0.52125, distance=2633, color='red'), ShootingResult(nth=9, score=8.9, time=11.4, pointX=0.53349, pointY=0.40016, distance=2631, color='orange'), ShootingResult(nth=10, score=10.0, time=10.1, pointX=0.484546, pointY=0.455655, distance=2632, color='red')]",10,"[0.533478, 0.4574685]",0.044591696729790076,"[0.032568133443597894, 0.03355285993250053]",0.030427769152722054,입문
20250115-5b8c1487-7238-47db-a2ed-27ddcba2d15f,"[ShootingResult(nth=1, score=10.7, time=8.3, pointX=0.509833, pointY=0.478807, distance=2633, color='red'), ShootingResult(nth=2, score=10.2, time=14.5, pointX=0.514749, pointY=0.463818, distance=2634, color='red'), ShootingResult(nth=3, score=9.8, time=13.6, pointX=0.551867, pointY=0.481472, distance=2632, color='red'), ShootingResult(nth=4, score=10.6, time=16.0, pointX=0.484806, pointY=0.47897, distance=2634, color='red'), ShootingResult(nth=5, score=10.0, time=15.2, pointX=0.547305, pointY=0.485901, distance=2632, color='red'), ShootingResult(nth=6, score=9.7, time=21.1, pointX=0.528425, pointY=0.441257, distance=2636, color='red'), ShootingResult(nth=7, score=10.7, time=18.2, pointX=0.519663, pointY=0.513606, distance=2636, color='red'), ShootingResult(nth=8, score=9.9, time=16.7, pointX=0.551666, pointY=0.511748, distance=2629, color='red'), ShootingResult(nth=9, score=9.9, time=15.2, pointX=0.5514, pointY=0.485941, distance=2632, color='red'), ShootingResult(nth=10, score=9.0, time=11.9, pointX=0.51475, pointY=0.401983, distance=2633, color='red')]",10,"[0.524044, 0.480221]",0.034572035037787885,"[0.021595116948977144, 0.031212826395730333]",0.017501433254430425,입문
20250115-acbf1069-c6e8-468e-b77e-1b9f5c30f752,"[ShootingResult(nth=1, score=8.5, time=9.1, pointX=0.454811, pointY=0.382076, distance=2631, color='orange'), ShootingResult(nth=2, score=7.5, time=13.7, pointX=0.663715, pointY=0.440444, distance=2632, color='orange'), ShootingResult(nth=3, score=8.5, time=16.2, pointX=0.626634, pointY=0.507264, distance=2632, color='orange'), ShootingResult(nth=4, score=9.8, time=12.6, pointX=0.549089, pointY=0.530414, distance=2634, color='red'), ShootingResult(nth=5, score=9.5, time=10.3, pointX=0.553662, pointY=0.448676, distance=2636, color='red'), ShootingResult(nth=6, score=10.9, time=13.4, pointX=0.488842, pointY=0.493756, distance=2633, color='red'), ShootingResult(nth=7, score=9.8, time=13.0, pointX=0.498947, pointY=0.444482, distance=2635, color='red'), ShootingResult(nth=8, score=9.4, time=12.8, pointX=0.560136, pointY=0.55006, distance=2631, color='red'), ShootingResult(nth=9, score=8.0, time=7.5, pointX=0.478378, pointY=0.35276, distance=2631, color='orange'), ShootingResult(nth=10, score=7.9, time=6.8, pointX=0.468249, pointY=0.347638, distance=2631, color='orange')]",10,"[0.524018, 0.446579]",0.0882392319776247,"[0.0660754504972157, 0.0680752250044023]",0.05178711046599065,입문
20250115-62331d0d-2b82-4311-942c-c8b50c6f6f87,"[ShootingResult(nth=1, score=8.2, time=16.1, pointX=0.473833, pointY=0.36398, distance=2632, color='orange'), ShootingResult(nth=2, score=9.0, time=12.0, pointX=0.483828, pointY=0.402773, distance=2631, color='red'), ShootingResult(nth=3, score=8.9, time=31.0, pointX=0.578076, pointY=0.4338, distance=2633, color='orange'), ShootingResult(nth=4, score=9.8, time=28.9, pointX=0.540797, pointY=0.46208, distance=2630, color='red'), ShootingResult(nth=5, score=8.3, time=25.9, pointX=0.469158, pointY=0.370306, distance=2633, color='orange'), ShootingResult(nth=6, score=10.9, time=23.5, pointX=0.494246, pointY=0.514851, distance=2634, color='red'), ShootingResult(nth=7, score=8.7, time=24.0, pointX=0.566513, pointY=0.407243, distance=2633, color='orange'), ShootingResult(nth=8, score=8.9, time=25.9, pointX=0.556982, pointY=0.411982, distance=2635, color='orange'), ShootingResult(nth=9, score=10.1, time=11.7, pointX=0.52708, pointY=0.466655, distance=2634, color='red'), ShootingResult(nth=10, score=8.6, time=13.6, pointX=0.566545, pointY=0.402347, distance=2630, color='orange')]",10,"[0.5339385, 0.40961250000000005]",0.05642175101210507,"[0.03989417165401482, 0.04409989404080239]",0.031594212571332936,입문
20250115-c0c536a6-fcbd-4b34-b45c-4697d58ab999,"[ShootingResult(nth=1, score=7.6, time=15.6, pointX=0.463752, pointY=0.333642, distance=2634, color='orange'), ShootingResult(nth=2, score=8.6, time=11.2, pointX=0.598518, pointY=0.435009, distance=2631, color='orange'), ShootingResult(nth=3, score=9.3, time=13.6, pointX=0.518411, pointY=0.416704, distance=2631, color='red'), ShootingResult(nth=4, score=9.3, time=28.7, pointX=0.55754, pointY=0.560731, distance=2630, color='red'), ShootingResult(nth=5, score=10.0, time=9.2, pointX=0.522966, pointY=0.455995, distance=2630, color='red'), ShootingResult(nth=6, score=7.7, time=11.8, pointX=0.503835, pointY=0.336072, distance=2634, color='orange'), ShootingResult(nth=7, score=8.9, time=12.7, pointX=0.523878, pointY=0.399179, distance=2630, color='orange'), ShootingResult(nth=8, score=7.9, time=18.8, pointX=0.513968, pointY=0.346875, distance=2633, color='orange'), ShootingResult(nth=9, score=9.2, time=10.7, pointX=0.509128, pointY=0.413592, distance=2630, color='red'), ShootingResult(nth=10, score=9.5, time=12.0, pointX=0.574225, pointY=0.502696, distance=2635, color='red')]",10,"[0.5206885, 0.415148]",0.06536143057273748,"[0.0365750783497452, 0.06964125750910878]",0.0206122271336234,입문
20250115-0763b7a5-412c-45ac-94f6-9c044ad510ec,"[ShootingResult(nth=1, score=10.4, time=14.0, pointX=0.504883, pointY=0.467306, distance=2631, color='red'), ShootingResult(nth=2, score=9.0, time=16.3, pointX=0.573699, pointY=0.433582, distance=2632, color='red'), ShootingResult(nth=3, score=9.7, time=18.6, pointX=0.480487, pointY=0.441673, distance=2630, color='red'), ShootingResult(nth=4, score=7.3, time=14.5, pointX=0.568281, pointY=0.325261, distance=2632, color='orange'), ShootingResult(nth=5, score=9.3, time=15.9, pointX=0.447954, pointY=0.438083, distance=2632, color='red'), ShootingResult(nth=6, score=9.3, time=21.0, pointX=0.462412, pointY=0.574497, distance=2636, color='red'), ShootingResult(nth=7, score=8.7, time=23.6, pointX=0.569743, pointY=0.591158, distance=2630, color='orange'), ShootingResult(nth=8, score=8.0, time=9.9, pointX=0.651569, pointY=0.489528, distance=2633, color='orange'), ShootingResult(nth=9, score=5.9, time=10.8, pointX=0.59322, pointY=0.259544, distance=2637, color='green'), ShootingResult(nth=10, score=9.7, time=6.3, pointX=0.549346, pointY=0.462494, distance=2635, color='red')]",10,"[0.5588135000000001, 0.45208349999999997]",0.10027225706374687,"[0.06120012428288034, 0.09472533021341228]",0.045263048805111984,입문
20250115-5602a69a-fd5d-490a-b1b3-5711537af853,"[ShootingResult(nth=1, score=8.4, time=22.5, pointX=0.503565, pointY=0.630732, distance=6913, color='orange'), ShootingResult(nth=2, score=9.6, time=22.7, pointX=0.565454, pointY=0.489937, distance=6928, color='red'), ShootingResult(nth=3, score=8.5, time=19.2, pointX=0.517077, pointY=0.375918, distance=6942, color='orange'), ShootingResult(nth=4, score=9.3, time=20.3, pointX=0.4833, pointY=0.416487, distance=6911, color='red'), ShootingResult(nth=5, score=9.5, time=19.9, pointX=0.522026, pointY=0.432836, distance=6936, color='red'), ShootingResult(nth=6, score=4.8, time=20.1, pointX=0.566843, pointY=0.192075, distance=6827, color='blue'), ShootingResult(nth=7, score=10.0, time=19.6, pointX=0.458926, pointY=0.473883, distance=6829, color='red'), ShootingResult(nth=8, score=10.6, time=19.9, pointX=0.510555, pointY=0.522797, distance=6813, color='red'), ShootingResult(nth=9, score=10.5, time=20.0, pointX=0.482377, pointY=0.52154, distance=6839, color='red'), ShootingResult(nth=10, score=8.5, time=20.0, pointX=0.514406, pointY=0.624197, distance=6789, color='orange')]",10,"[0.5124805, 0.48191]",0.10124293022126256,"[0.03253677592648048, 0.12073444883445651]",0.02655899542225401,입문
20250115-9f646ee8-c02a-4491-b354-a6412809556f,"[ShootingResult(nth=1, score=7.9, time=35.2, pointX=0.567218, pointY=0.638426, distance=6946, color='orange'), ShootingResult(nth=2, score=9.8, time=15.9, pointX=0.554083, pointY=0.520019, distance=6959, color='red'), ShootingResult(nth=3, score=8.9, time=15.6, pointX=0.588251, pointY=0.448178, distance=6950, color='orange'), ShootingResult(nth=4, score=8.8, time=16.5, pointX=0.60401, pointY=0.52543, distance=6962, color='orange'), ShootingResult(nth=5, score=9.8, time=15.8, pointX=0.541546, pointY=0.463132, distance=6950, color='red'), ShootingResult(nth=6, score=10.6, time=15.9, pointX=0.482183, pointY=0.482241, distance=6955, color='red'), ShootingResult(nth=7, score=9.1, time=15.9, pointX=0.446138, pointY=0.423906, distance=6953, color='red'), ShootingResult(nth=8, score=8.3, time=16.2, pointX=0.629375, pointY=0.545823, distance=6951, color='orange'), ShootingResult(nth=9, score=10.2, time=15.8, pointX=0.461993, pointY=0.509838, distance=6951, color='red'), ShootingResult(nth=10, score=9.5, time=15.8, pointX=0.448157, pointY=0.447607, distance=6961, color='red')]",10,"[0.5478145, 0.49603949999999997]",0.08130724299355135,"[0.06436953539866512, 0.05941304131585927]",0.04493607188664863,입문
20250115-888835ba-0d34-4f6f-b4fa-11c438faf5f0,"[ShootingResult(nth=1, score=7.3, time=35.2, pointX=0.494965, pointY=0.316366, distance=6961, color='orange'), ShootingResult(nth=2, score=9.6, time=19.8, pointX=0.435225, pointY=0.508878, distance=6948, color='red'), ShootingResult(nth=3, score=8.0, time=19.9, pointX=0.603646, pointY=0.391402, distance=6960, color='orange'), ShootingResult(nth=4, score=8.5, time=20.1, pointX=0.397612, pointY=0.574475, distance=6964, color='orange'), ShootingResult(nth=5, score=7.8, time=19.8, pointX=0.660231, pointY=0.47077, distance=6951, color='orange'), ShootingResult(nth=6, score=7.2, time=19.9, pointX=0.620582, pointY=0.353064, distance=6942, color='orange'), ShootingResult(nth=7, score=10.9, time=21.2, pointX=0.493691, pointY=0.488307, distance=6940, color='red'), ShootingResult(nth=8, score=7.0, time=18.8, pointX=0.563344, pointY=0.306638, distance=6940, color='orange'), ShootingResult(nth=9, score=10.1, time=19.8, pointX=0.505128, pointY=0.454948, distance=6940, color='red'), ShootingResult(nth=10, score=9.8, time=20.0, pointX=0.520048, pointY=0.552905, distance=6953, color='red')]",10,"[0.512588, 0.462859]",0.11125999572557047,"[0.078402836952243, 0.09057480399432284]",0.05929107864770519,입문
20250115-42fb74a3-dd34-47c7-936b-138f7893f894,"[ShootingResult(nth=1, score=8.2, time=29.8, pointX=0.533989, pointY=0.365029, distance=6956, color='orange'), ShootingResult(nth=2, score=8.0, time=16.0, pointX=0.617549, pointY=0.409661, distance=6955, color='orange'), ShootingResult(nth=3, score=10.3, time=15.8, pointX=0.532585, pointY=0.483163, distance=6955, color='red'), ShootingResult(nth=4, score=9.1, time=16.2, pointX=0.527964, pointY=0.410016, distance=6951, color='red'), ShootingResult(nth=5, score=10.3, time=15.8, pointX=0.466814, pointY=0.482995, distance=6951, color='red'), ShootingResult(nth=6, score=9.4, time=16.2, pointX=0.438982, pointY=0.453564, distance=6948, color='red'), ShootingResult(nth=7, score=8.1, time=15.8, pointX=0.578064, pointY=0.377812, distance=6950, color='orange'), ShootingResult(nth=8, score=9.8, time=15.7, pointX=0.488591, pointY=0.444145, distance=6956, color='red'), ShootingResult(nth=9, score=9.7, time=16.2, pointX=0.439723, pointY=0.494104, distance=6951, color='red'), ShootingResult(nth=10, score=10.6, time=16.3, pointX=0.525584, pointY=0.499761, distance=6949, color='red')]",10,"[0.5267740000000001, 0.44885450000000005]",0.06887050489318294,"[0.05468816391368429, 0.0465595154227361]",0.04435374154831894,입문
20250115-ad70ea2e-07de-4c36-95fb-8ca70caefce0,"[ShootingResult(nth=1, score=10.1, time=0.3, pointX=0.460029, pointY=0.518792, distance=4881, color='red'), ShootingResult(nth=2, score=9.2, time=3.0, pointX=0.419616, pointY=0.468936, distance=4905, color='red'), ShootingResult(nth=3, score=9.2, time=2.5, pointX=0.572227, pointY=0.448328, distance=4878, color='red'), ShootingResult(nth=4, score=9.3, time=1.7, pointX=0.420602, pointY=0.484139, distance=4895, color='red'), ShootingResult(nth=5, score=8.9, time=1.3, pointX=0.522523, pointY=0.39842, distance=4888, color='orange'), ShootingResult(nth=6, score=8.9, time=0.9, pointX=0.570205, pointY=0.424333, distance=4877, color='orange'), ShootingResult(nth=7, score=9.7, time=1.2, pointX=0.53701, pointY=0.446489, distance=4883, color='red'), ShootingResult(nth=8, score=9.9, time=1.9, pointX=0.521684, pointY=0.450019, distance=4876, color='red'), ShootingResult(nth=9, score=7.3, time=1.3, pointX=0.56799, pointY=0.32605, distance=4884, color='orange'), ShootingResult(nth=10, score=7.4, time=1.6, pointX=0.667988, pointY=0.565697, distance=4886, color='orange')]",10,"[0.5297665, 0.4491735]",0.07918277484094319,"[0.07276343339645265, 0.061840789632814364]",0.02552881415220657,입문
20250115-7a846a6f-b64e-4566-b949-812dc2a6dcf3,"[ShootingResult(nth=1, score=6.1, time=2.4, pointX=0.481681, pointY=0.747251, distance=5008, color='green'), ShootingResult(nth=2, score=5.6, time=4.6, pointX=0.395945, pointY=0.751707, distance=4989, color='green'), ShootingResult(nth=3, score=9.5, time=4.9, pointX=0.448157, pointY=0.447607, distance=4896, color='red'), ShootingResult(nth=4, score=5.6, time=4.4, pointX=0.226882, pointY=0.487569, distance=4918, color='green'), ShootingResult(nth=5, score=5.0, time=6.1, pointX=0.223484, pointY=0.36665, distance=4924, color='green'), ShootingResult(nth=6, score=8.8, time=3.3, pointX=0.460727, pointY=0.601351, distance=4953, color='orange'), ShootingResult(nth=7, score=4.6, time=3.3, pointX=0.640103, pointY=0.206351, distance=4944, color='blue'), ShootingResult(nth=8, score=9.0, time=4.0, pointX=0.471543, pointY=0.595997, distance=4934, color='red'), ShootingResult(nth=9, score=10.1, time=3.2, pointX=0.459256, pointY=0.484179, distance=4936, color='red'), ShootingResult(nth=10, score=10.9, time=3.2, pointX=0.488468, pointY=0.504794, distance=4950, color='red')]",10,"[0.4599915, 0.49618149999999994]",0.16570189925486675,"[0.11796286572917769, 0.15729564458509332]",0.053190734367865505,입문
20250115-49ea1bca-b7d7-4392-9956-8a0d16505f05,"[ShootingResult(nth=1, score=9.7, time=21.8, pointX=0.457341, pointY=0.545894, distance=6473, color='red'), ShootingResult(nth=2, score=9.4, time=3.4, pointX=0.420589, pointY=0.513647, distance=6430, color='red'), ShootingResult(nth=3, score=9.9, time=1.7, pointX=0.549398, pointY=0.479995, distance=6492, color='red'), ShootingResult(nth=4, score=8.5, time=2.6, pointX=0.477695, pointY=0.375516, distance=6505, color='orange'), ShootingResult(nth=5, score=10.0, time=7.0, pointX=0.54395, pointY=0.485089, distance=6495, color='red'), ShootingResult(nth=6, score=9.1, time=2.4, pointX=0.516796, pointY=0.409662, distance=6531, color='red'), ShootingResult(nth=7, score=6.2, time=2.2, pointX=0.720669, pointY=0.398805, distance=6524, color='green'), ShootingResult(nth=8, score=8.0, time=2.6, pointX=0.373849, pointY=0.414437, distance=6483, color='orange'), ShootingResult(nth=9, score=9.3, time=4.7, pointX=0.569867, pointY=0.545791, distance=6603, color='red'), ShootingResult(nth=10, score=7.4, time=2.4, pointX=0.356999, pointY=0.387004, distance=6732, color='orange')]",10,"[0.4972455, 0.447216]",0.10776090170396804,"[0.10158756924845679, 0.0626664299461841]",0.05573314499663209,입문
20250115-71b40c97-4fa2-4612-9f43-a3343df9c5dc,"[ShootingResult(nth=1, score=9.7, time=0.4, pointX=0.448998, pointY=0.46375, distance=5399, color='red'), ShootingResult(nth=2, score=10.9, time=3.2, pointX=0.489198, pointY=0.489334, distance=5503, color='red'), ShootingResult(nth=3, score=7.0, time=2.5, pointX=0.541666, pointY=0.301327, distance=5512, color='orange'), ShootingResult(nth=4, score=10.5, time=3.3, pointX=0.510416, pointY=0.472123, distance=5623, color='red'), ShootingResult(nth=5, score=6.6, time=5.0, pointX=0.648091, pointY=0.336837, distance=5582, color='green'), ShootingResult(nth=6, score=9.3, time=3.6, pointX=0.494299, pointY=0.415805, distance=5610, color='red'), ShootingResult(nth=7, score=10.7, time=3.1, pointX=0.477712, pointY=0.504717, distance=5638, color='red'), ShootingResult(nth=8, score=7.4, time=2.7, pointX=0.356999, pointY=0.387004, distance=5668, color='orange'), ShootingResult(nth=9, score=9.9, time=3.0, pointX=0.549463, pointY=0.520131, distance=5690, color='red'), ShootingResult(nth=10, score=8.0, time=1.7, pointX=0.443676, pointY=0.363134, distance=5685, color='orange')]",10,"[0.49174850000000003, 0.4397775]",0.08950110518319981,"[0.07275645741760657, 0.07189391469769886]",0.03776567664447213,입문
20250116-4d528598-8c4a-41e1-9d5c-92038365e341,"[ShootingResult(nth=1, score=9.4, time=4.5, pointX=0.570326, pointY=0.464239, distance=2630, color='red'), ShootingResult(nth=2, score=6.6, time=12.0, pointX=0.488515, pointY=0.278019, distance=2626, color='green'), ShootingResult(nth=3, score=8.4, time=7.5, pointX=0.62816, pointY=0.503658, distance=2627, color='orange'), ShootingResult(nth=4, score=8.9, time=8.1, pointX=0.552933, pointY=0.412155, distance=2630, color='orange'), ShootingResult(nth=5, score=10.5, time=9.2, pointX=0.471977, pointY=0.514009, distance=2630, color='red'), ShootingResult(nth=6, score=7.8, time=8.4, pointX=0.494058, pointY=0.342002, distance=2630, color='orange'), ShootingResult(nth=7, score=8.4, time=9.4, pointX=0.473989, pointY=0.373395, distance=2630, color='orange'), ShootingResult(nth=8, score=8.4, time=9.6, pointX=0.519762, pointY=0.371841, distance=2630, color='orange'), ShootingResult(nth=9, score=8.7, time=7.9, pointX=0.483773, pointY=0.385598, distance=2626, color='orange'), ShootingResult(nth=10, score=9.1, time=7.9, pointX=0.546966, pointY=0.583549, distance=2629, color='red')]",10,"[0.50691, 0.39887649999999997]",0.08873048029563554,"[0.04832207556065862, 0.0874295952435444]",0.03450145535275248,입문
20250116-c1aec348-f139-4872-ba0a-09bf86c92f0c,"[ShootingResult(nth=1, score=9.3, time=18.9, pointX=0.559548, pointY=0.558903, distance=2626, color='red'), ShootingResult(nth=2, score=9.4, time=7.6, pointX=0.494731, pointY=0.421309, distance=2628, color='red'), ShootingResult(nth=3, score=9.4, time=14.4, pointX=0.484914, pointY=0.421358, distance=2626, color='red'), ShootingResult(nth=4, score=9.6, time=11.4, pointX=0.560209, pointY=0.525359, distance=2628, color='red'), ShootingResult(nth=5, score=9.2, time=11.0, pointX=0.561347, pointY=0.437939, distance=2629, color='red'), ShootingResult(nth=6, score=8.8, time=11.1, pointX=0.548568, pointY=0.401598, distance=2624, color='orange'), ShootingResult(nth=7, score=10.1, time=8.7, pointX=0.532938, pointY=0.47134, distance=2629, color='red'), ShootingResult(nth=8, score=9.4, time=11.5, pointX=0.551508, pointY=0.438407, distance=2629, color='red'), ShootingResult(nth=9, score=9.4, time=11.9, pointX=0.484914, pointY=0.421358, distance=2634, color='red'), ShootingResult(nth=10, score=8.4, time=9.0, pointX=0.529448, pointY=0.374667, distance=2627, color='orange')]",10,"[0.540753, 0.4296485]",0.055169393362926186,"[0.029811741345483325, 0.05355254120730408]",0.021693172875590423,입문
20250116-98b20949-06b6-452d-8bf6-9b40812c9e86,"[ShootingResult(nth=1, score=9.6, time=13.2, pointX=0.564224, pointY=0.516428, distance=2634, color='red'), ShootingResult(nth=2, score=10.2, time=16.4, pointX=0.509875, pointY=0.460356, distance=2630, color='red'), ShootingResult(nth=3, score=8.6, time=11.7, pointX=0.600151, pointY=0.430837, distance=2632, color='orange'), ShootingResult(nth=4, score=9.6, time=11.7, pointX=0.541538, pointY=0.444043, distance=2632, color='red'), ShootingResult(nth=5, score=10.0, time=19.6, pointX=0.480726, pointY=0.456286, distance=2630, color='red'), ShootingResult(nth=6, score=8.0, time=15.8, pointX=0.641687, pointY=0.450288, distance=2632, color='orange'), ShootingResult(nth=7, score=10.1, time=14.3, pointX=0.54346, pointY=0.499478, distance=2630, color='red'), ShootingResult(nth=8, score=9.2, time=17.4, pointX=0.562967, pointY=0.561809, distance=2636, color='red'), ShootingResult(nth=9, score=8.6, time=11.8, pointX=0.380652, pointY=0.49583, distance=2630, color='orange'), ShootingResult(nth=10, score=9.8, time=12.7, pointX=0.555974, pointY=0.490836, distance=2631, color='red')]",10,"[0.549717, 0.475596]",0.06517069421157465,"[0.06717123365578453, 0.037820932023021316]",0.02210359690886069,입문
20250116-11ddb6f6-f6ce-490a-9136-236a3c6b2173,"[ShootingResult(nth=1, score=10.8, time=6.6, pointX=0.505301, pointY=0.519294, distance=2632, color='red'), ShootingResult(nth=2, score=9.9, time=27.4, pointX=0.519204, pointY=0.550889, distance=2632, color='red'), ShootingResult(nth=3, score=8.5, time=13.8, pointX=0.617718, pointY=0.468415, distance=2632, color='orange'), ShootingResult(nth=4, score=10.0, time=15.8, pointX=0.546604, pointY=0.49084, distance=2632, color='red'), ShootingResult(nth=5, score=8.5, time=18.8, pointX=0.571698, pointY=0.398337, distance=2633, color='orange'), ShootingResult(nth=6, score=9.3, time=16.4, pointX=0.443109, pointY=0.43819, distance=2634, color='red'), ShootingResult(nth=7, score=9.4, time=15.9, pointX=0.53364, pointY=0.426912, distance=2635, color='red'), ShootingResult(nth=8, score=9.6, time=13.9, pointX=0.49099, pointY=0.566413, distance=2631, color='red'), ShootingResult(nth=9, score=9.0, time=16.5, pointX=0.52476, pointY=0.404324, distance=2631, color='red'), ShootingResult(nth=10, score=9.2, time=19.6, pointX=0.567741, pointY=0.444908, distance=2633, color='red')]",10,"[0.5292, 0.45666150000000005]",0.06887690383600806,"[0.04574850325475142, 0.056253829696830425]",0.04198747761834211,입문
20250116-5e067c24-bd2d-4417-be23-c9885ee4a64d,"[ShootingResult(nth=1, score=10.2, time=3.5, pointX=0.473051, pointY=0.530797, distance=2630, color='red'), ShootingResult(nth=2, score=8.7, time=8.0, pointX=0.503907, pointY=0.38595, distance=2634, color='orange'), ShootingResult(nth=3, score=8.3, time=7.7, pointX=0.635284, pointY=0.51603, distance=2632, color='orange'), ShootingResult(nth=4, score=8.2, time=7.2, pointX=0.631307, pointY=0.454487, distance=2633, color='orange'), ShootingResult(nth=5, score=8.5, time=6.6, pointX=0.603686, pointY=0.434958, distance=2631, color='orange'), ShootingResult(nth=6, score=8.6, time=9.3, pointX=0.508991, pointY=0.381188, distance=2631, color='orange'), ShootingResult(nth=7, score=9.8, time=7.8, pointX=0.470525, pointY=0.451547, distance=2630, color='red'), ShootingResult(nth=8, score=9.7, time=7.7, pointX=0.504008, pointY=0.439557, distance=2630, color='red'), ShootingResult(nth=9, score=9.2, time=7.0, pointX=0.585803, pointY=0.472806, distance=2631, color='red'), ShootingResult(nth=10, score=9.9, time=6.3, pointX=0.508987, pointY=0.449584, distance=2631, color='red')]",10,"[0.5089889999999999, 0.45056549999999995]",0.07142238810063938,"[0.061102366859967026, 0.045359857268734864]",0.028786799584100208,입문
20250116-a7e3e2e4-0cf0-416e-90f6-4d885b71fe0b,"[ShootingResult(nth=1, score=8.8, time=7.6, pointX=0.608432, pointY=0.524496, distance=2633, color='orange'), ShootingResult(nth=2, score=8.9, time=7.2, pointX=0.590046, pointY=0.453011, distance=2633, color='orange'), ShootingResult(nth=3, score=10.0, time=8.7, pointX=0.450884, pointY=0.499127, distance=2634, color='red'), ShootingResult(nth=4, score=9.8, time=8.3, pointX=0.556214, pointY=0.485518, distance=2634, color='red'), ShootingResult(nth=5, score=9.2, time=8.8, pointX=0.58279, pointY=0.463336, distance=2634, color='red'), ShootingResult(nth=6, score=8.7, time=11.7, pointX=0.599213, pointY=0.439252, distance=2634, color='orange'), ShootingResult(nth=7, score=9.3, time=10.5, pointX=0.504731, pointY=0.582317, distance=2629, color='red'), ShootingResult(nth=8, score=10.9, time=10.0, pointX=0.486804, pointY=0.507481, distance=2634, color='red'), ShootingResult(nth=9, score=10.1, time=10.2, pointX=0.539656, pointY=0.516511, distance=2636, color='red'), ShootingResult(nth=10, score=10.9, time=9.3, pointX=0.504587, pointY=0.503858, distance=2633, color='red')]",10,"[0.5479350000000001, 0.5014925]",0.0589967091340291,"[0.050992764386822556, 0.03887115159099354]",0.03295859628181254,입문
20250116-059bc2f9-ac03-4582-9425-faa6873c24e0,"[ShootingResult(nth=1, score=9.9, time=1.8, pointX=0.455455, pointY=0.530943, distance=2630, color='red'), ShootingResult(nth=2, score=7.9, time=3.3, pointX=0.495711, pointY=0.655204, distance=2640, color='orange'), ShootingResult(nth=3, score=4.4, time=7.0, pointX=0.216176, pointY=0.317332, distance=2638, color='green'), ShootingResult(nth=4, score=9.7, time=2.8, pointX=0.509476, pointY=0.561417, distance=2634, color='red'), ShootingResult(nth=5, score=10.5, time=3.1, pointX=0.529976, pointY=0.499464, distance=2636, color='red'), ShootingResult(nth=6, score=10.7, time=4.8, pointX=0.489627, pointY=0.519886, distance=2633, color='red'), ShootingResult(nth=7, score=10.5, time=2.8, pointX=0.471197, pointY=0.490302, distance=2640, color='red'), ShootingResult(nth=8, score=8.5, time=2.8, pointX=0.43516, pointY=0.606798, distance=2635, color='orange'), ShootingResult(nth=9, score=6.1, time=4.1, pointX=0.482991, pointY=0.252673, distance=2634, color='green'), ShootingResult(nth=10, score=10.6, time=2.6, pointX=0.523733, pointY=0.489863, distance=2635, color='red')]",10,"[0.486309, 0.509675]",0.10608997526278012,"[0.08619292359677794, 0.1160926397251781]",0.003165049142123136,입문
20250116-b9cb1c75-3188-4059-a5bd-81eeaa87aa23,"[ShootingResult(nth=1, score=8.5, time=3.1, pointX=0.509018, pointY=0.37395, distance=2653, color='orange'), ShootingResult(nth=2, score=10.9, time=2.8, pointX=0.498347, pointY=0.514722, distance=2655, color='red'), ShootingResult(nth=3, score=7.0, time=3.7, pointX=0.69289, pointY=0.445766, distance=2652, color='orange'), ShootingResult(nth=4, score=7.0, time=2.0, pointX=0.344288, pointY=0.369021, distance=2654, color='orange'), ShootingResult(nth=5, score=8.0, time=2.2, pointX=0.488425, pointY=0.650372, distance=2655, color='orange'), ShootingResult(nth=6, score=8.0, time=3.6, pointX=0.503832, pointY=0.347782, distance=2653, color='orange'), ShootingResult(nth=7, score=8.5, time=4.7, pointX=0.402974, pointY=0.422906, distance=2652, color='orange'), ShootingResult(nth=8, score=9.1, time=8.0, pointX=0.574103, pointY=0.443097, distance=2652, color='red'), ShootingResult(nth=9, score=10.4, time=2.3, pointX=0.531997, pointY=0.49486, distance=2650, color='red'), ShootingResult(nth=10, score=8.2, time=8.2, pointX=0.611321, pointY=0.4153, distance=2653, color='orange')]",10,"[0.5064249999999999, 0.43300150000000004]",0.11514902470971489,"[0.0935606467263347, 0.08431748224205937]",0.06121892738594331,입문
20250116-f5813f0f-ff20-49a2-a1cb-8010acf736ca,"[ShootingResult(nth=1, score=9.0, time=0.1, pointX=0.459348, pointY=0.410599, distance=2632, color='red'), ShootingResult(nth=2, score=9.1, time=5.7, pointX=0.454574, pointY=0.41578, distance=2632, color='red'), ShootingResult(nth=3, score=5.0, time=3.6, pointX=0.461066, pointY=0.195598, distance=2634, color='green'), ShootingResult(nth=4, score=9.0, time=3.3, pointX=0.459348, pointY=0.410599, distance=2637, color='red'), ShootingResult(nth=5, score=9.5, time=3.0, pointX=0.433779, pointY=0.534441, distance=2634, color='red'), ShootingResult(nth=6, score=7.2, time=2.2, pointX=0.518975, pointY=0.688381, distance=2637, color='orange'), ShootingResult(nth=7, score=8.2, time=9.2, pointX=0.634697, pointY=0.533448, distance=2632, color='orange'), ShootingResult(nth=8, score=5.4, time=2.8, pointX=0.351405, pointY=0.26019, distance=2632, color='green'), ShootingResult(nth=9, score=9.1, time=6.4, pointX=0.483516, pointY=0.407979, distance=2632, color='red'), ShootingResult(nth=10, score=5.8, time=2.5, pointX=0.558121, pointY=0.243054, distance=2635, color='green')]",10,"[0.460207, 0.410599]",0.12514826084458436,"[0.07216267616496772, 0.14301796493199728]",0.02291070690584872,입문
20250116-55763cb6-bef2-42ac-a8d6-943f70ab066d,"[ShootingResult(nth=1, score=9.3, time=0.3, pointX=0.532981, pointY=0.421378, distance=2651, color='red'), ShootingResult(nth=2, score=9.9, time=2.5, pointX=0.550662, pointY=0.512534, distance=2655, color='red'), ShootingResult(nth=3, score=7.0, time=2.1, pointX=0.6796, pointY=0.407097, distance=2653, color='orange'), ShootingResult(nth=4, score=8.8, time=3.2, pointX=0.468267, pointY=0.397556, distance=2652, color='orange'), ShootingResult(nth=5, score=9.0, time=2.8, pointX=0.58191, pointY=0.448824, distance=2655, color='red'), ShootingResult(nth=6, score=8.3, time=5.0, pointX=0.549302, pointY=0.373363, distance=2651, color='orange'), ShootingResult(nth=7, score=9.4, time=1.9, pointX=0.446838, pointY=0.442631, distance=2654, color='red'), ShootingResult(nth=8, score=8.9, time=4.0, pointX=0.562452, pointY=0.41631, distance=2649, color='orange'), ShootingResult(nth=9, score=7.6, time=6.2, pointX=0.665079, pointY=0.54354, distance=2650, color='orange'), ShootingResult(nth=10, score=7.7, time=2.8, pointX=0.610546, pointY=0.378255, distance=2651, color='orange')]",10,"[0.556557, 0.418844]",0.07688638429360314,"[0.070930980344346, 0.052696454151678944]",0.030001514762416685,입문
20250116-783a55ae-cc15-436b-b4e5-96f53b7ed1a7,"[ShootingResult(nth=1, score=7.9, time=5.1, pointX=0.577085, pointY=0.366587, distance=2635, color='orange'), ShootingResult(nth=2, score=9.8, time=3.5, pointX=0.546047, pointY=0.535643, distance=2640, color='red'), ShootingResult(nth=3, score=9.3, time=3.3, pointX=0.513823, pointY=0.415866, distance=2641, color='red'), ShootingResult(nth=4, score=7.5, time=2.7, pointX=0.61347, pointY=0.364679, distance=2632, color='orange'), ShootingResult(nth=5, score=8.9, time=4.9, pointX=0.428568, pointY=0.423817, distance=2634, color='orange'), ShootingResult(nth=6, score=7.2, time=2.1, pointX=0.438774, pointY=0.319281, distance=2635, color='orange'), ShootingResult(nth=7, score=8.5, time=2.0, pointX=0.440526, pointY=0.391766, distance=2634, color='orange'), ShootingResult(nth=8, score=8.9, time=2.7, pointX=0.412878, pointY=0.444702, distance=2634, color='orange'), ShootingResult(nth=9, score=9.3, time=2.0, pointX=0.574352, pointY=0.458908, distance=2636, color='red'), ShootingResult(nth=10, score=6.4, time=11.3, pointX=0.30412, pointY=0.379179, distance=2635, color='green')]",10,"[0.4771745, 0.403816]",0.09824269470342033,"[0.09096370951214554, 0.05749671052469001]",0.053208317511540065,입문
20250116-61a6c287-6c71-4c3e-a7cf-b8adf1776076,"[ShootingResult(nth=1, score=10.5, time=5.4, pointX=0.527114, pointY=0.514081, distance=2654, color='red'), ShootingResult(nth=2, score=7.9, time=3.7, pointX=0.618361, pointY=0.399167, distance=2652, color='orange'), ShootingResult(nth=3, score=9.0, time=1.8, pointX=0.600542, pointY=0.504276, distance=2653, color='red'), ShootingResult(nth=4, score=9.8, time=1.1, pointX=0.512778, pointY=0.558006, distance=2651, color='red'), ShootingResult(nth=5, score=4.8, time=0.9, pointX=0.752161, pointY=0.309954, distance=2656, color='green'), ShootingResult(nth=6, score=8.2, time=2.0, pointX=0.577175, pointY=0.381741, distance=2652, color='orange'), ShootingResult(nth=7, score=8.8, time=0.4, pointX=0.433237, pointY=0.583051, distance=2649, color='orange'), ShootingResult(nth=8, score=8.5, time=0.1, pointX=0.608656, pointY=0.43559, distance=2655, color='orange'), ShootingResult(nth=9, score=8.3, time=2.3, pointX=0.613942, pointY=0.425979, distance=2651, color='orange'), ShootingResult(nth=10, score=9.6, time=8.0, pointX=0.523006, pointY=0.435667, distance=2654, color='red')]",10,"[0.5888585, 0.4356285]",0.09485623139442328,"[0.0809373164477301, 0.08002539776570936]",0.02799231197634229,입문
20250117-bdcaf037-b4c4-45dc-80db-1182c01a9f87,"[ShootingResult(nth=1, score=6.7, time=0.5, pointX=0.286121, pointY=0.480511, distance=0, color='green'), ShootingResult(nth=2, score=9.2, time=3.4, pointX=0.548684, pointY=0.426821, distance=0, color='red'), ShootingResult(nth=3, score=6.8, time=4.8, pointX=0.671483, pointY=0.375403, distance=0, color='green'), ShootingResult(nth=4, score=7.9, time=2.5, pointX=0.48879, pointY=0.345965, distance=0, color='orange'), ShootingResult(nth=5, score=4.5, time=2.2, pointX=0.531162, pointY=0.171319, distance=0, color='blue'), ShootingResult(nth=6, score=8.2, time=2.8, pointX=0.392687, pointY=0.589165, distance=0, color='orange'), ShootingResult(nth=7, score=8.5, time=2.2, pointX=0.401861, pointY=0.580178, distance=0, color='orange'), ShootingResult(nth=8, score=9.9, time=2.3, pointX=0.473682, pointY=0.546102, distance=0, color='red'), ShootingResult(nth=9, score=7.5, time=2.3, pointX=0.37131, pointY=0.619153, distance=0, color='orange'), ShootingResult(nth=10, score=9.8, time=2.1, pointX=0.55681, pointY=0.492008, distance=0, color='red')]",10,"[0.481236, 0.4862595]",0.15319622353188517,"[0.10608975159458146, 0.1303234837934054]",0.07966005654570979,입문
20250117-bd3c6f7f-413a-44cf-a622-1a21bacaa8ae,"[ShootingResult(nth=1, score=0.0, time=1.0, pointX=0.708751, pointY=0.02758, distance=0, color='blue'), ShootingResult(nth=2, score=10.2, time=4.3, pointX=0.507545, pointY=0.458709, distance=0, color='red'), ShootingResult(nth=3, score=7.4, time=1.8, pointX=0.577229, pointY=0.664996, distance=0, color='orange'), ShootingResult(nth=4, score=8.2, time=4.2, pointX=0.366446, pointY=0.464794, distance=0, color='orange'), ShootingResult(nth=5, score=5.0, time=2.5, pointX=0.235733, pointY=0.650148, distance=0, color='green'), ShootingResult(nth=6, score=7.1, time=5.0, pointX=0.670239, pointY=0.402045, distance=0, color='orange'), ShootingResult(nth=7, score=9.5, time=7.5, pointX=0.549773, pointY=0.444752, distance=0, color='red'), ShootingResult(nth=8, score=5.4, time=2.2, pointX=0.37617, pointY=0.757836, distance=0, color='green'), ShootingResult(nth=9, score=6.8, time=4.6, pointX=0.30699, pointY=0.59076, distance=0, color='green'), ShootingResult(nth=10, score=6.3, time=6.1, pointX=0.310782, pointY=0.35809, distance=0, color='green')]",10,"[0.4418575, 0.4617515]",0.2176658625610627,"[0.15552623738443622, 0.19497319588907597]",0.09277196673405053,입문
20250117-f21c7226-d46a-4b01-874c-3f2322659f63,"[ShootingResult(nth=1, score=8.6, time=0.1, pointX=0.382888, pointY=0.524667, distance=2735, color='gray'), ShootingResult(nth=2, score=9.9, time=1.1, pointX=0.520262, pointY=0.54725, distance=2748, color='gray'), ShootingResult(nth=3, score=8.0, time=3.4, pointX=0.447752, pointY=0.357046, distance=2743, color='gray'), ShootingResult(nth=4, score=9.3, time=5.3, pointX=0.454587, pointY=0.56874, distance=2736, color='gray'), ShootingResult(nth=5, score=9.3, time=4.3, pointX=0.422043, pointY=0.472105, distance=2738, color='gray'), ShootingResult(nth=6, score=9.3, time=5.9, pointX=0.477136, pointY=0.580241, distance=2734, color='gray'), ShootingResult(nth=7, score=9.6, time=2.0, pointX=0.566126, pointY=0.513287, distance=2720, color='gray'), ShootingResult(nth=8, score=9.8, time=1.9, pointX=0.47316, pointY=0.550755, distance=2728, color='gray'), ShootingResult(nth=9, score=10.4, time=1.8, pointX=0.485889, pointY=0.530948, distance=2733, color='gray'), ShootingResult(nth=10, score=8.2, time=1.3, pointX=0.513813, pointY=0.360593, distance=2722, color='gray')]",10,"[0.475148, 0.5278075]",0.07876019619843773,"[0.04942645823685934, 0.0763939389059106]",0.02566872605083686,입문
20250117-4fea4fae-f1bd-41a8-b6ae-b13200161ce3,"[ShootingResult(nth=1, score=7.7, time=1.5, pointX=0.398382, pointY=0.36772, distance=0, color='orange'), ShootingResult(nth=2, score=6.7, time=4.1, pointX=0.44799, pointY=0.289622, distance=0, color='green'), ShootingResult(nth=3, score=8.6, time=3.9, pointX=0.585178, pointY=0.414193, distance=0, color='orange'), ShootingResult(nth=4, score=9.8, time=3.8, pointX=0.552968, pointY=0.48004, distance=0, color='red'), ShootingResult(nth=5, score=7.5, time=3.5, pointX=0.346148, pointY=0.419689, distance=0, color='orange'), ShootingResult(nth=6, score=8.2, time=3.8, pointX=0.63295, pointY=0.449646, distance=0, color='orange'), ShootingResult(nth=7, score=10.1, time=3.0, pointX=0.456339, pointY=0.495846, distance=0, color='red'), ShootingResult(nth=8, score=8.5, time=3.2, pointX=0.394861, pointY=0.437792, distance=0, color='orange'), ShootingResult(nth=9, score=10.9, time=5.0, pointX=0.486626, pointY=0.500783, distance=0, color='red'), ShootingResult(nth=10, score=8.8, time=3.4, pointX=0.400586, pointY=0.456293, distance=0, color='orange')]",10,"[0.45216449999999997, 0.443719]",0.10098993964277017,"[0.0886465269323057, 0.06075802856446217]",0.0581667527739763,입문
20250117-c73b7cf8-ee13-4a37-b128-20308ee37d51,"[ShootingResult(nth=1, score=10.4, time=1.9, pointX=0.518682, pointY=0.529388, distance=0, color='red'), ShootingResult(nth=2, score=10.5, time=5.3, pointX=0.481378, pointY=0.475634, distance=0, color='red'), ShootingResult(nth=3, score=5.8, time=8.7, pointX=0.351511, pointY=0.280806, distance=0, color='green'), ShootingResult(nth=4, score=8.7, time=1.5, pointX=0.609167, pointY=0.458742, distance=0, color='orange'), ShootingResult(nth=5, score=6.5, time=3.9, pointX=0.279328, pointY=0.452288, distance=0, color='green'), ShootingResult(nth=6, score=9.6, time=4.1, pointX=0.435868, pointY=0.471025, distance=0, color='red'), ShootingResult(nth=7, score=10.2, time=3.7, pointX=0.462617, pointY=0.520055, distance=0, color='red'), ShootingResult(nth=8, score=8.4, time=3.6, pointX=0.381175, pointY=0.447896, distance=0, color='orange'), ShootingResult(nth=9, score=8.9, time=4.4, pointX=0.39475, pointY=0.49755, distance=0, color='orange'), ShootingResult(nth=10, score=8.3, time=4.9, pointX=0.39577, pointY=0.413453, distance=0, color='orange')]",10,"[0.415819, 0.4648835]",0.09393245489807353,"[0.08795085257596993, 0.06663281426001756]",0.03320993425481152,입문
20250117-e3cd6fbe-413f-4ef1-a9e0-0e311c6b76c0,"[ShootingResult(nth=1, score=6.8, time=2.4, pointX=0.529355, pointY=0.289866, distance=4567, color='gray'), ShootingResult(nth=2, score=9.7, time=3.1, pointX=0.53392, pointY=0.555354, distance=5335, color='red'), ShootingResult(nth=3, score=7.9, time=5.8, pointX=0.548334, pointY=0.353812, distance=3107, color='gray'), ShootingResult(nth=4, score=9.0, time=4.3, pointX=0.578129, pointY=0.563136, distance=3572, color='gray'), ShootingResult(nth=5, score=6.4, time=1.9, pointX=0.730411, pointY=0.465978, distance=4771, color='gray'), ShootingResult(nth=6, score=9.8, time=0.4, pointX=0.441919, pointY=0.489869, distance=3122, color='gray'), ShootingResult(nth=7, score=8.9, time=1.7, pointX=0.577522, pointY=0.429135, distance=5253, color='orange'), ShootingResult(nth=8, score=8.5, time=1.9, pointX=0.624634, pointY=0.495726, distance=3714, color='gray'), ShootingResult(nth=9, score=7.9, time=0.1, pointX=0.652705, pointY=0.460478, distance=3957, color='gray'), ShootingResult(nth=10, score=10.7, time=0.1, pointX=0.517219, pointY=0.48873, distance=4105, color='gray')]",10,"[0.562928, 0.477354]",0.10279471486591107,"[0.076273525511543, 0.07995445774714502]",0.057156481148598545,입문
20250117-d497ebdf-3fd2-41b2-b356-b713022e1dfd,"[ShootingResult(nth=1, score=6.7, time=4.3, pointX=0.704526, pointY=0.428055, distance=3704, color='gray'), ShootingResult(nth=2, score=6.7, time=2.7, pointX=0.660821, pointY=0.648941, distance=3085, color='gray'), ShootingResult(nth=3, score=6.0, time=2.7, pointX=0.265387, pointY=0.39927, distance=3420, color='gray'), ShootingResult(nth=4, score=4.9, time=9.4, pointX=0.720853, pointY=0.286326, distance=0, color='blue'), ShootingResult(nth=5, score=6.1, time=2.7, pointX=0.567197, pointY=0.263023, distance=3169, color='gray'), ShootingResult(nth=6, score=6.5, time=5.3, pointX=0.522339, pointY=0.27246, distance=0, color='gray'), ShootingResult(nth=7, score=7.7, time=3.3, pointX=0.644905, pointY=0.584053, distance=0, color='gray'), ShootingResult(nth=8, score=2.6, time=2.9, pointX=0.253624, pointY=0.150938, distance=3373, color='gray'), ShootingResult(nth=9, score=4.5, time=3.6, pointX=0.590631, pointY=0.183255, distance=0, color='gray'), ShootingResult(nth=10, score=0.0, time=2.2, pointX=0.255223, pointY=-0.0117487, distance=2967, color='gray')]",10,"[0.5789139999999999, 0.279393]",0.23217117208823845,"[0.1796984019162107, 0.18970039980136075]",0.0917991120753478,입문
20250117-9695f57a-f293-4bbb-ad51-ba29c71dba1f,"[ShootingResult(nth=1, score=7.9, time=5.3, pointX=0.550449, pointY=0.354519, distance=2855, color='gray'), ShootingResult(nth=2, score=8.6, time=3.4, pointX=0.421327, pointY=0.408192, distance=2881, color='gray'), ShootingResult(nth=3, score=7.7, time=4.4, pointX=0.376031, pointY=0.389683, distance=2880, color='gray'), ShootingResult(nth=4, score=7.8, time=5.7, pointX=0.414715, pointY=0.362181, distance=2887, color='gray'), ShootingResult(nth=5, score=6.7, time=4.2, pointX=0.522392, pointY=0.283012, distance=2866, color='gray'), ShootingResult(nth=6, score=10.2, time=7.1, pointX=0.54237, pointY=0.498315, distance=2874, color='gray'), ShootingResult(nth=7, score=9.2, time=5.9, pointX=0.537619, pointY=0.422787, distance=2869, color='gray'), ShootingResult(nth=8, score=8.5, time=3.7, pointX=0.490561, pointY=0.376838, distance=2870, color='gray'), ShootingResult(nth=9, score=7.1, time=6.4, pointX=0.328556, pointY=0.400108, distance=2862, color='gray'), ShootingResult(nth=10, score=7.0, time=4.4, pointX=0.476305, pointY=0.298631, distance=2866, color='gray')]",10,"[0.483433, 0.3832605]",0.08735239933842727,"[0.07320783889755249, 0.05841501725275789]",0.04915899105938085,입문
20250117-04bc0d1d-50ff-4750-8d88-dd3204426a4d,"[ShootingResult(nth=1, score=7.4, time=0.4, pointX=0.405065, pointY=0.654149, distance=0, color='orange'), ShootingResult(nth=2, score=7.4, time=3.0, pointX=0.634017, pointY=0.380376, distance=0, color='orange'), ShootingResult(nth=3, score=8.2, time=2.6, pointX=0.623438, pointY=0.439027, distance=0, color='orange'), ShootingResult(nth=4, score=6.8, time=3.1, pointX=0.331207, pointY=0.373307, distance=0, color='green'), ShootingResult(nth=5, score=8.6, time=5.0, pointX=0.50571, pointY=0.61939, distance=0, color='orange'), ShootingResult(nth=6, score=3.9, time=3.0, pointX=0.490137, pointY=0.140114, distance=0, color='blue'), ShootingResult(nth=7, score=9.0, time=4.4, pointX=0.597456, pointY=0.479759, distance=0, color='red'), ShootingResult(nth=8, score=4.3, time=2.7, pointX=0.30372, pointY=0.223928, distance=0, color='blue'), ShootingResult(nth=9, score=7.3, time=3.4, pointX=0.43995, pointY=0.32287, distance=0, color='orange'), ShootingResult(nth=10, score=6.1, time=3.9, pointX=0.643775, pointY=0.69949, distance=0, color='green')]",10,"[0.49792349999999996, 0.4097015]",0.19990733177460984,"[0.11961050161858701, 0.17459714977799606]",0.12654364765871998,입문
20250117-24eb885e-bb18-4fa4-8ab4-dd5d4289dd67,"[ShootingResult(nth=1, score=9.2, time=0.0, pointX=0.588595, pointY=0.512372, distance=6003, color='red'), ShootingResult(nth=2, score=8.9, time=1.5, pointX=0.586405, pointY=0.557509, distance=6258, color='orange'), ShootingResult(nth=3, score=8.0, time=0.7, pointX=0.644155, pointY=0.455447, distance=6075, color='orange'), ShootingResult(nth=4, score=8.6, time=1.2, pointX=0.570493, pointY=0.596382, distance=5822, color='orange'), ShootingResult(nth=5, score=9.6, time=1.2, pointX=0.552947, pointY=0.457431, distance=5904, color='red'), ShootingResult(nth=6, score=10.9, time=1.0, pointX=0.487623, pointY=0.498256, distance=5910, color='red'), ShootingResult(nth=7, score=7.6, time=0.6, pointX=0.533447, pointY=0.334074, distance=6123, color='orange'), ShootingResult(nth=8, score=8.6, time=0.2, pointX=0.59479, pointY=0.430078, distance=5945, color='orange'), ShootingResult(nth=9, score=8.6, time=0.6, pointX=0.522996, pointY=0.383948, distance=6436, color='orange'), ShootingResult(nth=10, score=8.9, time=0.1, pointX=0.40107, pointY=0.466851, distance=6949, color='orange')]",10,"[0.56172, 0.462141]",0.08902880805680807,"[0.06415493382655772, 0.0735339674229536]",0.04626576836031284,입문
20250117-912fd554-7875-423f-aa1c-c90765500645,"[ShootingResult(nth=1, score=8.0, time=0.6, pointX=0.535778, pointY=0.354121, distance=2886, color='gray'), ShootingResult(nth=2, score=7.4, time=4.2, pointX=0.5362, pointY=0.324494, distance=2985, color='orange'), ShootingResult(nth=3, score=7.0, time=3.0, pointX=0.461556, pointY=0.300607, distance=2964, color='orange'), ShootingResult(nth=4, score=5.9, time=3.2, pointX=0.572115, pointY=0.250407, distance=2963, color='green'), ShootingResult(nth=5, score=7.6, time=3.6, pointX=0.419295, pointY=0.347086, distance=2971, color='orange'), ShootingResult(nth=6, score=6.6, time=4.5, pointX=0.362605, pointY=0.32306, distance=2962, color='green'), ShootingResult(nth=7, score=8.3, time=3.3, pointX=0.459297, pointY=0.628671, distance=2939, color='gray'), ShootingResult(nth=8, score=9.1, time=1.7, pointX=0.520051, pointY=0.40851, distance=2943, color='gray'), ShootingResult(nth=9, score=5.1, time=1.4, pointX=0.46188, pointY=0.201743, distance=2946, color='gray'), ShootingResult(nth=10, score=8.0, time=2.8, pointX=0.573746, pointY=0.367503, distance=3122, color='orange')]",10,"[0.49096550000000005, 0.33579000000000003]",0.10589584356054069,"[0.06531455417294066, 0.10822375926274229]",0.035292112365571324,입문
20250117-fbacfa0e-bcde-427d-af3f-65e9373acf01,"[ShootingResult(nth=1, score=6.5, time=1.5, pointX=0.292687, pointY=0.409681, distance=0, color='green'), ShootingResult(nth=2, score=6.2, time=2.9, pointX=0.530085, pointY=0.743455, distance=0, color='green'), ShootingResult(nth=3, score=8.1, time=3.1, pointX=0.471705, pointY=0.641687, distance=0, color='orange'), ShootingResult(nth=4, score=8.3, time=3.0, pointX=0.63462, pointY=0.47549, distance=0, color='orange'), ShootingResult(nth=5, score=8.4, time=3.0, pointX=0.532917, pointY=0.626984, distance=0, color='orange'), ShootingResult(nth=6, score=7.8, time=1.8, pointX=0.468132, pointY=0.343417, distance=0, color='orange'), ShootingResult(nth=7, score=4.9, time=3.4, pointX=0.534227, pointY=0.194376, distance=0, color='blue'), ShootingResult(nth=8, score=8.6, time=2.9, pointX=0.523806, pointY=0.618451, distance=0, color='orange'), ShootingResult(nth=9, score=10.6, time=4.8, pointX=0.522805, pointY=0.484451, distance=0, color='red'), ShootingResult(nth=10, score=6.4, time=4.7, pointX=0.372136, pointY=0.305908, distance=0, color='green')]",10,"[0.5233055, 0.4799705]",0.1739759710205167,"[0.09063521786700797, 0.164821236690543]",0.09424378610144943,입문
20250117-949da9c9-b0a9-44e6-812f-7e1c074b37d0,"[ShootingResult(nth=1, score=8.4, time=2.2, pointX=0.580983, pointY=0.600322, distance=0, color='orange'), ShootingResult(nth=2, score=8.0, time=8.4, pointX=0.618937, pointY=0.588477, distance=0, color='orange'), ShootingResult(nth=3, score=9.8, time=10.0, pointX=0.448957, pointY=0.475445, distance=0, color='red'), ShootingResult(nth=4, score=8.5, time=8.2, pointX=0.390841, pointY=0.555626, distance=0, color='orange'), ShootingResult(nth=5, score=9.7, time=5.9, pointX=0.502622, pointY=0.56125, distance=0, color='red'), ShootingResult(nth=6, score=8.4, time=8.5, pointX=0.390304, pointY=0.569311, distance=0, color='orange'), ShootingResult(nth=7, score=9.1, time=7.2, pointX=0.407495, pointY=0.497663, distance=0, color='red'), ShootingResult(nth=8, score=9.1, time=5.8, pointX=0.523732, pointY=0.406967, distance=0, color='red'), ShootingResult(nth=9, score=9.1, time=4.5, pointX=0.483018, pointY=0.405388, distance=0, color='red'), ShootingResult(nth=10, score=10.9, time=3.7, pointX=0.512993, pointY=0.494969, distance=0, color='red')]",10,"[0.49282000000000004, 0.5266445]",0.09487224524005695,"[0.07408083592778904, 0.06735527226995672]",0.060319336882575826,입문
20250117-081940f0-cf4c-4e1c-bf09-50415e6ce3c9,"[ShootingResult(nth=1, score=7.7, time=2.3, pointX=0.528727, pointY=0.338747, distance=0, color='orange'), ShootingResult(nth=2, score=4.9, time=3.8, pointX=0.320028, pointY=0.249989, distance=0, color='blue'), ShootingResult(nth=3, score=6.6, time=5.8, pointX=0.657306, pointY=0.342888, distance=0, color='green'), ShootingResult(nth=4, score=6.2, time=3.7, pointX=0.271246, pointY=0.426549, distance=0, color='green'), ShootingResult(nth=5, score=7.7, time=3.2, pointX=0.656293, pointY=0.452651, distance=0, color='orange'), ShootingResult(nth=6, score=8.2, time=12.3, pointX=0.607488, pointY=0.411231, distance=0, color='orange'), ShootingResult(nth=7, score=9.0, time=3.5, pointX=0.587013, pointY=0.547655, distance=0, color='red'), ShootingResult(nth=8, score=9.4, time=4.8, pointX=0.421414, pointY=0.483445, distance=0, color='red'), ShootingResult(nth=9, score=8.6, time=2.1, pointX=0.523065, pointY=0.381488, distance=0, color='orange'), ShootingResult(nth=10, score=6.5, time=1.8, pointX=0.540777, pointY=0.274574, distance=0, color='green')]",10,"[0.5347519999999999, 0.3963595]",0.13687662847163493,"[0.12685688867069853, 0.08782676733097945]",0.06171751315094999,입문
20250117-95963b16-01c6-455e-af90-3533e7c32625,"[ShootingResult(nth=1, score=10.3, time=4.1, pointX=0.486927, pointY=0.535614, distance=2829, color='gray'), ShootingResult(nth=2, score=7.5, time=11.5, pointX=0.552463, pointY=0.665455, distance=2837, color='gray'), ShootingResult(nth=3, score=9.0, time=3.2, pointX=0.49656, pointY=0.598184, distance=3004, color='red'), ShootingResult(nth=4, score=6.6, time=1.6, pointX=0.633084, pointY=0.323328, distance=2987, color='green'), ShootingResult(nth=5, score=6.8, time=1.1, pointX=0.504981, pointY=0.288949, distance=2999, color='green'), ShootingResult(nth=6, score=8.9, time=1.1, pointX=0.603045, pointY=0.487992, distance=2990, color='orange'), ShootingResult(nth=7, score=9.1, time=1.4, pointX=0.406196, pointY=0.508158, distance=3006, color='red'), ShootingResult(nth=8, score=6.0, time=0.3, pointX=0.553883, pointY=0.749175, distance=3001, color='green'), ShootingResult(nth=9, score=6.4, time=1.1, pointX=0.432876, pointY=0.277653, distance=3000, color='green'), ShootingResult(nth=10, score=5.8, time=1.0, pointX=0.423647, pointY=0.249074, distance=3005, color='green')]",10,"[0.5007705, 0.498075]",0.16895938932642304,"[0.07242255160210803, 0.16695157038123362]",0.09461188195400196,입문
20250117-df606e89-f4c0-4945-bd96-33940f335035,"[ShootingResult(nth=1, score=9.2, time=7.2, pointX=0.580862, pointY=0.5399, distance=0, color='gray'), ShootingResult(nth=2, score=0.0, time=3.6, pointX=0.928583, pointY=0.116035, distance=0, color='gray'), ShootingResult(nth=3, score=0.0, time=4.7, pointX=0.852674, pointY=0.0845895, distance=0, color='gray'), ShootingResult(nth=4, score=7.9, time=3.6, pointX=0.560453, pointY=0.359469, distance=0, color='gray'), ShootingResult(nth=5, score=2.6, time=13.8, pointX=0.784915, pointY=0.177541, distance=3012, color='blue'), ShootingResult(nth=6, score=7.9, time=3.0, pointX=0.411518, pointY=0.626027, distance=2978, color='orange'), ShootingResult(nth=7, score=10.3, time=1.8, pointX=0.466664, pointY=0.512206, distance=3024, color='red'), ShootingResult(nth=8, score=3.2, time=1.6, pointX=0.115327, pointY=0.411251, distance=2965, color='blue'), ShootingResult(nth=9, score=9.5, time=11.3, pointX=0.538057, pointY=0.437055, distance=0, color='red'), ShootingResult(nth=10, score=7.6, time=1.3, pointX=0.560387, pointY=0.340174, distance=2835, color='gray')]",10,"[0.5604199999999999, 0.38536]",0.23513257944852878,"[0.22305386960328666, 0.17433240625845356]",0.07432076406388019,입문
20250117-3bbff530-0963-4d8a-8b71-b0dc5f2299da,"[ShootingResult(nth=1, score=6.7, time=1.6, pointX=0.422248, pointY=0.297484, distance=3096, color='green'), ShootingResult(nth=2, score=8.3, time=0.1, pointX=0.485652, pointY=0.367094, distance=3090, color='orange'), ShootingResult(nth=3, score=3.3, time=2.1, pointX=0.472829, pointY=0.108034, distance=3105, color='blue'), ShootingResult(nth=4, score=9.0, time=3.3, pointX=0.452235, pointY=0.41536, distance=3088, color='red'), ShootingResult(nth=5, score=7.1, time=3.0, pointX=0.309289, pointY=0.464473, distance=3106, color='orange'), ShootingResult(nth=6, score=7.2, time=2.3, pointX=0.476538, pointY=0.312604, distance=3095, color='orange'), ShootingResult(nth=7, score=5.3, time=2.4, pointX=0.385297, pointY=0.236548, distance=3115, color='green'), ShootingResult(nth=8, score=4.5, time=0.1, pointX=0.376355, pointY=0.196148, distance=3090, color='blue'), ShootingResult(nth=9, score=7.0, time=1.9, pointX=0.354969, pointY=0.35871, distance=3112, color='orange'), ShootingResult(nth=10, score=8.3, time=0.3, pointX=0.380964, pointY=0.434089, distance=3080, color='orange')]",10,"[0.4037725, 0.335657]",0.10953541007145673,"[0.05635728452684711, 0.10699740886040185]",0.05509196154614914,입문
20250117-18cd8ae9-464e-4b99-8d98-0d2871f089cb,"[ShootingResult(nth=1, score=6.7, time=1.9, pointX=0.34596, pointY=0.651592, distance=2892, color='gray'), ShootingResult(nth=2, score=6.4, time=6.0, pointX=0.592254, pointY=0.714361, distance=2896, color='gray'), ShootingResult(nth=3, score=8.3, time=4.2, pointX=0.519603, pointY=0.63578, distance=2898, color='gray'), ShootingResult(nth=4, score=10.1, time=3.0, pointX=0.502165, pointY=0.454322, distance=2899, color='gray'), ShootingResult(nth=5, score=6.2, time=8.4, pointX=0.645645, pointY=0.692881, distance=3023, color='green'), ShootingResult(nth=6, score=10.0, time=6.5, pointX=0.460631, pointY=0.53048, distance=3029, color='red'), ShootingResult(nth=7, score=7.8, time=1.3, pointX=0.609939, pointY=0.614808, distance=3031, color='orange'), ShootingResult(nth=8, score=5.9, time=1.2, pointX=0.478881, pointY=0.24272, distance=3026, color='green'), ShootingResult(nth=9, score=1.1, time=1.9, pointX=0.942916, pointY=0.253527, distance=3035, color='blue'), ShootingResult(nth=10, score=4.3, time=6.1, pointX=0.483995, pointY=0.840321, distance=3060, color='blue')]",10,"[0.510884, 0.625294]",0.20007344887085243,"[0.15181656381531627, 0.18540143331096445]",0.04676996984828616,입문
20250117-d837b5f6-f8b3-4f57-9f4c-2964a5d2c7e3,"[ShootingResult(nth=1, score=10.0, time=3.0, pointX=0.454658, pointY=0.49139, distance=0, color='red'), ShootingResult(nth=2, score=9.2, time=4.3, pointX=0.498013, pointY=0.410666, distance=0, color='red'), ShootingResult(nth=3, score=9.8, time=4.3, pointX=0.553588, pointY=0.483728, distance=0, color='red'), ShootingResult(nth=4, score=9.1, time=3.2, pointX=0.50816, pointY=0.404325, distance=0, color='red'), ShootingResult(nth=5, score=9.9, time=3.1, pointX=0.550123, pointY=0.500895, distance=0, color='red'), ShootingResult(nth=6, score=7.9, time=3.3, pointX=0.513488, pointY=0.347106, distance=0, color='orange'), ShootingResult(nth=7, score=9.8, time=3.0, pointX=0.492833, pointY=0.44129, distance=0, color='red'), ShootingResult(nth=8, score=10.6, time=3.3, pointX=0.497297, pointY=0.474525, distance=0, color='red'), ShootingResult(nth=9, score=9.6, time=3.1, pointX=0.460615, pointY=0.444174, distance=0, color='red'), ShootingResult(nth=10, score=10.4, time=2.6, pointX=0.476343, pointY=0.520821, distance=0, color='red')]",10,"[0.49765499999999996, 0.45934949999999997]",0.05385807537682301,"[0.031399411347348534, 0.050351419968060473]",0.027699484914903046,입문
20250117-2a2652a8-1746-4ced-b915-531eb5a8dc1f,"[ShootingResult(nth=1, score=10.2, time=3.1, pointX=0.511956, pointY=0.538335, distance=0, color='red'), ShootingResult(nth=2, score=9.5, time=3.4, pointX=0.462713, pointY=0.437506, distance=0, color='red'), ShootingResult(nth=3, score=8.6, time=4.9, pointX=0.466231, pointY=0.387643, distance=0, color='orange'), ShootingResult(nth=4, score=8.2, time=5.6, pointX=0.543848, pointY=0.36804, distance=0, color='orange'), ShootingResult(nth=5, score=10.2, time=4.9, pointX=0.46141, pointY=0.506551, distance=0, color='red'), ShootingResult(nth=6, score=8.6, time=4.3, pointX=0.516066, pointY=0.617497, distance=0, color='orange'), ShootingResult(nth=7, score=9.0, time=3.2, pointX=0.557074, pointY=0.422294, distance=0, color='red'), ShootingResult(nth=8, score=8.3, time=2.6, pointX=0.377562, pointY=0.450181, distance=0, color='orange'), ShootingResult(nth=9, score=8.7, time=1.8, pointX=0.557664, pointY=0.40155, distance=0, color='orange'), ShootingResult(nth=10, score=7.7, time=2.9, pointX=0.336527, pointY=0.482676, distance=0, color='orange')]",10,"[0.48909349999999996, 0.4438435]",0.09438358065566518,"[0.07090462517417322, 0.07262267272697968]",0.05201351097534085,입문
20250117-4d96e257-f2a6-4f89-a542-40d0df70794b,"[ShootingResult(nth=1, score=6.8, time=3.5, pointX=0.296191, pointY=0.44652, distance=0, color='green'), ShootingResult(nth=2, score=8.7, time=4.1, pointX=0.389601, pointY=0.521178, distance=0, color='orange'), ShootingResult(nth=3, score=7.0, time=5.1, pointX=0.300257, pointY=0.537459, distance=0, color='orange'), ShootingResult(nth=4, score=10.9, time=4.8, pointX=0.487014, pointY=0.49575, distance=0, color='red'), ShootingResult(nth=5, score=8.0, time=4.5, pointX=0.532088, pointY=0.353714, distance=0, color='orange'), ShootingResult(nth=6, score=2.5, time=5.1, pointX=0.547035, pointY=0.070167, distance=0, color='blue'), ShootingResult(nth=7, score=6.9, time=3.8, pointX=0.553275, pointY=0.300417, distance=0, color='green'), ShootingResult(nth=8, score=8.6, time=3.0, pointX=0.617414, pointY=0.497235, distance=0, color='orange'), ShootingResult(nth=9, score=6.5, time=4.4, pointX=0.488109, pointY=0.27219, distance=0, color='green'), ShootingResult(nth=10, score=6.8, time=2.5, pointX=0.553331, pointY=0.295337, distance=0, color='green')]",10,"[0.5100985, 0.40011699999999994]",0.16187577752757007,"[0.10539876822643612, 0.14074559731092837]",0.08254110593314898,입문
20250117-0b292340-4b8a-4fb1-8033-bf2a9d991504,"[ShootingResult(nth=1, score=8.4, time=5.2, pointX=0.56809, pointY=0.611644, distance=0, color='orange'), ShootingResult(nth=2, score=10.6, time=5.6, pointX=0.507952, pointY=0.524391, distance=0, color='red'), ShootingResult(nth=3, score=8.0, time=4.5, pointX=0.477735, pointY=0.349433, distance=0, color='orange'), ShootingResult(nth=4, score=8.5, time=5.0, pointX=0.533138, pointY=0.37744, distance=0, color='orange'), ShootingResult(nth=5, score=10.1, time=6.6, pointX=0.465534, pointY=0.528927, distance=0, color='red'), ShootingResult(nth=6, score=8.4, time=5.3, pointX=0.542944, pointY=0.378103, distance=0, color='orange'), ShootingResult(nth=7, score=9.3, time=6.1, pointX=0.562304, pointY=0.558327, distance=0, color='red'), ShootingResult(nth=8, score=9.4, time=4.7, pointX=0.548538, pointY=0.558436, distance=0, color='red'), ShootingResult(nth=9, score=10.7, time=6.3, pointX=0.521934, pointY=0.507499, distance=0, color='red'), ShootingResult(nth=10, score=10.4, time=4.7, pointX=0.518373, pointY=0.529289, distance=0, color='red')]",10,"[0.527536, 0.526659]",0.07733044955335569,"[0.032099111410754035, 0.08578567530706976]",0.017371927670508144,입문
20250117-1d462750-ef9c-48b4-96c0-c86e469b9123,"[ShootingResult(nth=1, score=4.9, time=0.7, pointX=0.198544, pointY=0.420586, distance=3012, color='blue'), ShootingResult(nth=2, score=8.5, time=3.1, pointX=0.411947, pointY=0.41279, distance=3024, color='orange'), ShootingResult(nth=3, score=9.9, time=5.8, pointX=0.55352, pointY=0.509063, distance=3039, color='red'), ShootingResult(nth=4, score=10.7, time=2.2, pointX=0.47794, pointY=0.499583, distance=3029, color='red'), ShootingResult(nth=5, score=8.9, time=2.8, pointX=0.578511, pointY=0.569015, distance=3055, color='orange'), ShootingResult(nth=6, score=9.2, time=2.2, pointX=0.533924, pointY=0.580163, distance=3016, color='red'), ShootingResult(nth=7, score=8.3, time=2.3, pointX=0.624479, pointY=0.554021, distance=3036, color='orange'), ShootingResult(nth=8, score=10.3, time=1.3, pointX=0.530573, pointY=0.481147, distance=3062, color='red'), ShootingResult(nth=9, score=9.5, time=2.5, pointX=0.501154, pointY=0.574107, distance=3041, color='red'), ShootingResult(nth=10, score=7.3, time=1.7, pointX=0.348424, pointY=0.610088, distance=3042, color='orange')]",10,"[0.5158635, 0.531542]",0.11056719884351349,"[0.11953824328573681, 0.06452510960401385]",0.021490382144391654,입문
20250117-2440b7d7-0fcf-47f1-be5f-cc8f23f92007,"[ShootingResult(nth=1, score=0.0, time=1.9, pointX=-0.0198331, pointY=0.330137, distance=0, color='blue'), ShootingResult(nth=2, score=7.9, time=4.2, pointX=0.553905, pointY=0.356088, distance=0, color='orange'), ShootingResult(nth=3, score=7.8, time=5.0, pointX=0.498296, pointY=0.33832, distance=0, color='orange'), ShootingResult(nth=4, score=8.1, time=7.1, pointX=0.488003, pointY=0.354229, distance=0, color='orange'), ShootingResult(nth=5, score=1.5, time=4.9, pointX=0.756149, pointY=0.089933, distance=0, color='blue'), ShootingResult(nth=6, score=5.7, time=6.2, pointX=0.635419, pointY=0.731, distance=0, color='green'), ShootingResult(nth=7, score=7.5, time=5.3, pointX=0.563927, pointY=0.336388, distance=0, color='orange'), ShootingResult(nth=8, score=6.1, time=5.4, pointX=0.483221, pointY=0.255233, distance=0, color='green'), ShootingResult(nth=9, score=6.0, time=3.3, pointX=0.41286, pointY=0.264881, distance=0, color='green'), ShootingResult(nth=10, score=7.1, time=3.6, pointX=0.631208, pointY=0.350559, distance=0, color='orange')]",10,"[0.5261005, 0.33735400000000004]",0.1766246243103667,"[0.19657206514716405, 0.15130239943094093]",0.0005205565051543959,입문
20250117-8e52375b-89e2-4ac9-a10a-6c53e794e829,"[ShootingResult(nth=1, score=5.8, time=2.4, pointX=0.304372, pointY=0.324662, distance=6886, color='green'), ShootingResult(nth=2, score=5.5, time=0.1, pointX=0.310024, pointY=0.297482, distance=6909, color='green'), ShootingResult(nth=3, score=9.0, time=15.5, pointX=0.464092, pointY=0.409995, distance=5423, color='red'), ShootingResult(nth=4, score=9.3, time=0.5, pointX=0.539706, pointY=0.574855, distance=4572, color='red'), ShootingResult(nth=5, score=5.8, time=0.8, pointX=0.336839, pointY=0.295781, distance=5327, color='green'), ShootingResult(nth=6, score=7.2, time=2.1, pointX=0.324727, pointY=0.429741, distance=4916, color='orange'), ShootingResult(nth=7, score=2.6, time=0.2, pointX=0.582768, pointY=0.922477, distance=5148, color='blue'), ShootingResult(nth=8, score=7.3, time=2.3, pointX=0.354217, pointY=0.380251, distance=3556, color='orange'), ShootingResult(nth=9, score=7.3, time=0.3, pointX=0.600149, pointY=0.344425, distance=4084, color='orange'), ShootingResult(nth=10, score=7.1, time=1.2, pointX=0.417756, pointY=0.67635, distance=4273, color='orange')]",10,"[0.3859865, 0.395123]",0.1829789585583872,"[0.10995014447921386, 0.19193751625956296]",0.03526417104123297,입문
20250117-69aa02e1-24ed-425e-92af-2a2cb8526498,"[ShootingResult(nth=1, score=10.1, time=2.8, pointX=0.464138, pointY=0.528047, distance=0, color='red'), ShootingResult(nth=2, score=10.4, time=6.1, pointX=0.527348, pointY=0.48116, distance=0, color='red'), ShootingResult(nth=3, score=10.4, time=8.3, pointX=0.466814, pointY=0.506085, distance=0, color='red'), ShootingResult(nth=4, score=9.7, time=5.4, pointX=0.442885, pointY=0.518858, distance=0, color='red'), ShootingResult(nth=5, score=9.0, time=5.6, pointX=0.530514, pointY=0.594359, distance=0, color='red'), ShootingResult(nth=6, score=10.5, time=4.2, pointX=0.501894, pointY=0.530518, distance=0, color='red'), ShootingResult(nth=7, score=9.3, time=4.9, pointX=0.573069, pointY=0.541953, distance=0, color='red'), ShootingResult(nth=8, score=9.8, time=4.1, pointX=0.454238, pointY=0.534022, distance=0, color='red'), ShootingResult(nth=9, score=9.2, time=3.7, pointX=0.516102, pointY=0.585532, distance=0, color='red'), ShootingResult(nth=10, score=9.1, time=4.0, pointX=0.56099, pointY=0.428155, distance=0, color='red')]",10,"[0.508998, 0.5292825000000001]",0.05778853674834935,"[0.04312780553610398, 0.045364695824947406]",0.0327894238733956,입문
20250117-0046ea81-b4ba-47ea-9373-829838da8582,"[ShootingResult(nth=1, score=8.5, time=4.0, pointX=0.438095, pointY=0.391979, distance=0, color='orange'), ShootingResult(nth=2, score=8.2, time=1.9, pointX=0.369141, pointY=0.549639, distance=2773, color='gray'), ShootingResult(nth=3, score=2.7, time=37.3, pointX=0.808844, pointY=0.21406, distance=986, color='gray'), ShootingResult(nth=4, score=8.5, time=5.2, pointX=0.510989, pointY=0.376492, distance=0, color='orange'), ShootingResult(nth=5, score=8.2, time=0.5, pointX=0.480865, pointY=0.362715, distance=3094, color='orange'), ShootingResult(nth=6, score=9.4, time=0.3, pointX=0.500446, pointY=0.422623, distance=3093, color='red'), ShootingResult(nth=7, score=10.0, time=0.1, pointX=0.547758, pointY=0.503349, distance=3123, color='red'), ShootingResult(nth=8, score=7.9, time=0.0, pointX=0.517447, pointY=0.654535, distance=3116, color='orange'), ShootingResult(nth=9, score=9.4, time=0.7, pointX=0.458666, pointY=0.433288, distance=3123, color='red'), ShootingResult(nth=10, score=9.1, time=0.5, pointX=0.586046, pointY=0.458575, distance=3101, color='red')]",10,"[0.5057175, 0.42795550000000004]",0.1206081863381483,"[0.11124761054876639, 0.11225196117329087]",0.01684540439239239,입문
20250117-1c46cc2b-2187-45c7-98f6-e1e81b3c45b0,"[ShootingResult(nth=1, score=9.6, time=4.9, pointX=0.447808, pointY=0.454488, distance=0, color='red'), ShootingResult(nth=2, score=10.7, time=7.7, pointX=0.480319, pointY=0.510798, distance=0, color='red'), ShootingResult(nth=3, score=9.2, time=10.2, pointX=0.450801, pointY=0.424665, distance=0, color='red'), ShootingResult(nth=4, score=10.9, time=12.8, pointX=0.515951, pointY=0.500372, distance=0, color='red'), ShootingResult(nth=5, score=9.8, time=6.8, pointX=0.442031, pointY=0.491117, distance=0, color='red'), ShootingResult(nth=6, score=9.7, time=5.1, pointX=0.502396, pointY=0.435803, distance=0, color='red'), ShootingResult(nth=7, score=10.9, time=6.7, pointX=0.505995, pointY=0.513819, distance=0, color='red'), ShootingResult(nth=8, score=9.9, time=5.3, pointX=0.446138, pointY=0.503925, distance=0, color='red'), ShootingResult(nth=9, score=10.9, time=7.5, pointX=0.491112, pointY=0.500159, distance=0, color='red'), ShootingResult(nth=10, score=9.6, time=4.7, pointX=0.566388, pointY=0.483595, distance=0, color='red')]",10,"[0.48571549999999997, 0.495638]",0.04440536329370347,"[0.03780733260744534, 0.030419794935041884]",0.020467067546006364,입문
20250117-f17c210c-92a2-4287-a7b6-a59e667a80df,"[ShootingResult(nth=1, score=9.2, time=7.2, pointX=0.523867, pointY=0.583709, distance=0, color='red'), ShootingResult(nth=2, score=10.9, time=4.5, pointX=0.49675, pointY=0.48558, distance=0, color='red'), ShootingResult(nth=3, score=5.8, time=4.5, pointX=0.277914, pointY=0.641882, distance=0, color='green'), ShootingResult(nth=4, score=8.4, time=12.3, pointX=0.617251, pointY=0.439864, distance=0, color='orange'), ShootingResult(nth=5, score=10.2, time=4.7, pointX=0.526362, pointY=0.531146, distance=0, color='red'), ShootingResult(nth=6, score=10.9, time=10.7, pointX=0.49662, pointY=0.506243, distance=0, color='red'), ShootingResult(nth=7, score=10.7, time=5.5, pointX=0.481341, pointY=0.485562, distance=0, color='red'), ShootingResult(nth=8, score=8.1, time=5.9, pointX=0.551152, pointY=0.634822, distance=0, color='orange'), ShootingResult(nth=9, score=10.0, time=5.2, pointX=0.456448, pointY=0.478005, distance=0, color='red'), ShootingResult(nth=10, score=10.0, time=6.4, pointX=0.492348, pointY=0.452346, distance=0, color='red')]",10,"[0.49668500000000004, 0.4959115]",0.08101324301280083,"[0.08284770783920337, 0.06884143404004596]",0.00455484777134367,입문
20250117-781cdede-a7a0-4550-b0c2-9b71b2c7a713,"[ShootingResult(nth=1, score=9.2, time=8.0, pointX=0.584782, pointY=0.486382, distance=3131, color='red'), ShootingResult(nth=2, score=6.0, time=4.8, pointX=0.302191, pointY=0.345792, distance=3157, color='green'), ShootingResult(nth=3, score=7.6, time=2.3, pointX=0.54714, pointY=0.665023, distance=3128, color='orange'), ShootingResult(nth=4, score=7.3, time=3.4, pointX=0.500636, pointY=0.685654, distance=3123, color='orange'), ShootingResult(nth=5, score=9.0, time=1.9, pointX=0.414303, pointY=0.553908, distance=3144, color='red'), ShootingResult(nth=6, score=3.1, time=5.8, pointX=0.188793, pointY=0.757049, distance=3112, color='blue'), ShootingResult(nth=7, score=9.1, time=3.0, pointX=0.430177, pointY=0.564461, distance=3134, color='red'), ShootingResult(nth=8, score=9.2, time=2.1, pointX=0.565036, pointY=0.438039, distance=3134, color='red'), ShootingResult(nth=9, score=7.0, time=1.9, pointX=0.436373, pointY=0.689276, distance=3136, color='orange'), ShootingResult(nth=10, score=10.5, time=2.3, pointX=0.526474, pointY=0.512177, distance=3138, color='red')]",10,"[0.4685045, 0.5591845]",0.1469381413846098,"[0.11881740961933987, 0.12244461790250318]",0.057554891975470424,입문
20250117-ca7f544d-9396-4816-b5a4-339e25bee9d5,"[ShootingResult(nth=1, score=6.9, time=0.0, pointX=0.446925, pointY=0.698691, distance=0, color='green'), ShootingResult(nth=2, score=9.4, time=2.8, pointX=0.573108, pointY=0.474707, distance=0, color='red'), ShootingResult(nth=3, score=9.2, time=1.6, pointX=0.449109, pointY=0.42912, distance=0, color='red'), ShootingResult(nth=4, score=5.5, time=2.7, pointX=0.340728, pointY=0.272296, distance=0, color='green'), ShootingResult(nth=5, score=1.3, time=1.7, pointX=0.573161, pointY=0.0112491, distance=0, color='blue'), ShootingResult(nth=6, score=5.5, time=4.5, pointX=0.690417, pointY=0.294957, distance=0, color='green'), ShootingResult(nth=7, score=5.7, time=4.1, pointX=0.631588, pointY=0.265367, distance=0, color='green'), ShootingResult(nth=8, score=8.3, time=2.2, pointX=0.543079, pointY=0.373776, distance=0, color='orange'), ShootingResult(nth=9, score=6.9, time=1.5, pointX=0.3276, pointY=0.618297, distance=0, color='green'), ShootingResult(nth=10, score=9.0, time=2.3, pointX=0.410855, pointY=0.5411, distance=0, color='red')]",10,"[0.496094, 0.401448]",0.19682525478295376,"[0.11599660403822173, 0.1898551509884862]",0.09300438718859041,입문
20250117-ec435cbe-f74b-4791-820a-57898204bb3f,"[ShootingResult(nth=1, score=4.5, time=0.8, pointX=0.233624, pointY=0.696126, distance=3137, color='blue'), ShootingResult(nth=2, score=7.6, time=10.0, pointX=0.447196, pointY=0.339247, distance=3123, color='orange'), ShootingResult(nth=3, score=7.1, time=1.3, pointX=0.305597, pointY=0.473387, distance=3116, color='orange'), ShootingResult(nth=4, score=6.1, time=0.9, pointX=0.256437, pointY=0.460077, distance=3119, color='green'), ShootingResult(nth=5, score=7.8, time=2.8, pointX=0.365645, pointY=0.414941, distance=3122, color='orange'), ShootingResult(nth=6, score=4.0, time=6.2, pointX=0.404903, pointY=0.156984, distance=3131, color='blue'), ShootingResult(nth=7, score=9.6, time=2.0, pointX=0.431561, pointY=0.501207, distance=3111, color='red'), ShootingResult(nth=8, score=7.5, time=0.7, pointX=0.451865, pointY=0.333273, distance=3121, color='orange'), ShootingResult(nth=9, score=7.6, time=1.6, pointX=0.423883, pointY=0.346544, distance=3122, color='orange'), ShootingResult(nth=10, score=7.1, time=0.8, pointX=0.311042, pointY=0.437846, distance=3143, color='orange')]",10,"[0.385274, 0.4263935]",0.1301125208954304,"[0.07697039411494526, 0.1327001951044534]",0.045249932218286104,입문
20250117-2ef81875-6b75-4ab1-b490-8fba719c068f,"[ShootingResult(nth=1, score=7.8, time=1.9, pointX=0.420475, pointY=0.360276, distance=0, color='orange'), ShootingResult(nth=2, score=5.0, time=4.5, pointX=0.804985, pointY=0.524636, distance=0, color='green'), ShootingResult(nth=3, score=7.4, time=4.4, pointX=0.542261, pointY=0.324345, distance=0, color='orange'), ShootingResult(nth=4, score=9.8, time=8.9, pointX=0.439998, pointY=0.500464, distance=0, color='red'), ShootingResult(nth=5, score=8.4, time=8.3, pointX=0.478072, pointY=0.37364, distance=0, color='orange'), ShootingResult(nth=6, score=5.7, time=2.8, pointX=0.233636, pointY=0.528094, distance=0, color='green'), ShootingResult(nth=7, score=10.3, time=3.6, pointX=0.530982, pointY=0.476897, distance=0, color='red'), ShootingResult(nth=8, score=8.2, time=3.8, pointX=0.603123, pointY=0.595249, distance=0, color='orange'), ShootingResult(nth=9, score=9.4, time=6.6, pointX=0.486903, pointY=0.575628, distance=0, color='red'), ShootingResult(nth=10, score=7.1, time=3.4, pointX=0.659955, pointY=0.386324, distance=0, color='orange')]",10,"[0.5089425, 0.4886805]",0.15283380228012072,"[0.14473862004731147, 0.0913375201207587]",0.07135498796068573,입문
20250117-a6b94f56-2011-466a-8f3a-43f52dce231b,"[ShootingResult(nth=1, score=8.4, time=2.6, pointX=0.503652, pointY=0.372548, distance=3554, color='orange'), ShootingResult(nth=2, score=5.9, time=3.5, pointX=0.740755, pointY=0.408568, distance=3268, color='green'), ShootingResult(nth=3, score=8.0, time=5.0, pointX=0.647495, pointY=0.460612, distance=3161, color='orange'), ShootingResult(nth=4, score=8.4, time=3.3, pointX=0.621017, pointY=0.456029, distance=3220, color='orange'), ShootingResult(nth=5, score=9.5, time=4.1, pointX=0.443657, pointY=0.457386, distance=3340, color='red'), ShootingResult(nth=6, score=4.9, time=2.9, pointX=0.348038, pointY=0.769303, distance=4220, color='blue'), ShootingResult(nth=7, score=10.1, time=6.6, pointX=0.507682, pointY=0.454768, distance=3220, color='red'), ShootingResult(nth=8, score=8.2, time=5.4, pointX=0.60965, pointY=0.58547, distance=0, color='orange'), ShootingResult(nth=9, score=9.5, time=1.5, pointX=0.479048, pointY=0.431471, distance=3437, color='red'), ShootingResult(nth=10, score=7.4, time=2.1, pointX=0.64549, pointY=0.394528, distance=3263, color='orange')]",10,"[0.558666, 0.45539850000000004]",0.13117167921663878,"[0.11156485348818419, 0.11100405660069365]",0.04095522711982211,입문
20250117-d3c2ccb8-aa9b-4f02-bf40-ddbf6e174abf,"[ShootingResult(nth=1, score=8.6, time=4.3, pointX=0.518137, pointY=0.380545, distance=0, color='orange'), ShootingResult(nth=2, score=9.2, time=6.8, pointX=0.502856, pointY=0.411331, distance=0, color='red'), ShootingResult(nth=3, score=4.7, time=6.9, pointX=0.217241, pointY=0.347357, distance=0, color='blue'), ShootingResult(nth=4, score=9.4, time=9.0, pointX=0.512337, pointY=0.423009, distance=0, color='red'), ShootingResult(nth=5, score=8.5, time=6.1, pointX=0.532628, pointY=0.382357, distance=0, color='orange'), ShootingResult(nth=6, score=8.1, time=12.8, pointX=0.478613, pointY=0.355935, distance=0, color='orange'), ShootingResult(nth=7, score=5.5, time=6.0, pointX=0.767766, pointY=0.415692, distance=0, color='green'), ShootingResult(nth=8, score=7.9, time=5.4, pointX=0.403673, pointY=0.380708, distance=0, color='orange'), ShootingResult(nth=9, score=10.1, time=2.8, pointX=0.540876, pointY=0.483084, distance=0, color='red'), ShootingResult(nth=10, score=8.1, time=2.8, pointX=0.398129, pointY=0.606079, distance=0, color='orange')]",10,"[0.5075965, 0.396844]",0.11294429541800674,"[0.13166554904621025, 0.07251710410248055]",0.009373775534788908,입문
20250117-a80c5abe-661c-400f-bf94-06006ef78500,"[ShootingResult(nth=1, score=8.7, time=5.8, pointX=0.387652, pointY=0.524919, distance=3060, color='orange'), ShootingResult(nth=2, score=10.3, time=5.4, pointX=0.51777, pointY=0.469135, distance=3076, color='red'), ShootingResult(nth=3, score=7.8, time=3.5, pointX=0.374506, pointY=0.40341, distance=3088, color='orange'), ShootingResult(nth=4, score=8.3, time=4.0, pointX=0.387588, pointY=0.429669, distance=3057, color='orange'), ShootingResult(nth=5, score=8.7, time=2.1, pointX=0.399451, pointY=0.551865, distance=3073, color='orange'), ShootingResult(nth=6, score=9.8, time=1.7, pointX=0.458987, pointY=0.537151, distance=3066, color='red'), ShootingResult(nth=7, score=5.6, time=0.4, pointX=0.258143, pointY=0.374827, distance=3071, color='green'), ShootingResult(nth=8, score=9.0, time=1.5, pointX=0.40079, pointY=0.507561, distance=3072, color='red'), ShootingResult(nth=9, score=8.7, time=1.7, pointX=0.387665, pointY=0.516176, distance=3074, color='orange'), ShootingResult(nth=10, score=10.9, time=1.3, pointX=0.493297, pointY=0.486976, distance=3082, color='red')]",10,"[0.39355799999999996, 0.4972685]",0.07660226161891222,"[0.06844919375485732, 0.05669556279189758]",0.026663610008984595,입문
20250117-c24c23b0-2e26-46a4-92cf-7a6a26575a63,"[ShootingResult(nth=1, score=8.4, time=6.6, pointX=0.589845, pointY=0.405816, distance=3101, color='orange'), ShootingResult(nth=2, score=4.9, time=7.4, pointX=0.554912, pointY=0.19637, distance=3788, color='blue'), ShootingResult(nth=3, score=10.3, time=6.2, pointX=0.515074, pointY=0.464694, distance=3767, color='red'), ShootingResult(nth=4, score=10.7, time=5.9, pointX=0.51017, pointY=0.479069, distance=0, color='red'), ShootingResult(nth=5, score=8.3, time=13.2, pointX=0.516428, pointY=0.367725, distance=0, color='orange'), ShootingResult(nth=6, score=10.7, time=2.8, pointX=0.516062, pointY=0.482886, distance=3110, color='red'), ShootingResult(nth=7, score=8.0, time=3.5, pointX=0.554837, pointY=0.638507, distance=2862, color='gray'), ShootingResult(nth=8, score=9.7, time=10.6, pointX=0.564125, pointY=0.494605, distance=3756, color='red'), ShootingResult(nth=9, score=9.3, time=5.1, pointX=0.578768, pointY=0.468897, distance=3054, color='red'), ShootingResult(nth=10, score=8.1, time=7.9, pointX=0.63548, pointY=0.445849, distance=0, color='orange')]",10,"[0.5548744999999999, 0.46679550000000003]",0.08835077273166705,"[0.03863516203007307, 0.1061988109093506]",0.01441570997780632,입문
20250117-959baeba-53a0-47a2-9d57-d21af408af0d,"[ShootingResult(nth=1, score=7.7, time=6.8, pointX=0.663694, pointY=0.507382, distance=0, color='orange'), ShootingResult(nth=2, score=8.8, time=7.5, pointX=0.487748, pointY=0.394206, distance=0, color='orange'), ShootingResult(nth=3, score=7.0, time=7.7, pointX=0.343727, pointY=0.623701, distance=0, color='orange'), ShootingResult(nth=4, score=10.1, time=9.1, pointX=0.541782, pointY=0.484994, distance=0, color='red'), ShootingResult(nth=5, score=7.4, time=8.6, pointX=0.422987, pointY=0.336411, distance=0, color='orange'), ShootingResult(nth=6, score=9.0, time=10.2, pointX=0.594093, pointY=0.520211, distance=0, color='red'), ShootingResult(nth=7, score=6.7, time=11.4, pointX=0.346922, pointY=0.345516, distance=0, color='green'), ShootingResult(nth=8, score=7.8, time=4.4, pointX=0.383782, pointY=0.392286, distance=0, color='orange'), ShootingResult(nth=9, score=8.7, time=4.3, pointX=0.589202, pointY=0.571535, distance=0, color='orange'), ShootingResult(nth=10, score=8.1, time=3.5, pointX=0.50343, pointY=0.356931, distance=0, color='orange')]",10,"[0.49558900000000006, 0.4396]",0.13263485235868594,"[0.1054996170865563, 0.09654257583268637]",0.07688131410155306,입문
20250117-c4ad2f5d-3765-4f83-933f-233798d5f3d9,"[ShootingResult(nth=1, score=9.7, time=0.0, pointX=0.470428, pointY=0.44681, distance=0, color='red'), ShootingResult(nth=2, score=10.2, time=3.8, pointX=0.52934, pointY=0.471832, distance=4970, color='red'), ShootingResult(nth=3, score=10.2, time=2.1, pointX=0.482462, pointY=0.461786, distance=6198, color='red'), ShootingResult(nth=4, score=7.9, time=2.6, pointX=0.575153, pointY=0.63309, distance=4821, color='orange'), ShootingResult(nth=5, score=10.3, time=1.9, pointX=0.475874, pointY=0.470362, distance=4678, color='red'), ShootingResult(nth=6, score=9.0, time=1.8, pointX=0.574484, pointY=0.56255, distance=4933, color='red'), ShootingResult(nth=7, score=8.6, time=1.5, pointX=0.383033, pointY=0.505932, distance=5025, color='orange'), ShootingResult(nth=8, score=10.2, time=2.5, pointX=0.541283, pointY=0.507352, distance=5106, color='red'), ShootingResult(nth=9, score=9.5, time=1.7, pointX=0.492174, pointY=0.570267, distance=5408, color='red'), ShootingResult(nth=10, score=9.7, time=2.9, pointX=0.512547, pointY=0.436584, distance=5719, color='red')]",10,"[0.5023605, 0.48888200000000004]",0.07142273745329938,"[0.05412005201734381, 0.060159766218378874]",0.029415140449577964,입문
20250117-f8d75de7-ed79-48c1-a2da-f5a6ff6ff7ad,"[ShootingResult(nth=1, score=10.1, time=1.6, pointX=0.520426, pointY=0.462442, distance=3135, color='red'), ShootingResult(nth=2, score=10.1, time=1.1, pointX=0.542858, pointY=0.507314, distance=3111, color='red'), ShootingResult(nth=3, score=10.9, time=1.3, pointX=0.499371, pointY=0.508856, distance=3118, color='red'), ShootingResult(nth=4, score=9.2, time=1.4, pointX=0.586794, pointY=0.508019, distance=3123, color='red'), ShootingResult(nth=5, score=9.0, time=2.5, pointX=0.506098, pointY=0.401648, distance=3126, color='red'), ShootingResult(nth=6, score=10.4, time=1.5, pointX=0.483542, pointY=0.528526, distance=3118, color='red'), ShootingResult(nth=7, score=10.2, time=1.3, pointX=0.47698, pointY=0.46512, distance=3095, color='red'), ShootingResult(nth=8, score=8.6, time=2.3, pointX=0.526023, pointY=0.384421, distance=3097, color='orange'), ShootingResult(nth=9, score=9.2, time=2.3, pointX=0.578516, pointY=0.460028, distance=3094, color='red'), ShootingResult(nth=10, score=10.6, time=4.1, pointX=0.47596, pointY=0.492704, distance=3092, color='red')]",10,"[0.5132620000000001, 0.478912]",0.05483678002717864,"[0.03765843598398638, 0.04519742765866217]",0.03151629314009111,입문
20250117-ee4a4d78-4f13-4d44-a42f-b6286d66f571,"[ShootingResult(nth=1, score=4.3, time=2.8, pointX=0.188803, pointY=0.632903, distance=0, color='blue'), ShootingResult(nth=2, score=4.1, time=4.6, pointX=0.426729, pointY=0.156532, distance=0, color='blue'), ShootingResult(nth=3, score=9.9, time=3.0, pointX=0.537319, pointY=0.533156, distance=0, color='red'), ShootingResult(nth=4, score=8.8, time=3.3, pointX=0.437108, pointY=0.586095, distance=0, color='orange'), ShootingResult(nth=5, score=9.8, time=3.1, pointX=0.448609, pointY=0.474153, distance=0, color='red'), ShootingResult(nth=6, score=6.8, time=1.8, pointX=0.623665, pointY=0.327135, distance=0, color='green'), ShootingResult(nth=7, score=4.1, time=3.0, pointX=0.304168, pointY=0.78893, distance=0, color='blue'), ShootingResult(nth=8, score=8.8, time=2.1, pointX=0.401023, pointY=0.460834, distance=0, color='orange'), ShootingResult(nth=9, score=4.5, time=2.0, pointX=0.230876, pointY=0.310082, distance=0, color='blue'), ShootingResult(nth=10, score=5.1, time=4.0, pointX=0.207246, pointY=0.437994, distance=0, color='green')]",10,"[0.413876, 0.4674935]",0.1943228191620372,"[0.13751421948816783, 0.17061253318100636]",0.08765246256205114,입문
20250117-f4971a69-c479-4040-bacd-59e1af1dae24,"[ShootingResult(nth=1, score=8.3, time=3.5, pointX=0.537905, pointY=0.62701, distance=0, color='orange'), ShootingResult(nth=2, score=9.0, time=3.9, pointX=0.432533, pointY=0.424844, distance=0, color='red'), ShootingResult(nth=3, score=8.8, time=4.4, pointX=0.591845, pointY=0.44241, distance=0, color='orange'), ShootingResult(nth=4, score=9.7, time=3.5, pointX=0.448939, pointY=0.45971, distance=0, color='red'), ShootingResult(nth=5, score=9.2, time=5.3, pointX=0.53085, pointY=0.414843, distance=0, color='red'), ShootingResult(nth=6, score=9.8, time=3.6, pointX=0.446005, pointY=0.473678, distance=0, color='red'), ShootingResult(nth=7, score=9.8, time=3.0, pointX=0.457386, pointY=0.463925, distance=0, color='red'), ShootingResult(nth=8, score=9.9, time=3.4, pointX=0.449972, pointY=0.520771, distance=0, color='red'), ShootingResult(nth=9, score=9.2, time=2.5, pointX=0.515075, pointY=0.585872, distance=0, color='red'), ShootingResult(nth=10, score=8.9, time=2.3, pointX=0.492643, pointY=0.394237, distance=0, color='orange')]",10,"[0.4750145, 0.4618175]",0.0763986908520955,"[0.04955875109211288, 0.07158473481685881]",0.028071873849669866,입문
20250117-50862aec-7a85-48e1-b1ba-e8354a0b1f4b,"[ShootingResult(nth=1, score=8.1, time=4.1, pointX=0.361532, pointY=0.542023, distance=3079, color='orange'), ShootingResult(nth=2, score=7.7, time=0.9, pointX=0.358949, pointY=0.586991, distance=3085, color='orange'), ShootingResult(nth=3, score=9.7, time=3.9, pointX=0.444597, pointY=0.472734, distance=3074, color='red'), ShootingResult(nth=4, score=7.2, time=0.9, pointX=0.312917, pointY=0.471446, distance=3077, color='orange'), ShootingResult(nth=5, score=9.5, time=2.0, pointX=0.524743, pointY=0.566151, distance=3086, color='red'), ShootingResult(nth=6, score=7.9, time=1.5, pointX=0.368556, pointY=0.419798, distance=3093, color='orange'), ShootingResult(nth=7, score=9.9, time=1.8, pointX=0.54996, pointY=0.495988, distance=3094, color='red'), ShootingResult(nth=8, score=8.4, time=1.7, pointX=0.448266, pointY=0.618226, distance=3084, color='orange'), ShootingResult(nth=9, score=10.0, time=0.6, pointX=0.457338, pointY=0.521463, distance=3076, color='red'), ShootingResult(nth=10, score=10.5, time=0.7, pointX=0.491726, pointY=0.473065, distance=3085, color='red')]",10,"[0.4464315, 0.5087254999999999]",0.08867957757465032,"[0.0746030772008769, 0.05836227238422097]",0.0514627305899637,입문
20250117-708cfbcb-cf9f-48e6-8d30-873fe35c2632,"[ShootingResult(nth=1, score=9.4, time=4.2, pointX=0.543999, pointY=0.567357, distance=0, color='red'), ShootingResult(nth=2, score=8.9, time=5.9, pointX=0.565897, pointY=0.421241, distance=0, color='orange'), ShootingResult(nth=3, score=9.7, time=5.7, pointX=0.440662, pointY=0.515541, distance=0, color='red'), ShootingResult(nth=4, score=9.2, time=8.5, pointX=0.438469, pointY=0.433049, distance=0, color='red'), ShootingResult(nth=5, score=7.8, time=4.5, pointX=0.449823, pointY=0.650202, distance=0, color='orange'), ShootingResult(nth=6, score=9.7, time=10.3, pointX=0.517938, pointY=0.439398, distance=0, color='red'), ShootingResult(nth=7, score=10.6, time=5.7, pointX=0.514062, pointY=0.476448, distance=0, color='red'), ShootingResult(nth=8, score=9.1, time=5.3, pointX=0.427977, pointY=0.436543, distance=0, color='red'), ShootingResult(nth=9, score=9.3, time=5.4, pointX=0.536914, pointY=0.42609, distance=0, color='red'), ShootingResult(nth=10, score=10.0, time=4.8, pointX=0.493417, pointY=0.453665, distance=0, color='red')]",10,"[0.5037395, 0.44653149999999997]",0.07407596709692335,"[0.04765927480522548, 0.07115578541650705]",0.017338264877362765,입문
20250117-63c22c96-91de-4faa-bff5-0597482e18e2,"[ShootingResult(nth=1, score=7.1, time=4.8, pointX=0.347448, pointY=0.626879, distance=3040, color='orange'), ShootingResult(nth=2, score=6.0, time=2.8, pointX=0.680994, pointY=0.321008, distance=3052, color='green'), ShootingResult(nth=3, score=10.2, time=2.1, pointX=0.470177, pointY=0.472976, distance=3082, color='red'), ShootingResult(nth=4, score=9.2, time=2.1, pointX=0.575719, pointY=0.548433, distance=3049, color='red'), ShootingResult(nth=5, score=8.5, time=3.0, pointX=0.377836, pointY=0.515187, distance=3061, color='orange'), ShootingResult(nth=6, score=7.6, time=1.9, pointX=0.330784, pointY=0.492973, distance=3043, color='orange'), ShootingResult(nth=7, score=9.4, time=0.9, pointX=0.463661, pointY=0.428517, distance=3056, color='red'), ShootingResult(nth=8, score=6.7, time=3.9, pointX=0.291885, pointY=0.561957, distance=3040, color='green'), ShootingResult(nth=9, score=8.5, time=2.0, pointX=0.382945, pointY=0.536775, distance=3053, color='orange'), ShootingResult(nth=10, score=9.1, time=2.0, pointX=0.592444, pointY=0.508306, distance=3058, color='red')]",10,"[0.423303, 0.5117465]",0.12659243146504023,"[0.12225463481770332, 0.07864187386812448]",0.0491131246501294,입문
20250117-f175dc49-50ad-4fa8-b752-08993327e4ba,"[ShootingResult(nth=1, score=8.8, time=11.2, pointX=0.548905, pointY=0.598553, distance=0, color='orange'), ShootingResult(nth=2, score=8.5, time=3.3, pointX=0.558442, pointY=0.608164, distance=0, color='orange'), ShootingResult(nth=3, score=9.9, time=3.7, pointX=0.451621, pointY=0.474126, distance=0, color='red'), ShootingResult(nth=4, score=8.5, time=2.1, pointX=0.544372, pointY=0.618964, distance=0, color='orange'), ShootingResult(nth=5, score=8.9, time=3.5, pointX=0.50734, pointY=0.39583, distance=0, color='orange'), ShootingResult(nth=6, score=8.5, time=1.4, pointX=0.557362, pointY=0.391368, distance=0, color='orange'), ShootingResult(nth=7, score=6.0, time=2.6, pointX=0.304291, pointY=0.336201, distance=0, color='green'), ShootingResult(nth=8, score=6.1, time=4.9, pointX=0.706679, pointY=0.360249, distance=0, color='green'), ShootingResult(nth=9, score=7.8, time=10.3, pointX=0.645296, pointY=0.433007, distance=0, color='orange'), ShootingResult(nth=10, score=7.3, time=2.2, pointX=0.387818, pointY=0.650788, distance=0, color='orange')]",10,"[0.5466385, 0.4535665]",0.15041665083444414,"[0.11120928447409414, 0.11432830941897112]",0.08289435116500957,입문
20250117-8f8d37e2-6d42-4b46-b236-5e67684266d3,"[ShootingResult(nth=1, score=9.9, time=0.6, pointX=0.474001, pointY=0.455348, distance=4229, color='red'), ShootingResult(nth=2, score=8.1, time=3.3, pointX=0.604755, pointY=0.603188, distance=4374, color='orange'), ShootingResult(nth=3, score=7.5, time=3.7, pointX=0.420173, pointY=0.345403, distance=6261, color='orange'), ShootingResult(nth=4, score=3.1, time=3.5, pointX=0.888571, pointY=0.399049, distance=5928, color='blue'), ShootingResult(nth=5, score=8.0, time=5.2, pointX=0.500759, pointY=0.650563, distance=6986, color='orange'), ShootingResult(nth=6, score=8.0, time=1.5, pointX=0.533624, pointY=0.644209, distance=6846, color='orange'), ShootingResult(nth=7, score=8.6, time=0.3, pointX=0.570754, pointY=0.596524, distance=6889, color='orange'), ShootingResult(nth=8, score=8.4, time=2.3, pointX=0.591592, pointY=0.406088, distance=6939, color='orange'), ShootingResult(nth=9, score=9.2, time=0.8, pointX=0.415285, pointY=0.528062, distance=6897, color='red'), ShootingResult(nth=10, score=9.0, time=0.7, pointX=0.454735, pointY=0.411099, distance=0, color='gray')]",10,"[0.5171915, 0.491705]",0.15109262139041824,"[0.13119719451379286, 0.10810609513995963]",0.0673203279723571,입문
20250117-e5f5d85f-a495-4773-8cf0-68b89e29256a,"[ShootingResult(nth=1, score=9.4, time=2.6, pointX=0.429018, pointY=0.464765, distance=0, color='red'), ShootingResult(nth=2, score=9.3, time=9.2, pointX=0.496251, pointY=0.582022, distance=0, color='red'), ShootingResult(nth=3, score=6.2, time=10.2, pointX=0.732144, pointY=0.429557, distance=0, color='green'), ShootingResult(nth=4, score=9.8, time=4.7, pointX=0.543256, pointY=0.539156, distance=0, color='red'), ShootingResult(nth=5, score=8.4, time=8.9, pointX=0.42042, pointY=0.600797, distance=0, color='orange'), ShootingResult(nth=6, score=9.7, time=7.2, pointX=0.526985, pointY=0.442378, distance=0, color='red'), ShootingResult(nth=7, score=10.2, time=6.0, pointX=0.531862, pointY=0.527223, distance=0, color='red'), ShootingResult(nth=8, score=9.9, time=5.2, pointX=0.54693, pointY=0.47935, distance=0, color='red'), ShootingResult(nth=9, score=8.5, time=4.7, pointX=0.405704, pointY=0.419065, distance=0, color='orange'), ShootingResult(nth=10, score=9.4, time=3.6, pointX=0.545682, pointY=0.439137, distance=0, color='red')]",10,"[0.5294235, 0.4720575]",0.09351251006090636,"[0.08882251930428453, 0.06227451754931547]",0.03377082316800978,입문
20250117-52fd9d72-3db9-4726-85b9-0366f723325c,"[ShootingResult(nth=1, score=7.5, time=3.0, pointX=0.506849, pointY=0.325999, distance=3752, color='orange'), ShootingResult(nth=2, score=0.0, time=1.9, pointX=0.79803, pointY=0.0446077, distance=0, color='gray'), ShootingResult(nth=3, score=0.0, time=8.5, pointX=0.838322, pointY=0.0948434, distance=0, color='blue'), ShootingResult(nth=4, score=5.5, time=3.7, pointX=0.765805, pointY=0.412756, distance=3741, color='green'), ShootingResult(nth=5, score=8.8, time=2.4, pointX=0.61047, pointY=0.499685, distance=3038, color='orange'), ShootingResult(nth=6, score=4.9, time=2.3, pointX=0.60586, pointY=0.21079, distance=3043, color='blue'), ShootingResult(nth=7, score=2.2, time=1.9, pointX=0.139342, pointY=0.237452, distance=3741, color='blue'), ShootingResult(nth=8, score=4.7, time=5.2, pointX=0.445698, pointY=0.1855, distance=3055, color='blue'), ShootingResult(nth=9, score=4.3, time=3.3, pointX=0.740853, pointY=0.262143, distance=3070, color='blue'), ShootingResult(nth=10, score=0.0, time=1.9, pointX=0.73414, pointY=0.00922513, distance=3052, color='blue')]",10,"[0.6723049999999999, 0.22412100000000001]",0.22496103282288354,"[0.20068319926463699, 0.14836906700630548]",0.10417968546604946,입문
20250117-8ccb0074-4bdc-41a2-8b27-1414d11ffcb2,"[ShootingResult(nth=1, score=4.5, time=3.7, pointX=0.678463, pointY=0.220502, distance=3185, color='blue'), ShootingResult(nth=2, score=10.3, time=3.3, pointX=0.470435, pointY=0.477387, distance=3188, color='red'), ShootingResult(nth=3, score=9.8, time=3.0, pointX=0.544693, pointY=0.539472, distance=3200, color='red'), ShootingResult(nth=4, score=8.4, time=3.5, pointX=0.435027, pointY=0.387811, distance=3191, color='orange'), ShootingResult(nth=5, score=9.3, time=2.2, pointX=0.577119, pointY=0.464694, distance=3195, color='red'), ShootingResult(nth=6, score=7.1, time=1.4, pointX=0.517809, pointY=0.303088, distance=3218, color='orange'), ShootingResult(nth=7, score=8.9, time=1.6, pointX=0.586017, pointY=0.444851, distance=3185, color='orange'), ShootingResult(nth=8, score=7.7, time=2.8, pointX=0.372646, pointY=0.394724, distance=3211, color='orange'), ShootingResult(nth=9, score=6.5, time=3.2, pointX=0.442779, pointY=0.281461, distance=3213, color='green'), ShootingResult(nth=10, score=10.2, time=3.0, pointX=0.462954, pointY=0.487845, distance=3193, color='red')]",10,"[0.49412199999999995, 0.4197875]",0.11860070452145655,"[0.0852630179149202, 0.097567356148714]",0.06095840784909833,입문
20250117-7eabac6d-2b8a-431c-a716-11a6c1694d38,"[ShootingResult(nth=1, score=10.0, time=3.8, pointX=0.507286, pointY=0.451399, distance=0, color='red'), ShootingResult(nth=2, score=9.6, time=4.2, pointX=0.444936, pointY=0.459868, distance=0, color='red'), ShootingResult(nth=3, score=10.5, time=7.9, pointX=0.481035, pointY=0.520689, distance=0, color='red'), ShootingResult(nth=4, score=10.7, time=8.8, pointX=0.516721, pointY=0.485536, distance=0, color='red'), ShootingResult(nth=5, score=10.1, time=8.9, pointX=0.458658, pointY=0.486646, distance=0, color='red'), ShootingResult(nth=6, score=10.7, time=6.1, pointX=0.486313, pointY=0.515508, distance=0, color='red'), ShootingResult(nth=7, score=10.9, time=8.3, pointX=0.502288, pointY=0.484086, distance=0, color='red'), ShootingResult(nth=8, score=10.4, time=6.4, pointX=0.476269, pointY=0.478955, distance=0, color='red'), ShootingResult(nth=9, score=10.1, time=3.6, pointX=0.53399, pointY=0.472979, distance=0, color='red'), ShootingResult(nth=10, score=9.9, time=4.2, pointX=0.483439, pointY=0.452559, distance=0, color='red')]",10,"[0.484876, 0.4815205]",0.032059037894552,"[0.025356168075046346, 0.022422910833564843]",0.020387928725939166,입문
20250117-1baea611-9b98-41d9-82ef-89ab8d53ecae,"[ShootingResult(nth=1, score=10.6, time=4.5, pointX=0.522526, pointY=0.512654, distance=0, color='red'), ShootingResult(nth=2, score=8.5, time=3.8, pointX=0.625724, pointY=0.507211, distance=0, color='orange'), ShootingResult(nth=3, score=9.6, time=4.4, pointX=0.540314, pointY=0.445992, distance=0, color='red'), ShootingResult(nth=4, score=9.4, time=6.3, pointX=0.544117, pointY=0.563324, distance=0, color='red'), ShootingResult(nth=5, score=9.3, time=6.1, pointX=0.493051, pointY=0.419347, distance=0, color='red'), ShootingResult(nth=6, score=10.6, time=6.5, pointX=0.486575, pointY=0.523899, distance=0, color='red'), ShootingResult(nth=7, score=8.4, time=5.1, pointX=0.59786, pointY=0.585011, distance=0, color='orange'), ShootingResult(nth=8, score=9.9, time=4.2, pointX=0.507548, pointY=0.448887, distance=0, color='red'), ShootingResult(nth=9, score=10.5, time=6.3, pointX=0.472587, pointY=0.512305, distance=0, color='red'), ShootingResult(nth=10, score=8.4, time=5.8, pointX=0.622909, pointY=0.453734, distance=0, color='orange')]",10,"[0.53142, 0.5097579999999999]",0.07003010717685164,"[0.05341470402885333, 0.0512542424667461]",0.041207645208819324,입문
20250117-fb92f87d-58f9-4d4f-823e-183e9487e24f,"[ShootingResult(nth=1, score=8.5, time=4.8, pointX=0.498257, pointY=0.375358, distance=3042, color='orange'), ShootingResult(nth=2, score=10.2, time=1.8, pointX=0.458676, pointY=0.499189, distance=3031, color='red'), ShootingResult(nth=3, score=7.8, time=2.3, pointX=0.442698, pointY=0.351714, distance=3049, color='orange'), ShootingResult(nth=4, score=9.3, time=3.8, pointX=0.536334, pointY=0.423295, distance=3048, color='red'), ShootingResult(nth=5, score=7.1, time=1.6, pointX=0.698979, pointY=0.501768, distance=3059, color='orange'), ShootingResult(nth=6, score=9.4, time=1.3, pointX=0.562516, pointY=0.544036, distance=3050, color='red'), ShootingResult(nth=7, score=6.3, time=1.3, pointX=0.718475, pointY=0.405625, distance=3052, color='green'), ShootingResult(nth=8, score=9.7, time=2.9, pointX=0.482261, pointY=0.561297, distance=3046, color='red'), ShootingResult(nth=9, score=10.0, time=2.7, pointX=0.538431, pointY=0.468341, distance=3040, color='red'), ShootingResult(nth=10, score=10.4, time=2.9, pointX=0.497032, pointY=0.465758, distance=3047, color='red')]",10,"[0.5172955, 0.4670495]",0.097220553345835,"[0.08974464785428711, 0.06625625690370683]",0.03617342392413614,입문
20250117-c9faac3d-e94c-4a18-8e29-b7d215d38314,"[ShootingResult(nth=1, score=10.1, time=7.4, pointX=0.545062, pointY=0.496729, distance=0, color='red'), ShootingResult(nth=2, score=9.7, time=5.0, pointX=0.561106, pointY=0.479874, distance=0, color='red'), ShootingResult(nth=3, score=8.2, time=6.0, pointX=0.512314, pointY=0.362783, distance=0, color='orange'), ShootingResult(nth=4, score=7.9, time=6.5, pointX=0.654423, pointY=0.510463, distance=0, color='orange'), ShootingResult(nth=5, score=10.5, time=11.8, pointX=0.501303, pointY=0.528391, distance=0, color='red'), ShootingResult(nth=6, score=9.0, time=6.9, pointX=0.505262, pointY=0.600198, distance=0, color='red'), ShootingResult(nth=7, score=10.8, time=10.2, pointX=0.496462, pointY=0.480405, distance=0, color='red'), ShootingResult(nth=8, score=10.1, time=4.4, pointX=0.544179, pointY=0.505393, distance=0, color='red'), ShootingResult(nth=9, score=10.2, time=3.6, pointX=0.468963, pointY=0.528059, distance=0, color='red'), ShootingResult(nth=10, score=9.8, time=4.1, pointX=0.557956, pointY=0.492487, distance=0, color='red')]",10,"[0.5282465000000001, 0.501061]",0.06128074241865979,"[0.04902603773302507, 0.05606519885954209]",0.01838684127096899,입문
20250117-27fc5596-3328-41ba-a604-564e2f0a007c,"[ShootingResult(nth=1, score=8.5, time=0.0, pointX=0.623612, pointY=0.495511, distance=0, color='orange'), ShootingResult(nth=2, score=0.0, time=2.5, pointX=0.111433, pointY=0.133425, distance=3035, color='blue'), ShootingResult(nth=3, score=5.3, time=3.8, pointX=0.214939, pointY=0.470956, distance=0, color='green'), ShootingResult(nth=4, score=0.0, time=8.9, pointX=0.864369, pointY=-0.0146136, distance=0, color='blue'), ShootingResult(nth=5, score=10.9, time=5.1, pointX=0.504637, pointY=0.485756, distance=0, color='red'), ShootingResult(nth=6, score=3.4, time=2.3, pointX=0.373329, pointY=0.133876, distance=3057, color='blue'), ShootingResult(nth=7, score=3.6, time=2.5, pointX=0.295942, pointY=0.184179, distance=3036, color='blue'), ShootingResult(nth=8, score=3.3, time=1.2, pointX=0.482307, pointY=0.107142, distance=3062, color='blue'), ShootingResult(nth=9, score=3.4, time=4.0, pointX=0.70232, pointY=0.173152, distance=3772, color='blue'), ShootingResult(nth=10, score=6.0, time=0.5, pointX=0.457647, pointY=0.749761, distance=3073, color='green')]",10,"[0.469977, 0.1786655]",0.30065369660261354,"[0.216190947064048, 0.229044155027764]",0.1534111669877309,입문
20250117-f66c2958-0c98-49bf-be50-0a62e0fd8e55,"[ShootingResult(nth=1, score=5.7, time=1.4, pointX=0.621058, pointY=0.258277, distance=3146, color='green'), ShootingResult(nth=2, score=6.1, time=1.9, pointX=0.428462, pointY=0.264883, distance=3144, color='green'), ShootingResult(nth=3, score=6.2, time=2.5, pointX=0.567978, pointY=0.2674, distance=3152, color='green'), ShootingResult(nth=4, score=9.2, time=0.2, pointX=0.427354, pointY=0.545923, distance=3155, color='red'), ShootingResult(nth=5, score=9.5, time=2.3, pointX=0.483704, pointY=0.572977, distance=3145, color='red'), ShootingResult(nth=6, score=9.6, time=2.2, pointX=0.450225, pointY=0.452535, distance=3168, color='red'), ShootingResult(nth=7, score=6.9, time=1.6, pointX=0.446841, pointY=0.30189, distance=3139, color='green'), ShootingResult(nth=8, score=8.7, time=2.6, pointX=0.520583, pointY=0.388472, distance=3153, color='orange'), ShootingResult(nth=9, score=4.4, time=2.1, pointX=0.44734, pointY=0.167423, distance=3166, color='blue'), ShootingResult(nth=10, score=6.9, time=2.2, pointX=0.417737, pointY=0.30881, distance=3126, color='green')]",10,"[0.4487825, 0.30535]",0.12905563371395795,"[0.06453111841243728, 0.1264289002578129]",0.04661459502485164,입문
20250117-e94c5254-4b5f-4531-893b-23c021a456f8,"[ShootingResult(nth=1, score=9.6, time=1.7, pointX=0.49696, pointY=0.430012, distance=0, color='red'), ShootingResult(nth=2, score=6.4, time=1.0, pointX=0.341691, pointY=0.329189, distance=0, color='green'), ShootingResult(nth=3, score=6.7, time=1.7, pointX=0.437499, pointY=0.708112, distance=0, color='green'), ShootingResult(nth=4, score=7.2, time=1.3, pointX=0.686043, pointY=0.533114, distance=0, color='orange'), ShootingResult(nth=5, score=9.0, time=3.8, pointX=0.552188, pointY=0.416459, distance=0, color='red'), ShootingResult(nth=6, score=4.1, time=1.3, pointX=0.645469, pointY=0.180751, distance=0, color='blue'), ShootingResult(nth=7, score=6.2, time=1.3, pointX=0.258993, pointY=0.534122, distance=0, color='green'), ShootingResult(nth=8, score=6.1, time=1.3, pointX=0.374905, pointY=0.28529, distance=0, color='green'), ShootingResult(nth=9, score=4.1, time=0.0, pointX=0.256698, pointY=0.248045, distance=0, color='blue'), ShootingResult(nth=10, score=0.0, time=0.4, pointX=0.344919, pointY=-0.032011, distance=0, color='blue')]",10,"[0.406202, 0.37282400000000004]",0.22191050705385934,"[0.1441856219435558, 0.19857401509968517]",0.1115538246830168,입문
20250117-bbe4f3af-6670-4449-87b3-1abe2bb9563c,"[ShootingResult(nth=1, score=8.2, time=2.0, pointX=0.371945, pointY=0.55063, distance=0, color='orange'), ShootingResult(nth=2, score=5.7, time=4.6, pointX=0.716218, pointY=0.658745, distance=0, color='green'), ShootingResult(nth=3, score=5.0, time=2.2, pointX=0.332034, pointY=0.246467, distance=0, color='green'), ShootingResult(nth=4, score=4.3, time=3.3, pointX=0.795212, pointY=0.331927, distance=0, color='blue'), ShootingResult(nth=5, score=10.2, time=3.0, pointX=0.483662, pointY=0.461865, distance=0, color='red'), ShootingResult(nth=6, score=9.0, time=3.8, pointX=0.577299, pointY=0.558743, distance=0, color='red'), ShootingResult(nth=7, score=8.6, time=4.1, pointX=0.598415, pointY=0.567146, distance=0, color='orange'), ShootingResult(nth=8, score=4.4, time=3.0, pointX=0.326607, pointY=0.210453, distance=0, color='blue'), ShootingResult(nth=9, score=6.6, time=5.6, pointX=0.591453, pointY=0.701753, distance=0, color='green'), ShootingResult(nth=10, score=6.5, time=3.4, pointX=0.325883, pointY=0.353237, distance=0, color='green')]",10,"[0.5304805, 0.5062475]",0.20944382830476865,"[0.16179445789877972, 0.1621403916377409]",0.10589103567056393,입문
20250117-406acb9a-6b32-454b-a1a8-69dfa6399292,"[ShootingResult(nth=1, score=8.8, time=5.0, pointX=0.578968, pointY=0.426633, distance=0, color='orange'), ShootingResult(nth=2, score=6.1, time=13.0, pointX=0.620163, pointY=0.285267, distance=0, color='green'), ShootingResult(nth=3, score=1.1, time=4.2, pointX=0.0545392, pointY=0.261479, distance=0, color='blue'), ShootingResult(nth=4, score=6.9, time=5.5, pointX=0.634276, pointY=0.658623, distance=0, color='green'), ShootingResult(nth=5, score=6.7, time=9.4, pointX=0.487908, pointY=0.281352, distance=0, color='green'), ShootingResult(nth=6, score=6.0, time=5.7, pointX=0.514284, pointY=0.247207, distance=0, color='green'), ShootingResult(nth=7, score=7.4, time=3.1, pointX=0.373261, pointY=0.367258, distance=0, color='orange'), ShootingResult(nth=8, score=8.7, time=3.6, pointX=0.492779, pointY=0.388451, distance=0, color='orange'), ShootingResult(nth=9, score=6.9, time=3.8, pointX=0.401437, pointY=0.318533, distance=0, color='green'), ShootingResult(nth=10, score=6.1, time=2.2, pointX=0.734328, pointY=0.421715, distance=0, color='green')]",10,"[0.5035315, 0.3428955]",0.17288082056855175,"[0.17806242600223554, 0.11570902866570092]",0.04666500274785146,입문
20250117-4b70b772-254a-48e7-9f9a-47ee9b3dc062,"[ShootingResult(nth=1, score=10.1, time=6.4, pointX=0.532821, pointY=0.528287, distance=0, color='red'), ShootingResult(nth=2, score=6.8, time=6.2, pointX=0.677288, pointY=0.382931, distance=0, color='green'), ShootingResult(nth=3, score=4.7, time=4.2, pointX=0.184892, pointY=0.553383, distance=0, color='blue'), ShootingResult(nth=4, score=8.5, time=3.8, pointX=0.386908, pointY=0.442634, distance=0, color='orange'), ShootingResult(nth=5, score=9.4, time=2.9, pointX=0.573808, pointY=0.476149, distance=0, color='red'), ShootingResult(nth=6, score=8.7, time=3.0, pointX=0.572032, pointY=0.413396, distance=0, color='orange'), ShootingResult(nth=7, score=9.3, time=3.7, pointX=0.441177, pointY=0.439712, distance=0, color='red'), ShootingResult(nth=8, score=6.0, time=3.9, pointX=0.244778, pointY=0.490619, distance=0, color='green'), ShootingResult(nth=9, score=6.8, time=2.9, pointX=0.305848, pointY=0.419239, distance=0, color='green'), ShootingResult(nth=10, score=3.2, time=7.0, pointX=0.87411, pointY=0.374172, distance=0, color='blue')]",10,"[0.48699899999999996, 0.44117300000000004]",0.17712544220764073,"[0.19930416548421662, 0.05639395920983025]",0.06893291304805539,입문
20250117-e9b275b6-c8c3-44c0-9913-049e9c5aa5e4,"[ShootingResult(nth=1, score=8.5, time=6.4, pointX=0.395929, pointY=0.429172, distance=3097, color='orange'), ShootingResult(nth=2, score=8.8, time=2.0, pointX=0.458483, pointY=0.599404, distance=3172, color='orange'), ShootingResult(nth=3, score=7.0, time=2.7, pointX=0.665622, pointY=0.617705, distance=3094, color='orange'), ShootingResult(nth=4, score=10.8, time=2.9, pointX=0.512783, pointY=0.485049, distance=3075, color='red'), ShootingResult(nth=5, score=9.3, time=3.1, pointX=0.520271, pointY=0.580547, distance=3084, color='red'), ShootingResult(nth=6, score=9.0, time=3.3, pointX=0.491504, pointY=0.598051, distance=3062, color='red'), ShootingResult(nth=7, score=9.2, time=1.5, pointX=0.468459, pointY=0.415128, distance=3077, color='red'), ShootingResult(nth=8, score=8.7, time=1.4, pointX=0.583357, pointY=0.425506, distance=3063, color='orange'), ShootingResult(nth=9, score=10.2, time=2.5, pointX=0.54017, pointY=0.491134, distance=3091, color='red'), ShootingResult(nth=10, score=7.3, time=4.6, pointX=0.467157, pointY=0.684359, distance=3079, color='orange')]",10,"[0.5021435, 0.5358405]",0.10473259550600766,"[0.070845608485283, 0.0901475740053497]",0.057246103697547165,입문
20250117-978b6537-6b55-4451-a2e0-2bb29835115b,"[ShootingResult(nth=1, score=8.3, time=14.8, pointX=0.5661, pointY=0.615677, distance=7169, color='orange'), ShootingResult(nth=2, score=9.8, time=12.4, pointX=0.558563, pointY=0.494832, distance=6914, color='red'), ShootingResult(nth=3, score=8.4, time=14.7, pointX=0.418626, pointY=0.598496, distance=3361, color='orange'), ShootingResult(nth=4, score=9.5, time=11.5, pointX=0.452106, pointY=0.55192, distance=3224, color='red'), ShootingResult(nth=5, score=8.1, time=4.5, pointX=0.370264, pointY=0.56294, distance=3238, color='orange'), ShootingResult(nth=6, score=8.6, time=10.6, pointX=0.394437, pointY=0.443676, distance=3383, color='orange'), ShootingResult(nth=7, score=7.7, time=12.3, pointX=0.508635, pointY=0.332717, distance=3270, color='orange'), ShootingResult(nth=8, score=9.0, time=5.0, pointX=0.402103, pointY=0.519397, distance=3425, color='red'), ShootingResult(nth=9, score=8.3, time=2.3, pointX=0.561668, pointY=0.620824, distance=3546, color='orange'), ShootingResult(nth=10, score=9.6, time=4.4, pointX=0.43293, pointY=0.515235, distance=3582, color='red')]",10,"[0.44251799999999997, 0.5356585]",0.09633949531614433,"[0.07173249824284668, 0.08342079265051372]",0.037159757108877756,입문
20250117-6f93aa63-2b91-44e5-bed1-efaade7f85d8,"[ShootingResult(nth=1, score=8.2, time=0.8, pointX=0.482883, pointY=0.358602, distance=0, color='orange'), ShootingResult(nth=2, score=6.4, time=7.3, pointX=0.540406, pointY=0.273469, distance=0, color='green'), ShootingResult(nth=3, score=9.5, time=2.8, pointX=0.561285, pointY=0.457551, distance=0, color='red'), ShootingResult(nth=4, score=6.2, time=5.7, pointX=0.641335, pointY=0.301582, distance=0, color='green'), ShootingResult(nth=5, score=7.9, time=3.9, pointX=0.513748, pointY=0.344101, distance=0, color='orange'), ShootingResult(nth=6, score=6.2, time=6.5, pointX=0.469109, pointY=0.741702, distance=0, color='green'), ShootingResult(nth=7, score=7.9, time=3.8, pointX=0.442533, pointY=0.355207, distance=0, color='orange'), ShootingResult(nth=8, score=6.1, time=3.3, pointX=0.639009, pointY=0.297788, distance=0, color='green'), ShootingResult(nth=9, score=8.8, time=3.0, pointX=0.46798, pointY=0.396784, distance=0, color='orange'), ShootingResult(nth=10, score=7.2, time=5.6, pointX=0.377243, pointY=0.356501, distance=0, color='orange')]",10,"[0.4983155, 0.355854]",0.11671355453640675,"[0.07980224669951343, 0.12790663888481316]",0.014766295473559926,입문
20250117-db0c11ed-e581-441d-8b8f-199adc23c4f9,"[ShootingResult(nth=1, score=10.1, time=1.4, pointX=0.512491, pointY=0.456075, distance=3003, color='red'), ShootingResult(nth=2, score=8.1, time=2.3, pointX=0.357791, pointY=0.52898, distance=3018, color='orange'), ShootingResult(nth=3, score=8.5, time=2.2, pointX=0.533838, pointY=0.379404, distance=3003, color='orange'), ShootingResult(nth=4, score=7.5, time=2.1, pointX=0.419015, pointY=0.34423, distance=3014, color='orange'), ShootingResult(nth=5, score=8.3, time=1.7, pointX=0.471822, pointY=0.630008, distance=3010, color='orange'), ShootingResult(nth=6, score=6.1, time=1.2, pointX=0.499811, pointY=0.254625, distance=3003, color='green'), ShootingResult(nth=7, score=6.3, time=1.0, pointX=0.712182, pointY=0.603557, distance=3020, color='green'), ShootingResult(nth=8, score=7.1, time=1.6, pointX=0.305803, pointY=0.541391, distance=3008, color='orange'), ShootingResult(nth=9, score=10.4, time=1.4, pointX=0.481433, pointY=0.525591, distance=3001, color='red'), ShootingResult(nth=10, score=7.3, time=4.1, pointX=0.355965, pointY=0.620599, distance=3011, color='orange')]",10,"[0.4766275, 0.5272855000000001]",0.15021602297858777,"[0.10975522721169138, 0.12041147822446163]",0.07522512337739345,입문
20250117-605ee2e3-8cd5-4682-b8e5-b4ad8bfd0aa4,"[ShootingResult(nth=1, score=4.6, time=2.1, pointX=0.582075, pointY=0.184713, distance=4296, color='blue'), ShootingResult(nth=2, score=5.7, time=3.3, pointX=0.534517, pointY=0.231751, distance=3269, color='green'), ShootingResult(nth=3, score=2.7, time=2.9, pointX=0.385197, pointY=0.0939476, distance=3471, color='blue'), ShootingResult(nth=4, score=8.2, time=4.0, pointX=0.498064, pointY=0.362576, distance=0, color='orange'), ShootingResult(nth=5, score=6.2, time=2.5, pointX=0.409093, pointY=0.272945, distance=3663, color='green'), ShootingResult(nth=6, score=5.0, time=3.4, pointX=0.640758, pointY=0.231776, distance=3622, color='green'), ShootingResult(nth=7, score=4.3, time=1.9, pointX=0.651299, pointY=0.19628, distance=3714, color='blue'), ShootingResult(nth=8, score=6.0, time=9.2, pointX=0.253794, pointY=0.550812, distance=3575, color='green'), ShootingResult(nth=9, score=8.3, time=3.5, pointX=0.543134, pointY=0.626589, distance=3634, color='orange'), ShootingResult(nth=10, score=4.5, time=9.4, pointX=0.763421, pointY=0.302406, distance=0, color='gray')]",10,"[0.5388255, 0.2523605]",0.1817606274583106,"[0.14039856241272558, 0.15803484354275293]",0.06083955053423906,입문
20250117-47bd134b-8828-44ba-b164-442d28e900c2,"[ShootingResult(nth=1, score=9.6, time=3.4, pointX=0.456694, pointY=0.449656, distance=0, color='red'), ShootingResult(nth=2, score=8.2, time=6.3, pointX=0.519702, pointY=0.639015, distance=0, color='orange'), ShootingResult(nth=3, score=9.9, time=4.1, pointX=0.553342, pointY=0.487841, distance=0, color='red'), ShootingResult(nth=4, score=10.4, time=4.0, pointX=0.486535, pointY=0.530511, distance=0, color='red'), ShootingResult(nth=5, score=10.2, time=4.3, pointX=0.521471, pointY=0.535151, distance=0, color='red'), ShootingResult(nth=6, score=9.8, time=4.6, pointX=0.519961, pointY=0.551564, distance=0, color='red'), ShootingResult(nth=7, score=10.9, time=4.5, pointX=0.487521, pointY=0.50012, distance=0, color='red'), ShootingResult(nth=8, score=10.1, time=4.5, pointX=0.517945, pointY=0.459099, distance=0, color='red'), ShootingResult(nth=9, score=9.2, time=3.7, pointX=0.415658, pointY=0.46919, distance=0, color='red'), ShootingResult(nth=10, score=8.9, time=5.1, pointX=0.445265, pointY=0.413523, distance=0, color='orange')]",10,"[0.502733, 0.49398050000000004]",0.06500793673285746,"[0.040200458408331606, 0.060668021889624855]",0.029383063439232936,입문
20250117-da566f87-fb00-4bc4-b78d-54d894331908,"[ShootingResult(nth=1, score=5.0, time=3.4, pointX=0.478514, pointY=0.193743, distance=0, color='green'), ShootingResult(nth=2, score=9.2, time=5.6, pointX=0.537013, pointY=0.577907, distance=0, color='red'), ShootingResult(nth=3, score=9.7, time=3.3, pointX=0.534228, pointY=0.450485, distance=0, color='red'), ShootingResult(nth=4, score=3.4, time=4.4, pointX=0.61727, pointY=0.866476, distance=0, color='blue'), ShootingResult(nth=5, score=7.2, time=5.6, pointX=0.387851, pointY=0.657486, distance=0, color='orange'), ShootingResult(nth=6, score=8.0, time=5.7, pointX=0.565765, pointY=0.365646, distance=0, color='orange'), ShootingResult(nth=7, score=10.2, time=3.9, pointX=0.469156, pointY=0.528291, distance=0, color='red'), ShootingResult(nth=8, score=5.8, time=7.9, pointX=0.420152, pointY=0.250044, distance=0, color='green'), ShootingResult(nth=9, score=0.0, time=3.3, pointX=0.0970643, pointY=0.143874, distance=0, color='blue'), ShootingResult(nth=10, score=0.0, time=3.8, pointX=0.680929, pointY=-0.022737, distance=0, color='blue')]",10,"[0.506371, 0.4080655]",0.25180805125844785,"[0.15217770621137677, 0.25398042957096123]",0.09348712537098999,입문
20250117-2dc35100-ce63-4d04-b35e-7d7b5d22cbe9,"[ShootingResult(nth=1, score=9.0, time=4.4, pointX=0.413942, pointY=0.448077, distance=3053, color='red'), ShootingResult(nth=2, score=8.5, time=3.8, pointX=0.421284, pointY=0.594403, distance=3057, color='orange'), ShootingResult(nth=3, score=6.2, time=7.0, pointX=0.387339, pointY=0.283812, distance=0, color='green'), ShootingResult(nth=4, score=8.3, time=7.6, pointX=0.372642, pointY=0.453782, distance=0, color='orange'), ShootingResult(nth=5, score=8.2, time=8.9, pointX=0.433945, pointY=0.378509, distance=3064, color='orange'), ShootingResult(nth=6, score=10.5, time=1.6, pointX=0.494475, pointY=0.530065, distance=3038, color='red'), ShootingResult(nth=7, score=9.4, time=1.3, pointX=0.55142, pointY=0.439088, distance=3050, color='red'), ShootingResult(nth=8, score=6.7, time=14.0, pointX=0.587018, pointY=0.29868, distance=0, color='green'), ShootingResult(nth=9, score=8.7, time=4.1, pointX=0.479701, pointY=0.61441, distance=3044, color='orange'), ShootingResult(nth=10, score=8.7, time=1.5, pointX=0.540334, pointY=0.390656, distance=3060, color='orange')]",10,"[0.456823, 0.4435825]",0.11811184197321949,"[0.07004107825840492, 0.10635306646242036]",0.0691611263426668,입문
20250117-5e6ca1b1-beb9-4896-961a-1f46586d510a,"[ShootingResult(nth=1, score=9.0, time=4.2, pointX=0.598897, pointY=0.519798, distance=0, color='red'), ShootingResult(nth=2, score=9.4, time=2.4, pointX=0.424283, pointY=0.473696, distance=0, color='red'), ShootingResult(nth=3, score=9.2, time=1.6, pointX=0.423156, pointY=0.454837, distance=0, color='red'), ShootingResult(nth=4, score=10.9, time=0.6, pointX=0.506855, pointY=0.485519, distance=0, color='red'), ShootingResult(nth=5, score=10.7, time=1.9, pointX=0.512107, pointY=0.480442, distance=0, color='red'), ShootingResult(nth=6, score=8.4, time=1.6, pointX=0.38989, pointY=0.435534, distance=0, color='orange'), ShootingResult(nth=7, score=9.9, time=0.8, pointX=0.458629, pointY=0.534099, distance=0, color='red'), ShootingResult(nth=8, score=9.4, time=1.1, pointX=0.420786, pointY=0.505305, distance=0, color='red'), ShootingResult(nth=9, score=9.8, time=0.3, pointX=0.454789, pointY=0.468503, distance=0, color='red'), ShootingResult(nth=10, score=8.4, time=0.4, pointX=0.566933, pointY=0.392028, distance=0, color='orange')]",10,"[0.45670900000000003, 0.47706899999999997]",0.06570995181771075,"[0.06504551598111895, 0.03930722653266191]",0.023040776506789463,입문
20250117-e1a6cca8-7f3e-442f-995d-0931f6cb70b8,"[ShootingResult(nth=1, score=10.4, time=5.5, pointX=0.483083, pointY=0.528036, distance=3079, color='red'), ShootingResult(nth=2, score=5.1, time=7.1, pointX=0.387098, pointY=0.223395, distance=3086, color='green'), ShootingResult(nth=3, score=8.1, time=1.8, pointX=0.645305, pointY=0.517316, distance=3074, color='orange'), ShootingResult(nth=4, score=6.4, time=3.1, pointX=0.301952, pointY=0.381774, distance=3080, color='green'), ShootingResult(nth=5, score=4.4, time=4.9, pointX=0.596108, pointY=0.180822, distance=3093, color='blue'), ShootingResult(nth=6, score=8.4, time=3.8, pointX=0.583143, pointY=0.598138, distance=3110, color='orange'), ShootingResult(nth=7, score=9.8, time=4.6, pointX=0.450222, pointY=0.527898, distance=3109, color='red'), ShootingResult(nth=8, score=8.9, time=3.5, pointX=0.495457, pointY=0.396541, distance=3141, color='orange'), ShootingResult(nth=9, score=6.9, time=7.6, pointX=0.609007, pointY=0.675109, distance=3108, color='green'), ShootingResult(nth=10, score=9.6, time=5.0, pointX=0.565475, pointY=0.494396, distance=3118, color='red')]",10,"[0.530466, 0.505856]",0.16037985307305774,"[0.10335458552575207, 0.14917891731089214]",0.05824639581852038,입문
20250117-59cee07c-0cb7-47ce-81d0-99041deeaa64,"[ShootingResult(nth=1, score=6.6, time=3.2, pointX=0.32136, pointY=0.371638, distance=3103, color='green'), ShootingResult(nth=2, score=3.4, time=1.9, pointX=0.306957, pointY=0.162938, distance=3088, color='blue'), ShootingResult(nth=3, score=8.7, time=0.9, pointX=0.460665, pointY=0.394681, distance=3080, color='orange'), ShootingResult(nth=4, score=6.8, time=1.5, pointX=0.289051, pointY=0.516491, distance=3103, color='green'), ShootingResult(nth=5, score=8.7, time=1.7, pointX=0.386609, pointY=0.513773, distance=3099, color='orange'), ShootingResult(nth=6, score=8.9, time=3.3, pointX=0.429578, pointY=0.573878, distance=3088, color='orange'), ShootingResult(nth=7, score=6.4, time=3.1, pointX=0.275582, pointY=0.563235, distance=3082, color='green'), ShootingResult(nth=8, score=9.6, time=1.7, pointX=0.435522, pointY=0.480491, distance=3097, color='red'), ShootingResult(nth=9, score=9.1, time=1.6, pointX=0.43884, pointY=0.427337, distance=3084, color='red'), ShootingResult(nth=10, score=7.8, time=0.6, pointX=0.418432, pointY=0.36196, distance=3099, color='orange')]",10,"[0.4025205, 0.45391400000000004]",0.11675572479905698,"[0.06696209282153598, 0.11647806892698728]",0.04322265001840557,입문
20250117-30952c07-e5db-4032-a2ad-b92c1bf5bdb6,"[ShootingResult(nth=1, score=8.6, time=3.2, pointX=0.577992, pointY=0.410081, distance=0, color='orange'), ShootingResult(nth=2, score=1.3, time=4.7, pointX=0.485426, pointY=0.00324281, distance=0, color='blue'), ShootingResult(nth=3, score=4.1, time=4.8, pointX=0.708198, pointY=0.784991, distance=3258, color='blue'), ShootingResult(nth=4, score=7.6, time=4.0, pointX=0.397569, pointY=0.362908, distance=0, color='orange'), ShootingResult(nth=5, score=8.6, time=2.6, pointX=0.379204, pointY=0.510667, distance=3273, color='orange'), ShootingResult(nth=6, score=8.6, time=2.3, pointX=0.612047, pointY=0.460166, distance=3198, color='orange'), ShootingResult(nth=7, score=4.9, time=4.4, pointX=0.252062, pointY=0.687884, distance=3198, color='blue'), ShootingResult(nth=8, score=9.5, time=3.2, pointX=0.521552, pointY=0.42814, distance=3123, color='red'), ShootingResult(nth=9, score=6.0, time=1.1, pointX=0.544953, pointY=0.251153, distance=3261, color='green'), ShootingResult(nth=10, score=7.0, time=1.4, pointX=0.47859, pointY=0.299356, distance=3145, color='orange')]",10,"[0.5034890000000001, 0.4191105]",0.19844508211160544,"[0.12309221739090574, 0.2085638662431665]",0.05941113659312139,입문
20250117-c72af1f8-ef1e-47e7-b605-ab9bc5e78607,"[ShootingResult(nth=1, score=7.9, time=4.3, pointX=0.529465, pointY=0.652591, distance=0, color='orange'), ShootingResult(nth=2, score=9.0, time=5.3, pointX=0.410583, pointY=0.545746, distance=0, color='red'), ShootingResult(nth=3, score=9.4, time=6.2, pointX=0.490716, pointY=0.576569, distance=0, color='red'), ShootingResult(nth=4, score=10.5, time=4.9, pointX=0.526455, pointY=0.491461, distance=0, color='red'), ShootingResult(nth=5, score=10.0, time=8.1, pointX=0.452443, pointY=0.509707, distance=0, color='red'), ShootingResult(nth=6, score=9.0, time=6.6, pointX=0.438942, pointY=0.576863, distance=0, color='red'), ShootingResult(nth=7, score=9.5, time=7.0, pointX=0.4258, pointY=0.487397, distance=0, color='red'), ShootingResult(nth=8, score=9.5, time=6.0, pointX=0.430361, pointY=0.513973, distance=0, color='red'), ShootingResult(nth=9, score=7.9, time=5.0, pointX=0.578388, pointY=0.364652, distance=0, color='orange'), ShootingResult(nth=10, score=10.9, time=5.3, pointX=0.501392, pointY=0.507308, distance=0, color='red')]",10,"[0.4715795, 0.5118400000000001]",0.07452042836112052,"[0.052439635996543686, 0.07135928494183502]",0.024998844686675056,입문
20250117-0bdec97b-b5f5-4714-add2-a93f43166a61,"[ShootingResult(nth=1, score=6.9, time=4.5, pointX=0.576843, pointY=0.307526, distance=0, color='green'), ShootingResult(nth=2, score=6.3, time=2.2, pointX=0.392066, pointY=0.288644, distance=3078, color='green'), ShootingResult(nth=3, score=9.9, time=3.2, pointX=0.452457, pointY=0.515331, distance=3087, color='red'), ShootingResult(nth=4, score=9.5, time=5.6, pointX=0.458657, pointY=0.442716, distance=3076, color='red'), ShootingResult(nth=5, score=8.4, time=1.1, pointX=0.544746, pointY=0.376467, distance=3086, color='orange'), ShootingResult(nth=6, score=7.2, time=4.7, pointX=0.436653, pointY=0.319087, distance=3085, color='orange'), ShootingResult(nth=7, score=2.0, time=4.2, pointX=0.465532, pointY=0.0432746, distance=0, color='blue'), ShootingResult(nth=8, score=7.1, time=7.4, pointX=0.430779, pointY=0.316638, distance=0, color='orange'), ShootingResult(nth=9, score=5.4, time=3.6, pointX=0.629819, pointY=0.248245, distance=0, color='green'), ShootingResult(nth=10, score=9.6, time=4.5, pointX=0.554227, pointY=0.462811, distance=0, color='red')]",10,"[0.46209449999999996, 0.3178625]",0.12997868429691994,"[0.07278281672132508, 0.12578385348737892]",0.056115513586764115,입문
20250117-fd3308bf-a120-4ba0-a413-41e4a7e0c346,"[ShootingResult(nth=1, score=10.1, time=5.1, pointX=0.461973, pointY=0.519988, distance=0, color='red'), ShootingResult(nth=2, score=9.9, time=3.5, pointX=0.541758, pointY=0.465125, distance=0, color='red'), ShootingResult(nth=3, score=9.2, time=7.3, pointX=0.510059, pointY=0.58626, distance=0, color='red'), ShootingResult(nth=4, score=10.4, time=6.4, pointX=0.525176, pointY=0.520169, distance=0, color='red'), ShootingResult(nth=5, score=9.6, time=6.9, pointX=0.561918, pointY=0.466512, distance=0, color='red'), ShootingResult(nth=6, score=9.1, time=6.7, pointX=0.592511, pointY=0.49265, distance=0, color='red'), ShootingResult(nth=7, score=9.1, time=4.5, pointX=0.570778, pointY=0.436723, distance=0, color='red'), ShootingResult(nth=8, score=10.1, time=9.6, pointX=0.506421, pointY=0.543814, distance=0, color='red'), ShootingResult(nth=9, score=9.7, time=5.0, pointX=0.468422, pointY=0.551307, distance=0, color='red'), ShootingResult(nth=10, score=8.8, time=4.1, pointX=0.572305, pointY=0.581965, distance=0, color='orange')]",10,"[0.5334669999999999, 0.5200785]",0.06038435178635508,"[0.04230931661572897, 0.04817332524966488]",0.03840513580189115,입문
20250117-50f7d09c-859d-42d2-8441-26680e7e1eb8,"[ShootingResult(nth=1, score=9.4, time=5.3, pointX=0.421422, pointY=0.502013, distance=0, color='red'), ShootingResult(nth=2, score=9.7, time=8.4, pointX=0.497464, pointY=0.561458, distance=0, color='red'), ShootingResult(nth=3, score=7.2, time=5.9, pointX=0.667454, pointY=0.411757, distance=0, color='orange'), ShootingResult(nth=4, score=6.3, time=7.6, pointX=0.263441, pointY=0.492393, distance=0, color='green'), ShootingResult(nth=5, score=7.8, time=5.7, pointX=0.483084, pointY=0.339257, distance=0, color='orange'), ShootingResult(nth=6, score=8.3, time=7.0, pointX=0.584303, pointY=0.397771, distance=0, color='orange'), ShootingResult(nth=7, score=9.6, time=15.1, pointX=0.488429, pointY=0.434904, distance=0, color='red'), ShootingResult(nth=8, score=9.2, time=8.5, pointX=0.418779, pointY=0.466685, distance=0, color='red'), ShootingResult(nth=9, score=8.0, time=5.9, pointX=0.64183, pointY=0.453636, distance=0, color='orange'), ShootingResult(nth=10, score=7.9, time=5.7, pointX=0.488131, pointY=0.343941, distance=0, color='orange')]",10,"[0.48828, 0.44427]",0.11663087391882347,"[0.11151409454777454, 0.06650012550100941]",0.059001063236057,입문
20250117-48b68a36-1ab7-46bc-b253-58a4f57d0a6c,"[ShootingResult(nth=1, score=8.3, time=6.3, pointX=0.457112, pointY=0.628381, distance=3061, color='orange'), ShootingResult(nth=2, score=6.9, time=1.4, pointX=0.472522, pointY=0.296191, distance=3067, color='green'), ShootingResult(nth=3, score=9.6, time=1.0, pointX=0.43621, pointY=0.525095, distance=3067, color='red'), ShootingResult(nth=4, score=8.7, time=0.8, pointX=0.404382, pointY=0.433607, distance=3063, color='orange'), ShootingResult(nth=5, score=7.4, time=3.3, pointX=0.382244, pointY=0.363345, distance=3074, color='orange'), ShootingResult(nth=6, score=9.2, time=3.6, pointX=0.421873, pointY=0.459013, distance=3059, color='red'), ShootingResult(nth=7, score=9.9, time=0.9, pointX=0.553754, pointY=0.509145, distance=3073, color='red'), ShootingResult(nth=8, score=9.2, time=1.9, pointX=0.55154, pointY=0.569693, distance=3070, color='red'), ShootingResult(nth=9, score=9.1, time=1.1, pointX=0.440236, pointY=0.573551, distance=3074, color='red'), ShootingResult(nth=10, score=7.9, time=1.9, pointX=0.360448, pointY=0.434345, distance=3070, color='orange')]",10,"[0.43822300000000003, 0.484079]",0.10434191214670743,"[0.061124810779993426, 0.09683077424785985]",0.055918013248861635,입문
20250117-1a09308a-f334-4142-a208-bb8ca4086b92,"[ShootingResult(nth=1, score=9.9, time=7.4, pointX=0.542713, pointY=0.468614, distance=0, color='red'), ShootingResult(nth=2, score=10.5, time=9.4, pointX=0.526299, pointY=0.485526, distance=0, color='red'), ShootingResult(nth=3, score=8.5, time=8.1, pointX=0.522736, pointY=0.376533, distance=0, color='orange'), ShootingResult(nth=4, score=10.5, time=6.5, pointX=0.521342, pointY=0.519916, distance=0, color='red'), ShootingResult(nth=5, score=9.6, time=9.5, pointX=0.552014, pointY=0.459523, distance=0, color='red'), ShootingResult(nth=6, score=8.9, time=6.0, pointX=0.527202, pointY=0.397435, distance=0, color='orange'), ShootingResult(nth=7, score=9.6, time=5.7, pointX=0.456602, pointY=0.444845, distance=0, color='red'), ShootingResult(nth=8, score=9.3, time=11.2, pointX=0.469714, pointY=0.420164, distance=0, color='red'), ShootingResult(nth=9, score=9.6, time=7.6, pointX=0.469056, pointY=0.559031, distance=0, color='red'), ShootingResult(nth=10, score=9.6, time=6.3, pointX=0.567729, pointY=0.496185, distance=0, color='red')]",10,"[0.5245175, 0.4640685]",0.05829512174771846,"[0.03586654798290463, 0.05296508026955118]",0.03044484048309418,입문
20250117-f78aa30a-b179-4543-86c1-011c34ad53b0,"[ShootingResult(nth=1, score=8.9, time=0.0, pointX=0.398972, pointY=0.466667, distance=0, color='orange'), ShootingResult(nth=2, score=8.1, time=4.2, pointX=0.442284, pointY=0.36437, distance=3770, color='orange'), ShootingResult(nth=3, score=9.6, time=0.8, pointX=0.442555, pointY=0.533398, distance=3063, color='red'), ShootingResult(nth=4, score=5.8, time=7.0, pointX=0.335389, pointY=0.292014, distance=3064, color='green'), ShootingResult(nth=5, score=9.4, time=4.1, pointX=0.440728, pointY=0.447033, distance=3744, color='red'), ShootingResult(nth=6, score=8.8, time=11.9, pointX=0.475444, pointY=0.608689, distance=0, color='orange'), ShootingResult(nth=7, score=6.7, time=1.0, pointX=0.312562, pointY=0.390914, distance=3073, color='green'), ShootingResult(nth=8, score=7.0, time=0.3, pointX=0.328103, pointY=0.606858, distance=3064, color='orange'), ShootingResult(nth=9, score=5.7, time=1.6, pointX=0.769228, pointY=0.526484, distance=3041, color='green'), ShootingResult(nth=10, score=2.6, time=2.1, pointX=0.075779, pointY=0.429094, distance=3060, color='blue')]",10,"[0.41985, 0.45685]",0.1571268315204511,"[0.16411701319192962, 0.09816252885235793]",0.04626443045569069,입문
20250117-f1dae7ca-8b26-47af-a858-28357af3fe1e,"[ShootingResult(nth=1, score=9.7, time=0.2, pointX=0.444314, pointY=0.477245, distance=3067, color='red'), ShootingResult(nth=2, score=8.2, time=3.5, pointX=0.371858, pointY=0.444652, distance=3040, color='orange'), ShootingResult(nth=3, score=7.3, time=4.2, pointX=0.533997, pointY=0.316999, distance=2997, color='orange'), ShootingResult(nth=4, score=7.9, time=4.6, pointX=0.400419, pointY=0.38187, distance=2977, color='orange'), ShootingResult(nth=5, score=5.7, time=5.3, pointX=0.769287, pointY=0.481168, distance=2987, color='green'), ShootingResult(nth=6, score=9.7, time=4.4, pointX=0.547798, pointY=0.458954, distance=2987, color='red'), ShootingResult(nth=7, score=8.6, time=3.6, pointX=0.462788, pointY=0.384674, distance=2990, color='orange'), ShootingResult(nth=8, score=6.2, time=4.4, pointX=0.293449, pointY=0.376718, distance=2997, color='green'), ShootingResult(nth=9, score=9.8, time=4.8, pointX=0.45954, pointY=0.457109, distance=2982, color='red'), ShootingResult(nth=10, score=8.3, time=3.6, pointX=0.416879, pointY=0.60543, distance=2991, color='orange')]",10,"[0.45192699999999997, 0.4508805]",0.11762863330773632,"[0.12206862883841205, 0.07528184819390396]",0.03269830694015363,입문
20250117-614866b7-8cd0-4350-80eb-f8f2676ed1e0,"[ShootingResult(nth=1, score=7.0, time=1.0, pointX=0.684558, pointY=0.418554, distance=0, color='orange'), ShootingResult(nth=2, score=8.2, time=0.9, pointX=0.636614, pointY=0.46651, distance=0, color='orange'), ShootingResult(nth=3, score=6.9, time=1.8, pointX=0.299726, pointY=0.440857, distance=0, color='green'), ShootingResult(nth=4, score=7.4, time=2.7, pointX=0.673249, pointY=0.560291, distance=0, color='orange'), ShootingResult(nth=5, score=9.9, time=1.1, pointX=0.4479, pointY=0.510214, distance=0, color='red'), ShootingResult(nth=6, score=7.9, time=2.5, pointX=0.656852, pointY=0.4849, distance=0, color='orange'), ShootingResult(nth=7, score=7.0, time=4.1, pointX=0.302149, pointY=0.464251, distance=0, color='orange'), ShootingResult(nth=8, score=6.9, time=2.4, pointX=0.68396, pointY=0.592346, distance=0, color='green'), ShootingResult(nth=9, score=7.1, time=2.0, pointX=0.581532, pointY=0.323245, distance=0, color='orange'), ShootingResult(nth=10, score=9.3, time=6.1, pointX=0.491455, pointY=0.419105, distance=0, color='red')]",10,"[0.609073, 0.4653805]",0.14856918323807902,"[0.14453294890387453, 0.07251885013987742]",0.05864423626050168,입문
20250117-4ac13b09-87a3-4004-a24e-888e5d29cec6,"[ShootingResult(nth=1, score=9.0, time=1.0, pointX=0.450596, pointY=0.58744, distance=0, color='red'), ShootingResult(nth=2, score=6.2, time=3.2, pointX=0.59952, pointY=0.27642, distance=0, color='green'), ShootingResult(nth=3, score=6.2, time=3.0, pointX=0.265911, pointY=0.441276, distance=0, color='green'), ShootingResult(nth=4, score=5.5, time=2.7, pointX=0.226578, pointY=0.451158, distance=0, color='green'), ShootingResult(nth=5, score=4.4, time=2.8, pointX=0.245038, pointY=0.281274, distance=0, color='blue'), ShootingResult(nth=6, score=1.3, time=3.1, pointX=0.174488, pointY=0.871429, distance=0, color='blue'), ShootingResult(nth=7, score=5.5, time=3.8, pointX=0.756395, pointY=0.603638, distance=0, color='green'), ShootingResult(nth=8, score=7.5, time=3.8, pointX=0.662869, pointY=0.435413, distance=0, color='orange'), ShootingResult(nth=9, score=6.0, time=7.8, pointX=0.247506, pointY=0.523021, distance=0, color='green'), ShootingResult(nth=10, score=4.8, time=6.3, pointX=0.225136, pointY=0.342658, distance=0, color='blue')]",10,"[0.2567085, 0.446217]",0.23776663837874845,"[0.20325130877563866, 0.16911457897594165]",0.061198694626720035,입문
20250117-ddeb5ebd-780f-46a0-aa56-6ca3616e5351,"[ShootingResult(nth=1, score=7.1, time=2.4, pointX=0.61622, pointY=0.657893, distance=0, color='orange'), ShootingResult(nth=2, score=8.4, time=4.3, pointX=0.550078, pointY=0.381362, distance=0, color='orange'), ShootingResult(nth=3, score=6.8, time=2.8, pointX=0.701783, pointY=0.566271, distance=0, color='green'), ShootingResult(nth=4, score=4.5, time=2.5, pointX=0.349703, pointY=0.206421, distance=0, color='blue'), ShootingResult(nth=5, score=10.2, time=2.8, pointX=0.537812, pointY=0.482625, distance=0, color='red'), ShootingResult(nth=6, score=8.2, time=2.6, pointX=0.377932, pointY=0.433253, distance=0, color='orange'), ShootingResult(nth=7, score=7.1, time=2.6, pointX=0.428407, pointY=0.31655, distance=0, color='orange'), ShootingResult(nth=8, score=6.8, time=3.5, pointX=0.697835, pointY=0.574946, distance=0, color='green'), ShootingResult(nth=9, score=8.2, time=2.1, pointX=0.51439, pointY=0.637608, distance=0, color='orange'), ShootingResult(nth=10, score=5.9, time=4.4, pointX=0.305275, pointY=0.329245, distance=0, color='green')]",10,"[0.5261009999999999, 0.457939]",0.18060117060845662,"[0.1331949535179543, 0.14303200449074324]",0.10370889428010785,입문
20250117-abba3e74-ab13-40fb-bc69-66971edaef83,"[ShootingResult(nth=1, score=8.9, time=4.6, pointX=0.407263, pointY=0.451868, distance=0, color='orange'), ShootingResult(nth=2, score=9.4, time=6.5, pointX=0.549239, pointY=0.563721, distance=0, color='red'), ShootingResult(nth=3, score=8.2, time=6.4, pointX=0.523674, pointY=0.360092, distance=0, color='orange'), ShootingResult(nth=4, score=9.0, time=8.1, pointX=0.431425, pointY=0.430635, distance=0, color='red'), ShootingResult(nth=5, score=10.4, time=4.5, pointX=0.527986, pointY=0.517869, distance=0, color='red'), ShootingResult(nth=6, score=10.1, time=11.0, pointX=0.52928, pointY=0.465829, distance=0, color='red'), ShootingResult(nth=7, score=8.1, time=8.4, pointX=0.615381, pointY=0.5844, distance=0, color='orange'), ShootingResult(nth=8, score=9.4, time=4.8, pointX=0.5359, pointY=0.431556, distance=0, color='red'), ShootingResult(nth=9, score=9.6, time=4.2, pointX=0.507184, pointY=0.56629, distance=0, color='red'), ShootingResult(nth=10, score=9.7, time=4.8, pointX=0.559879, pointY=0.524636, distance=0, color='red')]",10,"[0.5286329999999999, 0.491849]",0.0811675836081053,"[0.057150719674296316, 0.06927911633847533]",0.04141166755626175,입문
20250117-81d3c3e3-6f89-4e86-b60c-369e02d40c65,"[ShootingResult(nth=1, score=7.8, time=5.3, pointX=0.471297, pointY=0.34326, distance=3100, color='orange'), ShootingResult(nth=2, score=10.9, time=0.7, pointX=0.510548, pointY=0.490685, distance=3112, color='red'), ShootingResult(nth=3, score=8.1, time=0.9, pointX=0.47599, pointY=0.357923, distance=3100, color='orange'), ShootingResult(nth=4, score=3.6, time=1.2, pointX=0.797177, pointY=0.265003, distance=3104, color='blue'), ShootingResult(nth=5, score=9.3, time=8.1, pointX=0.490368, pointY=0.415151, distance=3104, color='red'), ShootingResult(nth=6, score=9.1, time=0.2, pointX=0.490029, pointY=0.406472, distance=3088, color='red'), ShootingResult(nth=7, score=9.2, time=8.4, pointX=0.41809, pointY=0.462368, distance=3114, color='red'), ShootingResult(nth=8, score=10.0, time=0.0, pointX=0.498096, pointY=0.5468, distance=3087, color='red'), ShootingResult(nth=9, score=10.9, time=5.4, pointX=0.504155, pointY=0.491996, distance=3114, color='red'), ShootingResult(nth=10, score=8.0, time=7.8, pointX=0.55512, pointY=0.360124, distance=3099, color='orange')]",10,"[0.494232, 0.4108115]",0.09458790896325366,"[0.09764205254806967, 0.08077670853135821]",0.006026102529502336,입문
20250117-515d5ef3-249d-4a3b-92fa-f980550a1ec2,"[ShootingResult(nth=1, score=8.0, time=7.0, pointX=0.435561, pointY=0.637482, distance=3869, color='orange'), ShootingResult(nth=2, score=9.3, time=19.5, pointX=0.539561, pointY=0.429417, distance=6135, color='red'), ShootingResult(nth=3, score=9.7, time=3.8, pointX=0.54639, pointY=0.539246, distance=0, color='red'), ShootingResult(nth=4, score=7.0, time=3.7, pointX=0.417444, pointY=0.686353, distance=3311, color='orange'), ShootingResult(nth=5, score=9.2, time=2.6, pointX=0.548475, pointY=0.425451, distance=3251, color='red'), ShootingResult(nth=6, score=9.7, time=6.2, pointX=0.464214, pointY=0.55398, distance=4298, color='red'), ShootingResult(nth=7, score=7.5, time=1.2, pointX=0.397687, pointY=0.35825, distance=4428, color='orange'), ShootingResult(nth=8, score=8.1, time=1.8, pointX=0.643757, pointY=0.49533, distance=5277, color='orange'), ShootingResult(nth=9, score=10.2, time=4.2, pointX=0.463855, pointY=0.521769, distance=3313, color='red'), ShootingResult(nth=10, score=7.4, time=2.4, pointX=0.595593, pointY=0.34397, distance=4309, color='orange')]",10,"[0.5018875, 0.5085495]",0.1192841909481986,"[0.07721265450306705, 0.10655928164622731]",0.06282081713177048,입문
20250117-2771e18f-40f2-408b-a79c-b9ffda33c8e3,"[ShootingResult(nth=1, score=7.7, time=0.9, pointX=0.636914, pointY=0.593008, distance=0, color='orange'), ShootingResult(nth=2, score=9.1, time=1.0, pointX=0.471363, pointY=0.408382, distance=0, color='red'), ShootingResult(nth=3, score=9.3, time=1.7, pointX=0.420293, pointY=0.473865, distance=0, color='red'), ShootingResult(nth=4, score=9.5, time=0.2, pointX=0.433294, pointY=0.473724, distance=0, color='red'), ShootingResult(nth=5, score=9.2, time=0.9, pointX=0.563825, pointY=0.435546, distance=0, color='red'), ShootingResult(nth=6, score=6.6, time=0.1, pointX=0.525126, pointY=0.278802, distance=0, color='green'), ShootingResult(nth=7, score=9.9, time=0.3, pointX=0.482048, pointY=0.549913, distance=0, color='red'), ShootingResult(nth=8, score=8.8, time=2.9, pointX=0.605289, pointY=0.466208, distance=0, color='orange'), ShootingResult(nth=9, score=9.4, time=3.2, pointX=0.458013, pointY=0.432699, distance=0, color='red'), ShootingResult(nth=10, score=8.9, time=0.2, pointX=0.497249, pointY=0.3957, distance=0, color='orange')]",10,"[0.4896485, 0.450877]",0.09444064401640376,"[0.06883260158268027, 0.08143730693122163]",0.041160764246298255,입문
20250117-787ed6ba-c77f-4d11-9d6e-647de1765287,"[ShootingResult(nth=1, score=8.2, time=1.2, pointX=0.638097, pointY=0.491128, distance=0, color='gray'), ShootingResult(nth=2, score=6.6, time=5.8, pointX=0.720463, pointY=0.478845, distance=4820, color='green'), ShootingResult(nth=3, score=7.1, time=1.0, pointX=0.53904, pointY=0.306472, distance=0, color='gray'), ShootingResult(nth=4, score=9.1, time=1.7, pointX=0.565359, pointY=0.56816, distance=5633, color='red'), ShootingResult(nth=5, score=9.0, time=0.6, pointX=0.572584, pointY=0.433611, distance=5884, color='red'), ShootingResult(nth=6, score=6.4, time=2.1, pointX=0.578969, pointY=0.283726, distance=6765, color='green'), ShootingResult(nth=7, score=8.5, time=0.5, pointX=0.405499, pointY=0.419236, distance=5792, color='orange'), ShootingResult(nth=8, score=8.8, time=1.0, pointX=0.572667, pointY=0.419607, distance=6361, color='orange'), ShootingResult(nth=9, score=6.9, time=2.6, pointX=0.309471, pointY=0.583795, distance=4792, color='green'), ShootingResult(nth=10, score=2.9, time=0.1, pointX=0.600365, pointY=0.0993399, distance=4769, color='blue')]",10,"[0.5726255, 0.426609]",0.14744797316135416,"[0.10968523565749404, 0.1379937542537375]",0.04662792481262748,입문
20250117-1a31235b-a749-4fed-ab70-d5c830bd3d13,"[ShootingResult(nth=1, score=5.7, time=2.0, pointX=0.614659, pointY=0.254953, distance=3040, color='green'), ShootingResult(nth=2, score=6.9, time=1.4, pointX=0.412287, pointY=0.310995, distance=3039, color='green'), ShootingResult(nth=3, score=2.3, time=2.0, pointX=0.857452, pointY=0.233866, distance=3047, color='blue'), ShootingResult(nth=4, score=8.2, time=2.9, pointX=0.420355, pointY=0.3874, distance=3040, color='orange'), ShootingResult(nth=5, score=5.7, time=2.6, pointX=0.334325, pointY=0.289741, distance=3037, color='green'), ShootingResult(nth=6, score=9.4, time=3.4, pointX=0.487446, pointY=0.424916, distance=3046, color='red'), ShootingResult(nth=7, score=10.9, time=4.7, pointX=0.496352, pointY=0.488624, distance=3034, color='red'), ShootingResult(nth=8, score=10.7, time=4.7, pointX=0.516525, pointY=0.514981, distance=3047, color='red'), ShootingResult(nth=9, score=9.1, time=4.2, pointX=0.579871, pointY=0.544471, distance=3036, color='red'), ShootingResult(nth=10, score=8.7, time=1.0, pointX=0.417593, pointY=0.581827, distance=3035, color='orange')]",10,"[0.491899, 0.406158]",0.15609314472696867,"[0.13933585127902295, 0.12016840480192786]",0.05622606173089026,입문
20250117-b0d21f64-f8b6-46e2-815c-a8168883a1b0,"[ShootingResult(nth=1, score=2.9, time=1.3, pointX=0.643254, pointY=0.115239, distance=0, color='blue'), ShootingResult(nth=2, score=6.5, time=3.5, pointX=0.29242, pointY=0.410265, distance=0, color='green'), ShootingResult(nth=3, score=3.5, time=3.6, pointX=0.534922, pointY=0.119226, distance=0, color='blue'), ShootingResult(nth=4, score=4.5, time=3.4, pointX=0.407113, pointY=0.180844, distance=0, color='blue'), ShootingResult(nth=5, score=9.0, time=3.2, pointX=0.467741, pointY=0.59325, distance=0, color='red'), ShootingResult(nth=6, score=8.0, time=3.2, pointX=0.425317, pointY=0.371103, distance=0, color='orange'), ShootingResult(nth=7, score=7.0, time=3.3, pointX=0.300234, pointY=0.533373, distance=0, color='orange'), ShootingResult(nth=8, score=1.7, time=2.5, pointX=0.176359, pointY=0.15654, distance=0, color='blue'), ShootingResult(nth=9, score=9.9, time=2.7, pointX=0.464892, pointY=0.459799, distance=0, color='red'), ShootingResult(nth=10, score=6.2, time=3.2, pointX=0.349245, pointY=0.308319, distance=0, color='green')]",10,"[0.416215, 0.339711]",0.1893779622985856,"[0.12673109506514177, 0.16695026977564306]",0.09776505990304152,입문
20250117-5fb3273b-1723-4b66-b416-904547335878,"[ShootingResult(nth=1, score=3.9, time=3.5, pointX=0.802285, pointY=0.300265, distance=0, color='gray'), ShootingResult(nth=2, score=0.0, time=37.3, pointX=0.639829, pointY=-0.0119153, distance=0, color='gray'), ShootingResult(nth=3, score=2.2, time=7.4, pointX=0.945663, pointY=0.5241, distance=0, color='blue'), ShootingResult(nth=4, score=3.1, time=5.5, pointX=0.290162, pointY=0.844202, distance=0, color='blue'), ShootingResult(nth=5, score=7.6, time=6.1, pointX=0.488779, pointY=0.669157, distance=3989, color='orange'), ShootingResult(nth=6, score=1.1, time=8.6, pointX=0.0478857, pointY=0.270194, distance=0, color='gray'), ShootingResult(nth=7, score=0.0, time=8.6, pointX=0.671743, pointY=0.0063442, distance=4263, color='blue'), ShootingResult(nth=8, score=9.3, time=5.2, pointX=0.505352, pointY=0.417979, distance=0, color='red'), ShootingResult(nth=9, score=0.0, time=4.8, pointX=-0.0364587, pointY=0.177324, distance=0, color='blue'), ShootingResult(nth=10, score=8.9, time=2.9, pointX=0.438823, pointY=0.417454, distance=3352, color='orange')]",10,"[0.49706550000000005, 0.3588595]",0.35813226976645346,"[0.29579096955033635, 0.25922875521731936]",0.19457189218860244,입문
20250117-25955b1b-c413-4617-92ad-99749b5b6680,"[ShootingResult(nth=1, score=10.1, time=4.6, pointX=0.533969, pointY=0.473004, distance=0, color='red'), ShootingResult(nth=2, score=9.2, time=4.9, pointX=0.42358, pointY=0.546744, distance=0, color='red'), ShootingResult(nth=3, score=9.5, time=3.8, pointX=0.488407, pointY=0.42797, distance=0, color='red'), ShootingResult(nth=4, score=9.2, time=3.5, pointX=0.580267, pointY=0.535634, distance=0, color='red'), ShootingResult(nth=5, score=10.5, time=5.9, pointX=0.525948, pointY=0.50971, distance=0, color='red'), ShootingResult(nth=6, score=8.7, time=4.7, pointX=0.481832, pointY=0.610158, distance=0, color='orange'), ShootingResult(nth=7, score=8.8, time=3.8, pointX=0.436773, pointY=0.409514, distance=0, color='orange'), ShootingResult(nth=8, score=8.6, time=3.5, pointX=0.542047, pointY=0.388519, distance=0, color='orange'), ShootingResult(nth=9, score=9.6, time=3.1, pointX=0.483725, pointY=0.433322, distance=0, color='red'), ShootingResult(nth=10, score=9.7, time=3.9, pointX=0.478909, pointY=0.44281, distance=0, color='red')]",10,"[0.486066, 0.45790699999999995]",0.07283165755871851,"[0.04581435035673865, 0.06706533753773257]",0.030201436362370458,입문
20250117-747873dc-0817-4b64-9ea4-4c4a82091c43,"[ShootingResult(nth=1, score=9.3, time=5.2, pointX=0.557489, pointY=0.562586, distance=0, color='red'), ShootingResult(nth=2, score=9.2, time=5.4, pointX=0.584557, pointY=0.520106, distance=0, color='red'), ShootingResult(nth=3, score=7.5, time=5.1, pointX=0.66032, pointY=0.577887, distance=0, color='orange'), ShootingResult(nth=4, score=9.9, time=4.8, pointX=0.547314, pointY=0.475914, distance=0, color='red'), ShootingResult(nth=5, score=9.0, time=4.6, pointX=0.592216, pointY=0.462649, distance=0, color='red'), ShootingResult(nth=6, score=9.5, time=5.5, pointX=0.571902, pointY=0.481079, distance=0, color='red'), ShootingResult(nth=7, score=10.1, time=6.6, pointX=0.457966, pointY=0.493371, distance=0, color='red'), ShootingResult(nth=8, score=9.7, time=4.4, pointX=0.549841, pointY=0.460566, distance=0, color='red'), ShootingResult(nth=9, score=8.9, time=7.8, pointX=0.410716, pointY=0.446862, distance=0, color='orange'), ShootingResult(nth=10, score=9.5, time=4.3, pointX=0.469586, pointY=0.435657, distance=0, color='red')]",10,"[0.5536650000000001, 0.4784965]",0.07046956227204187,"[0.07004597022677321, 0.04537539057253393]",0.021946968795014954,입문
20250117-49169aa8-932b-4dd6-9cd3-d03ba873437c,"[ShootingResult(nth=1, score=5.3, time=6.3, pointX=0.791407, pointY=0.505605, distance=3224, color='green'), ShootingResult(nth=2, score=6.3, time=2.5, pointX=0.724279, pointY=0.424108, distance=3231, color='green'), ShootingResult(nth=3, score=4.7, time=6.8, pointX=0.813862, pointY=0.430895, distance=3239, color='blue'), ShootingResult(nth=4, score=2.9, time=4.2, pointX=0.873274, pointY=0.330384, distance=3379, color='blue'), ShootingResult(nth=5, score=5.5, time=4.4, pointX=0.770025, pointY=0.567982, distance=3281, color='green'), ShootingResult(nth=6, score=5.7, time=7.8, pointX=0.76588, pointY=0.509475, distance=3368, color='green'), ShootingResult(nth=7, score=4.8, time=4.0, pointX=0.782127, pointY=0.35825, distance=3314, color='blue'), ShootingResult(nth=8, score=7.1, time=12.7, pointX=0.573964, pointY=0.679945, distance=3272, color='orange'), ShootingResult(nth=9, score=3.7, time=3.2, pointX=0.866986, pointY=0.449264, distance=3271, color='blue'), ShootingResult(nth=10, score=5.0, time=4.7, pointX=0.801415, pointY=0.462083, distance=3258, color='green')]",10,"[0.786767, 0.4556735]",0.09835495987956215,"[0.07982840239219371, 0.09621830731253797]",0.018818971502980564,입문
20250117-a8d4c7e0-c3d5-4cae-94eb-efc74932089f,"[ShootingResult(nth=1, score=1.1, time=1.3, pointX=0.0329686, pointY=0.695187, distance=0, color='blue'), ShootingResult(nth=2, score=4.3, time=2.0, pointX=0.544991, pointY=0.163407, distance=0, color='blue'), ShootingResult(nth=3, score=0.0, time=2.3, pointX=0.617811, pointY=-0.0115797, distance=0, color='blue'), ShootingResult(nth=4, score=7.6, time=2.2, pointX=0.33022, pointY=0.499389, distance=0, color='orange'), ShootingResult(nth=5, score=0.0, time=2.7, pointX=0.800584, pointY=-0.00423279, distance=0, color='blue'), ShootingResult(nth=6, score=6.2, time=2.1, pointX=0.448189, pointY=0.265418, distance=0, color='green'), ShootingResult(nth=7, score=0.0, time=3.2, pointX=-0.0370014, pointY=0.289552, distance=0, color='blue'), ShootingResult(nth=8, score=8.1, time=2.7, pointX=0.59189, pointY=0.388189, distance=0, color='orange'), ShootingResult(nth=9, score=0.0, time=2.0, pointX=0.275857, pointY=0.035454, distance=0, color='blue'), ShootingResult(nth=10, score=3.5, time=4.7, pointX=0.206852, pointY=0.258602, distance=0, color='blue')]",10,"[0.3892045, 0.26200999999999997]",0.29970003093567293,"[0.25452383733029327, 0.2161746947844447]",0.15214039665710033,입문
20250117-e4dc0986-2a25-43b4-95ee-7dd39cc54d7a,"[ShootingResult(nth=1, score=4.5, time=2.9, pointX=0.491439, pointY=0.830984, distance=3576, color='blue'), ShootingResult(nth=2, score=8.7, time=3.6, pointX=0.456625, pointY=0.604862, distance=5682, color='orange'), ShootingResult(nth=3, score=8.2, time=1.5, pointX=0.626331, pointY=0.435443, distance=5382, color='orange'), ShootingResult(nth=4, score=9.4, time=0.9, pointX=0.563236, pointY=0.544027, distance=5618, color='red'), ShootingResult(nth=5, score=5.6, time=0.1, pointX=0.324034, pointY=0.290143, distance=5639, color='green'), ShootingResult(nth=6, score=7.1, time=0.2, pointX=0.469543, pointY=0.692167, distance=5549, color='orange'), ShootingResult(nth=7, score=8.1, time=0.6, pointX=0.379838, pointY=0.582355, distance=5692, color='orange'), ShootingResult(nth=8, score=8.7, time=1.6, pointX=0.412525, pointY=0.426561, distance=5719, color='orange'), ShootingResult(nth=9, score=8.4, time=0.1, pointX=0.433749, pointY=0.387091, distance=6468, color='orange'), ShootingResult(nth=10, score=9.0, time=0.2, pointX=0.563343, pointY=0.427357, distance=5804, color='red')]",10,"[0.463084, 0.48973500000000003]",0.16197610782825564,"[0.0874608787802295, 0.15262305496942458]",0.08558858969008531,입문
20250117-49e43059-ba60-41fd-9b66-3fb762de047c,"[ShootingResult(nth=1, score=7.4, time=3.4, pointX=0.681375, pointY=0.515988, distance=0, color='orange'), ShootingResult(nth=2, score=7.4, time=5.2, pointX=0.466474, pointY=0.322268, distance=3857, color='orange'), ShootingResult(nth=3, score=7.1, time=8.0, pointX=0.544378, pointY=0.691501, distance=3902, color='orange'), ShootingResult(nth=4, score=10.1, time=11.2, pointX=0.485835, pointY=0.458567, distance=0, color='red'), ShootingResult(nth=5, score=7.7, time=13.1, pointX=0.340188, pointY=0.538812, distance=0, color='orange'), ShootingResult(nth=6, score=8.9, time=14.3, pointX=0.534731, pointY=0.399658, distance=0, color='orange'), ShootingResult(nth=7, score=8.8, time=14.9, pointX=0.434113, pointY=0.41086, distance=0, color='orange'), ShootingResult(nth=8, score=9.4, time=6.6, pointX=0.570059, pointY=0.537372, distance=0, color='red'), ShootingResult(nth=9, score=8.4, time=9.1, pointX=0.391513, pointY=0.432549, distance=0, color='orange'), ShootingResult(nth=10, score=5.7, time=6.6, pointX=0.745499, pointY=0.39234, distance=3838, color='green')]",10,"[0.510283, 0.445558]",0.13917383576063422,"[0.11851396492080585, 0.09913945381557233]",0.06716514622755068,입문
20250117-4728bd31-ac9d-48b0-852c-f40ecf9871df,"[ShootingResult(nth=1, score=8.4, time=8.3, pointX=0.597295, pointY=0.410787, distance=3226, color='orange'), ShootingResult(nth=2, score=8.6, time=7.1, pointX=0.495749, pointY=0.379928, distance=3238, color='orange'), ShootingResult(nth=3, score=1.8, time=12.5, pointX=0.0931367, pointY=0.263423, distance=3330, color='blue'), ShootingResult(nth=4, score=9.6, time=11.2, pointX=0.486105, pointY=0.436105, distance=3299, color='red'), ShootingResult(nth=5, score=5.5, time=7.1, pointX=0.54776, pointY=0.22396, distance=3374, color='green'), ShootingResult(nth=6, score=9.5, time=4.1, pointX=0.434818, pointY=0.466011, distance=3300, color='red'), ShootingResult(nth=7, score=3.3, time=9.9, pointX=0.225386, pointY=0.776372, distance=3288, color='blue'), ShootingResult(nth=8, score=10.9, time=4.4, pointX=0.509624, pointY=0.491621, distance=3286, color='red'), ShootingResult(nth=9, score=6.7, time=5.3, pointX=0.284995, pointY=0.519951, distance=3250, color='green'), ShootingResult(nth=10, score=6.5, time=11.7, pointX=0.708429, pointY=0.409584, distance=3296, color='green')]",10,"[0.490927, 0.423446]",0.18287957852726916,"[0.1757521011019103, 0.14355664730467899]",0.03788255199328333,입문
20250117-a68ab90a-0bf3-4348-938e-b87670ad6a60,"[ShootingResult(nth=1, score=6.9, time=8.1, pointX=0.310421, pointY=0.416804, distance=0, color='green'), ShootingResult(nth=2, score=5.3, time=7.6, pointX=0.719195, pointY=0.688201, distance=0, color='green'), ShootingResult(nth=3, score=6.1, time=3.8, pointX=0.721696, pointY=0.387329, distance=0, color='green'), ShootingResult(nth=4, score=5.6, time=4.2, pointX=0.747855, pointY=0.37893, distance=0, color='green'), ShootingResult(nth=5, score=9.8, time=2.1, pointX=0.557248, pointY=0.50499, distance=0, color='red'), ShootingResult(nth=6, score=4.8, time=2.1, pointX=0.81228, pointY=0.4706, distance=0, color='blue'), ShootingResult(nth=7, score=6.5, time=1.2, pointX=0.275469, pointY=0.516645, distance=0, color='green'), ShootingResult(nth=8, score=6.7, time=2.4, pointX=0.36044, pointY=0.3367, distance=0, color='green'), ShootingResult(nth=9, score=0.0, time=3.1, pointX=1.1228, pointY=0.476724, distance=0, color='blue'), ShootingResult(nth=10, score=9.0, time=1.6, pointX=0.600686, pointY=0.500625, distance=0, color='red')]",10,"[0.6599405, 0.473662]",0.23159761822977148,"[0.24747770888667933, 0.09363318303550296]",0.09822379810173051,입문
20250117-73d40dc7-2c8b-4631-968d-20e0f98868e6,"[ShootingResult(nth=1, score=9.2, time=9.5, pointX=0.495646, pointY=0.58838, distance=3046, color='red'), ShootingResult(nth=2, score=8.7, time=4.9, pointX=0.583044, pointY=0.424914, distance=3029, color='orange'), ShootingResult(nth=3, score=7.6, time=2.6, pointX=0.665691, pointY=0.457543, distance=3026, color='orange'), ShootingResult(nth=4, score=6.6, time=9.2, pointX=0.49909, pointY=0.723381, distance=3040, color='green'), ShootingResult(nth=5, score=6.6, time=7.8, pointX=0.707132, pointY=0.424847, distance=3012, color='green'), ShootingResult(nth=6, score=10.0, time=2.9, pointX=0.500964, pointY=0.549247, distance=3003, color='red'), ShootingResult(nth=7, score=7.5, time=2.1, pointX=0.666435, pointY=0.554172, distance=3013, color='orange'), ShootingResult(nth=8, score=4.9, time=4.1, pointX=0.478301, pointY=0.192246, distance=3023, color='blue'), ShootingResult(nth=9, score=7.5, time=11.4, pointX=0.670923, pointY=0.541137, distance=2984, color='orange'), ShootingResult(nth=10, score=8.8, time=4.4, pointX=0.396102, pointY=0.529614, distance=3003, color='orange')]",10,"[0.5420039999999999, 0.5353755]",0.1519160186644123,"[0.10072472990959074, 0.13168869805450278]",0.07218487303107811,입문
20250117-486cf460-1f4d-4bb0-8ece-3c9e12e6751a,"[ShootingResult(nth=1, score=7.6, time=10.3, pointX=0.364857, pointY=0.392863, distance=0, color='orange'), ShootingResult(nth=2, score=6.4, time=4.2, pointX=0.458983, pointY=0.272248, distance=0, color='green'), ShootingResult(nth=3, score=3.6, time=2.5, pointX=0.417908, pointY=0.131854, distance=0, color='blue'), ShootingResult(nth=4, score=7.7, time=2.2, pointX=0.399018, pointY=0.366301, distance=0, color='orange'), ShootingResult(nth=5, score=5.1, time=2.9, pointX=0.531019, pointY=0.201325, distance=0, color='green'), ShootingResult(nth=6, score=3.2, time=3.0, pointX=0.480148, pointY=0.104042, distance=0, color='blue'), ShootingResult(nth=7, score=5.6, time=2.7, pointX=0.430844, pointY=0.23322, distance=0, color='green'), ShootingResult(nth=8, score=2.9, time=2.0, pointX=0.709496, pointY=0.145661, distance=0, color='blue'), ShootingResult(nth=9, score=8.3, time=3.0, pointX=0.366932, pointY=0.498873, distance=0, color='orange'), ShootingResult(nth=10, score=8.4, time=2.6, pointX=0.45005, pointY=0.378532, distance=0, color='orange')]",10,"[0.44044700000000003, 0.252734]",0.13823958464755948,"[0.09583518235204648, 0.12515182315767517]",0.05732653361578691,입문
20250117-5fcdecca-0a56-4e9f-941c-5190765391f4,"[ShootingResult(nth=1, score=8.3, time=1.4, pointX=0.613011, pointY=0.430542, distance=0, color='orange'), ShootingResult(nth=2, score=0.0, time=9.0, pointX=0.794387, pointY=-0.00809272, distance=0, color='blue'), ShootingResult(nth=3, score=3.6, time=4.7, pointX=0.743936, pointY=0.213232, distance=0, color='blue'), ShootingResult(nth=4, score=3.1, time=4.3, pointX=0.178994, pointY=0.25925, distance=0, color='blue'), ShootingResult(nth=5, score=6.1, time=8.4, pointX=0.649873, pointY=0.302653, distance=0, color='green'), ShootingResult(nth=6, score=2.6, time=8.0, pointX=0.788696, pointY=0.18374, distance=0, color='blue'), ShootingResult(nth=7, score=9.6, time=3.3, pointX=0.430782, pointY=0.509254, distance=0, color='red'), ShootingResult(nth=8, score=1.7, time=2.9, pointX=0.764746, pointY=0.104655, distance=0, color='blue'), ShootingResult(nth=9, score=3.9, time=1.7, pointX=0.204528, pointY=0.289219, distance=0, color='blue'), ShootingResult(nth=10, score=2.0, time=2.6, pointX=0.749928, pointY=0.113846, distance=0, color='blue')]",10,"[0.6969045, 0.23624099999999998]",0.23905124434747024,"[0.22539014338672841, 0.14669252313833264]",0.07714003531029481,입문
20250117-eaafac4c-49f6-4816-a61d-73bd315d14e0,"[ShootingResult(nth=1, score=5.8, time=5.5, pointX=0.331134, pointY=0.699119, distance=3244, color='green'), ShootingResult(nth=2, score=9.4, time=10.6, pointX=0.553041, pointY=0.442542, distance=3200, color='red'), ShootingResult(nth=3, score=6.3, time=5.0, pointX=0.38407, pointY=0.290986, distance=3117, color='green'), ShootingResult(nth=4, score=7.0, time=5.3, pointX=0.35494, pointY=0.363608, distance=3180, color='orange'), ShootingResult(nth=5, score=4.0, time=6.3, pointX=0.147262, pointY=0.531311, distance=3176, color='blue'), ShootingResult(nth=6, score=9.9, time=3.2, pointX=0.466747, pointY=0.540852, distance=3191, color='red'), ShootingResult(nth=7, score=8.2, time=4.9, pointX=0.359691, pointY=0.490496, distance=3185, color='orange'), ShootingResult(nth=8, score=5.5, time=4.6, pointX=0.247319, pointY=0.623537, distance=3181, color='green'), ShootingResult(nth=9, score=2.8, time=5.4, pointX=0.0901178, pointY=0.418595, distance=3146, color='blue'), ShootingResult(nth=10, score=1.4, time=0.2, pointX=0.0217737, pointY=0.391194, distance=3135, color='blue')]",10,"[0.343037, 0.466519]",0.18791589462775388,"[0.15931875451700753, 0.1172132700234918]",0.1090501048630916,입문
20250117-d28203db-46f0-4c2b-9a95-7307b260dddc,"[ShootingResult(nth=1, score=7.2, time=7.0, pointX=0.579544, pointY=0.672275, distance=3243, color='orange'), ShootingResult(nth=2, score=8.9, time=2.3, pointX=0.549223, pointY=0.590405, distance=3270, color='orange'), ShootingResult(nth=3, score=8.3, time=3.8, pointX=0.58839, pointY=0.401257, distance=3224, color='orange'), ShootingResult(nth=4, score=9.8, time=2.7, pointX=0.455883, pointY=0.539037, distance=3260, color='red'), ShootingResult(nth=5, score=7.0, time=3.6, pointX=0.626292, pointY=0.658993, distance=3319, color='orange'), ShootingResult(nth=6, score=6.6, time=3.2, pointX=0.641424, pointY=0.330134, distance=3256, color='green'), ShootingResult(nth=7, score=6.4, time=2.4, pointX=0.400391, pointY=0.710406, distance=3247, color='green'), ShootingResult(nth=8, score=6.6, time=4.3, pointX=0.507596, pointY=0.27688, distance=3212, color='green'), ShootingResult(nth=9, score=2.1, time=3.7, pointX=0.68345, pointY=0.0847615, distance=3194, color='blue'), ShootingResult(nth=10, score=2.7, time=5.3, pointX=0.615701, pointY=0.0923576, distance=3285, color='blue')]",10,"[0.5839669999999999, 0.470147]",0.21740070002307865,"[0.08336862897301359, 0.22237336992888534]",0.11398425624049457,입문
20250117-50632fb3-04e7-445b-9ea3-297a41c129bd,"[ShootingResult(nth=1, score=7.3, time=6.5, pointX=0.481284, pointY=0.317352, distance=0, color='orange'), ShootingResult(nth=2, score=6.1, time=12.7, pointX=0.731007, pointY=0.410546, distance=0, color='green'), ShootingResult(nth=3, score=3.0, time=8.1, pointX=0.746552, pointY=0.173457, distance=0, color='blue'), ShootingResult(nth=4, score=7.6, time=8.8, pointX=0.60588, pointY=0.368966, distance=3911, color='orange'), ShootingResult(nth=5, score=4.6, time=8.2, pointX=0.590293, pointY=0.187046, distance=3192, color='blue'), ShootingResult(nth=6, score=8.3, time=5.9, pointX=0.626621, pointY=0.546648, distance=3190, color='orange'), ShootingResult(nth=7, score=6.1, time=7.3, pointX=0.532393, pointY=0.252083, distance=0, color='green'), ShootingResult(nth=8, score=9.1, time=7.4, pointX=0.408316, pointY=0.500872, distance=3200, color='red'), ShootingResult(nth=9, score=7.8, time=4.3, pointX=0.374441, pointY=0.598376, distance=0, color='gray'), ShootingResult(nth=10, score=7.0, time=6.1, pointX=0.63592, pointY=0.348749, distance=0, color='gray')]",10,"[0.5980865, 0.3588575]",0.1608041709711593,"[0.11828241868515371, 0.1383329739405974]",0.07126069839399052,입문
20250117-7853f176-378a-489d-85a7-cd7983e92808,"[ShootingResult(nth=1, score=9.2, time=7.6, pointX=0.582241, pointY=0.530854, distance=2987, color='red'), ShootingResult(nth=2, score=10.1, time=4.7, pointX=0.536806, pointY=0.522623, distance=2992, color='red'), ShootingResult(nth=3, score=9.4, time=6.1, pointX=0.48681, pointY=0.576716, distance=2989, color='red'), ShootingResult(nth=4, score=8.7, time=5.5, pointX=0.543496, pointY=0.60493, distance=2978, color='orange'), ShootingResult(nth=5, score=10.0, time=6.9, pointX=0.544251, pointY=0.52204, distance=2988, color='red'), ShootingResult(nth=6, score=8.0, time=6.2, pointX=0.641107, pointY=0.549777, distance=2987, color='orange'), ShootingResult(nth=7, score=6.4, time=5.8, pointX=0.727609, pointY=0.541786, distance=2988, color='green'), ShootingResult(nth=8, score=8.1, time=6.6, pointX=0.64083, pointY=0.527832, distance=2993, color='orange'), ShootingResult(nth=9, score=9.4, time=7.8, pointX=0.574991, pointY=0.479542, distance=2985, color='red'), ShootingResult(nth=10, score=8.7, time=6.5, pointX=0.394921, pointY=0.543471, distance=2981, color='orange')]",10,"[0.559621, 0.53632]",0.07806021328346628,"[0.08663511112799473, 0.03191579475886508]",0.028028679898612394,입문
20250117-a754b805-9b1d-4b4d-9476-0f24c4d17480,"[ShootingResult(nth=1, score=9.8, time=16.6, pointX=0.531358, pointY=0.454229, distance=0, color='red'), ShootingResult(nth=2, score=10.9, time=24.6, pointX=0.48868, pointY=0.494805, distance=0, color='red'), ShootingResult(nth=3, score=9.6, time=5.7, pointX=0.522872, pointY=0.434072, distance=0, color='red'), ShootingResult(nth=4, score=8.5, time=13.4, pointX=0.390586, pointY=0.445124, distance=0, color='orange'), ShootingResult(nth=5, score=9.5, time=8.6, pointX=0.57243, pointY=0.478775, distance=0, color='red'), ShootingResult(nth=6, score=9.6, time=12.9, pointX=0.522843, pointY=0.438808, distance=0, color='red'), ShootingResult(nth=7, score=8.6, time=8.3, pointX=0.445378, pointY=0.391583, distance=0, color='orange'), ShootingResult(nth=8, score=7.5, time=10.7, pointX=0.358553, pointY=0.395979, distance=0, color='orange'), ShootingResult(nth=9, score=8.3, time=8.5, pointX=0.392615, pointY=0.420573, distance=0, color='orange'), ShootingResult(nth=10, score=10.4, time=7.3, pointX=0.509374, pointY=0.469003, distance=0, color='red')]",10,"[0.499027, 0.44196599999999997]",0.0687063601081917,"[0.06851653816043247, 0.031969254515706175]",0.028094661068586303,입문
20250117-01fd16fd-6da2-4b46-a711-b49924200a31,"[ShootingResult(nth=1, score=10.6, time=24.3, pointX=0.501879, pointY=0.526672, distance=0, color='red'), ShootingResult(nth=2, score=8.4, time=12.5, pointX=0.459415, pointY=0.378041, distance=0, color='orange'), ShootingResult(nth=3, score=10.9, time=8.0, pointX=0.485655, pointY=0.503833, distance=0, color='red'), ShootingResult(nth=4, score=8.7, time=7.0, pointX=0.510278, pointY=0.614167, distance=0, color='orange'), ShootingResult(nth=5, score=10.9, time=6.7, pointX=0.507162, pointY=0.49, distance=0, color='red'), ShootingResult(nth=6, score=9.7, time=8.1, pointX=0.547084, pointY=0.541566, distance=0, color='red'), ShootingResult(nth=7, score=10.1, time=7.6, pointX=0.470318, pointY=0.467871, distance=0, color='red'), ShootingResult(nth=8, score=9.3, time=7.4, pointX=0.567303, pointY=0.544658, distance=0, color='red'), ShootingResult(nth=9, score=9.5, time=6.1, pointX=0.43322, pointY=0.469226, distance=0, color='red'), ShootingResult(nth=10, score=8.9, time=6.4, pointX=0.505639, pointY=0.604962, distance=0, color='orange')]",10,"[0.503759, 0.5152525]",0.06544449072958199,"[0.03757373432079915, 0.06592769093666181]",0.026698754547446316,입문
20250117-282521d5-1095-455f-b04f-098d613c6ca1,"[ShootingResult(nth=1, score=7.4, time=0.7, pointX=0.449945, pointY=0.328476, distance=0, color='orange'), ShootingResult(nth=2, score=6.9, time=9.1, pointX=0.518998, pointY=0.294549, distance=0, color='green'), ShootingResult(nth=3, score=9.1, time=3.2, pointX=0.59511, pointY=0.497626, distance=0, color='red'), ShootingResult(nth=4, score=9.0, time=4.4, pointX=0.405458, pointY=0.46898, distance=0, color='red'), ShootingResult(nth=5, score=8.3, time=2.5, pointX=0.400652, pointY=0.409521, distance=0, color='orange'), ShootingResult(nth=6, score=9.4, time=4.9, pointX=0.573494, pointY=0.474887, distance=0, color='red'), ShootingResult(nth=7, score=9.4, time=4.5, pointX=0.536075, pointY=0.428099, distance=0, color='red'), ShootingResult(nth=8, score=8.8, time=4.2, pointX=0.567147, pointY=0.587586, distance=0, color='orange'), ShootingResult(nth=9, score=6.0, time=3.8, pointX=0.281921, pointY=0.369093, distance=0, color='green'), ShootingResult(nth=10, score=9.4, time=3.2, pointX=0.561219, pointY=0.548407, distance=0, color='red')]",10,"[0.5275365, 0.4485395]",0.12204715438772296,"[0.09593158053159553, 0.0886556187392542]",0.06111111059786639,입문
20250117-ebc1fecd-2e16-4451-a62a-2b59d226370d,"[ShootingResult(nth=1, score=8.0, time=1.7, pointX=0.617693, pointY=0.410412, distance=3259, color='orange'), ShootingResult(nth=2, score=10.2, time=0.7, pointX=0.468666, pointY=0.475099, distance=3204, color='red'), ShootingResult(nth=3, score=9.5, time=0.7, pointX=0.452527, pointY=0.554864, distance=3189, color='red'), ShootingResult(nth=4, score=9.2, time=0.8, pointX=0.461593, pointY=0.582042, distance=3237, color='red'), ShootingResult(nth=5, score=9.2, time=0.0, pointX=0.410505, pointY=0.508466, distance=3180, color='red'), ShootingResult(nth=6, score=6.5, time=0.3, pointX=0.398333, pointY=0.701475, distance=3179, color='green'), ShootingResult(nth=7, score=10.5, time=1.5, pointX=0.483171, pointY=0.474392, distance=3187, color='red'), ShootingResult(nth=8, score=8.8, time=0.6, pointX=0.589872, pointY=0.557834, distance=3180, color='orange'), ShootingResult(nth=9, score=8.8, time=0.6, pointX=0.593935, pointY=0.553319, distance=3181, color='orange'), ShootingResult(nth=10, score=6.9, time=1.6, pointX=0.34008, pointY=0.634734, distance=3204, color='green')]",10,"[0.4651295, 0.5540915]",0.10465464942282414,"[0.087346635472982, 0.07972424282870298]",0.04648904021870961,입문
20250117-4eb80f4a-eb0d-4de2-81be-bd30a7c074ea,"[ShootingResult(nth=1, score=9.7, time=2.4, pointX=0.441934, pointY=0.527002, distance=3173, color='red'), ShootingResult(nth=2, score=8.2, time=5.8, pointX=0.429618, pointY=0.382051, distance=3139, color='orange'), ShootingResult(nth=3, score=8.9, time=3.5, pointX=0.590244, pointY=0.550796, distance=3155, color='orange'), ShootingResult(nth=4, score=8.0, time=3.9, pointX=0.496149, pointY=0.35085, distance=3152, color='orange'), ShootingResult(nth=5, score=8.8, time=4.2, pointX=0.598194, pointY=0.449302, distance=3166, color='orange'), ShootingResult(nth=6, score=10.1, time=2.8, pointX=0.470742, pointY=0.533864, distance=3136, color='red'), ShootingResult(nth=7, score=9.4, time=3.6, pointX=0.552184, pointY=0.55601, distance=3141, color='red'), ShootingResult(nth=8, score=6.2, time=2.7, pointX=0.472072, pointY=0.258412, distance=3149, color='green'), ShootingResult(nth=9, score=6.9, time=2.4, pointX=0.466662, pointY=0.294617, distance=3154, color='green'), ShootingResult(nth=10, score=9.8, time=3.8, pointX=0.455729, pointY=0.46129, distance=3154, color='red')]",10,"[0.471407, 0.455296]",0.11306697090514148,"[0.057867606018911825, 0.10389498741055797]",0.06419776904000064,입문
20250117-4db16749-e022-432b-a9f4-7e06bfc126ef,"[ShootingResult(nth=1, score=9.7, time=2.4, pointX=0.443153, pointY=0.530704, distance=2985, color='red'), ShootingResult(nth=2, score=9.5, time=6.3, pointX=0.478111, pointY=0.43149, distance=2970, color='red'), ShootingResult(nth=3, score=9.0, time=3.3, pointX=0.418545, pointY=0.44799, distance=2970, color='red'), ShootingResult(nth=4, score=9.2, time=2.8, pointX=0.548797, pointY=0.42641, distance=2977, color='red'), ShootingResult(nth=5, score=3.1, time=3.6, pointX=0.675767, pointY=0.135504, distance=2974, color='blue'), ShootingResult(nth=6, score=10.2, time=3.1, pointX=0.526059, pointY=0.529817, distance=2968, color='red'), ShootingResult(nth=7, score=8.9, time=3.4, pointX=0.527998, pointY=0.399891, distance=2963, color='orange'), ShootingResult(nth=8, score=10.1, time=3.6, pointX=0.457195, pointY=0.508416, distance=2967, color='red'), ShootingResult(nth=9, score=8.3, time=1.8, pointX=0.500353, pointY=0.63449, distance=2947, color='gray'), ShootingResult(nth=10, score=9.0, time=13.6, pointX=0.418545, pointY=0.44799, distance=2993, color='red')]",10,"[0.489232, 0.44799]",0.10899689582737719,"[0.07317655474542376, 0.12355297911325326]",0.014944160852279953,입문
20250117-88354b28-db2d-4d7b-846e-4b3500c8dc37,"[ShootingResult(nth=1, score=10.1, time=5.6, pointX=0.536983, pointY=0.522233, distance=0, color='red'), ShootingResult(nth=2, score=9.0, time=15.4, pointX=0.409638, pointY=0.45927, distance=0, color='red'), ShootingResult(nth=3, score=9.5, time=7.3, pointX=0.429166, pointY=0.490739, distance=0, color='red'), ShootingResult(nth=4, score=9.8, time=12.4, pointX=0.453341, pointY=0.530552, distance=0, color='red'), ShootingResult(nth=5, score=10.9, time=7.4, pointX=0.49752, pointY=0.51465, distance=0, color='red'), ShootingResult(nth=6, score=10.0, time=7.6, pointX=0.521509, pointY=0.458249, distance=0, color='red'), ShootingResult(nth=7, score=9.0, time=7.2, pointX=0.568351, pointY=0.426197, distance=0, color='red'), ShootingResult(nth=8, score=10.2, time=5.8, pointX=0.481728, pointY=0.462368, distance=0, color='red'), ShootingResult(nth=9, score=10.5, time=9.3, pointX=0.512832, pointY=0.475202, distance=0, color='red'), ShootingResult(nth=10, score=9.4, time=6.5, pointX=0.474676, pointY=0.423663, distance=0, color='red')]",10,"[0.489624, 0.468785]",0.05393325769316633,"[0.04658603404712619, 0.03581124936119934]",0.02940429992683397,입문
20250117-8dbe81ea-4404-4aa0-9374-77a13aad6777,"[ShootingResult(nth=1, score=9.6, time=6.3, pointX=0.432263, pointY=0.517532, distance=0, color='red'), ShootingResult(nth=2, score=10.1, time=12.8, pointX=0.492804, pointY=0.458114, distance=0, color='red'), ShootingResult(nth=3, score=9.8, time=11.3, pointX=0.446416, pointY=0.482713, distance=0, color='red'), ShootingResult(nth=4, score=9.2, time=12.9, pointX=0.411617, pointY=0.486856, distance=0, color='red'), ShootingResult(nth=5, score=9.8, time=8.5, pointX=0.470797, pointY=0.44957, distance=0, color='red'), ShootingResult(nth=6, score=10.1, time=8.8, pointX=0.535424, pointY=0.527437, distance=0, color='red'), ShootingResult(nth=7, score=10.0, time=8.9, pointX=0.488617, pointY=0.451923, distance=0, color='red'), ShootingResult(nth=8, score=9.8, time=12.5, pointX=0.466364, pointY=0.4544, distance=0, color='red'), ShootingResult(nth=9, score=9.7, time=8.0, pointX=0.539922, pointY=0.454288, distance=0, color='red'), ShootingResult(nth=10, score=10.0, time=4.1, pointX=0.498234, pointY=0.450639, distance=0, color='red')]",10,"[0.479707, 0.456257]",0.04124167448941511,"[0.039441024534867246, 0.027645112967032707]",0.011022789432068504,입문
20250117-8d909421-6eb4-4b87-ba8c-e1b5350d1dcd,"[ShootingResult(nth=1, score=9.7, time=7.5, pointX=0.533788, pointY=0.44611, distance=0, color='red'), ShootingResult(nth=2, score=10.9, time=8.6, pointX=0.513388, pointY=0.492891, distance=0, color='red'), ShootingResult(nth=3, score=10.9, time=6.8, pointX=0.510742, pointY=0.491734, distance=0, color='red'), ShootingResult(nth=4, score=10.3, time=5.3, pointX=0.535839, pointY=0.501488, distance=0, color='red'), ShootingResult(nth=5, score=9.2, time=4.5, pointX=0.422, pointY=0.45636, distance=0, color='red'), ShootingResult(nth=6, score=10.0, time=5.4, pointX=0.49677, pointY=0.453634, distance=0, color='red'), ShootingResult(nth=7, score=9.8, time=7.0, pointX=0.492113, pointY=0.444239, distance=0, color='red'), ShootingResult(nth=8, score=9.5, time=5.1, pointX=0.47368, pointY=0.430955, distance=0, color='red'), ShootingResult(nth=9, score=10.8, time=4.6, pointX=0.501461, pointY=0.479974, distance=0, color='red'), ShootingResult(nth=10, score=10.2, time=4.1, pointX=0.529562, pointY=0.525219, distance=0, color='red')]",10,"[0.5061015, 0.468167]",0.0383496727381864,"[0.032306948543773056, 0.028806513392633973]",0.017223560499442545,입문
20250117-260030f6-1cbc-440c-be63-2eb0e1f5540d,"[ShootingResult(nth=1, score=5.1, time=11.0, pointX=0.783741, pointY=0.590654, distance=0, color='green'), ShootingResult(nth=2, score=8.3, time=5.9, pointX=0.54995, pointY=0.3756, distance=0, color='orange'), ShootingResult(nth=3, score=9.5, time=7.7, pointX=0.453518, pointY=0.440813, distance=0, color='red'), ShootingResult(nth=4, score=9.1, time=10.4, pointX=0.587119, pointY=0.533423, distance=3194, color='red'), ShootingResult(nth=5, score=10.1, time=10.8, pointX=0.524004, pointY=0.464554, distance=0, color='red'), ShootingResult(nth=6, score=9.5, time=4.9, pointX=0.510301, pointY=0.429572, distance=3173, color='red'), ShootingResult(nth=7, score=8.1, time=4.3, pointX=0.536248, pointY=0.357465, distance=0, color='orange'), ShootingResult(nth=8, score=9.7, time=16.4, pointX=0.47647, pointY=0.439639, distance=3842, color='red'), ShootingResult(nth=9, score=8.6, time=5.7, pointX=0.41202, pointY=0.417519, distance=0, color='orange'), ShootingResult(nth=10, score=8.5, time=13.1, pointX=0.581316, pointY=0.403507, distance=3118, color='orange')]",10,"[0.530126, 0.4346055]",0.09124866439023994,"[0.09615631884910113, 0.06682456480845948]",0.016230480584262894,입문
20250117-19f679b4-9fdc-47f2-92dc-a6166da1ff57,"[ShootingResult(nth=1, score=6.2, time=0.0, pointX=0.256102, pointY=0.499038, distance=0, color='green'), ShootingResult(nth=2, score=0.0, time=5.5, pointX=0.11533, pointY=0.15834, distance=0, color='blue'), ShootingResult(nth=3, score=0.0, time=1.9, pointX=0.178815, pointY=0.00964473, distance=0, color='blue'), ShootingResult(nth=4, score=4.8, time=1.4, pointX=0.368223, pointY=0.215248, distance=0, color='blue'), ShootingResult(nth=5, score=4.3, time=2.8, pointX=0.156985, pointY=0.498243, distance=0, color='blue'), ShootingResult(nth=6, score=0.0, time=1.5, pointX=0.0216146, pointY=0.129697, distance=0, color='blue'), ShootingResult(nth=7, score=3.1, time=1.4, pointX=0.111554, pointY=0.392725, distance=0, color='blue'), ShootingResult(nth=8, score=9.4, time=1.8, pointX=0.464373, pointY=0.431395, distance=0, color='red'), ShootingResult(nth=9, score=9.3, time=1.4, pointX=0.581794, pointY=0.510149, distance=0, color='red'), ShootingResult(nth=10, score=3.0, time=3.6, pointX=0.17019, pointY=0.264283, distance=0, color='blue')]",10,"[0.1745025, 0.328504]",0.22417769983859942,"[0.167046726385022, 0.17017464823500225]",0.11674161869341751,입문
20250117-08deb1f7-d2f0-4255-9cc7-a65f17992358,"[ShootingResult(nth=1, score=7.1, time=2.8, pointX=0.519495, pointY=0.696027, distance=3136, color='orange'), ShootingResult(nth=2, score=7.9, time=10.9, pointX=0.618367, pointY=0.400776, distance=3071, color='orange'), ShootingResult(nth=3, score=8.3, time=3.0, pointX=0.383443, pointY=0.433003, distance=3110, color='orange'), ShootingResult(nth=4, score=9.9, time=5.3, pointX=0.450672, pointY=0.521845, distance=3188, color='red'), ShootingResult(nth=5, score=9.9, time=5.1, pointX=0.462509, pointY=0.53594, distance=3195, color='red'), ShootingResult(nth=6, score=7.1, time=3.9, pointX=0.533315, pointY=0.692535, distance=3316, color='orange'), ShootingResult(nth=7, score=8.8, time=14.2, pointX=0.569073, pointY=0.58141, distance=3157, color='orange'), ShootingResult(nth=8, score=9.2, time=3.8, pointX=0.457354, pointY=0.421603, distance=3180, color='red'), ShootingResult(nth=9, score=9.2, time=5.2, pointX=0.415824, pointY=0.525945, distance=3152, color='red'), ShootingResult(nth=10, score=7.8, time=4.3, pointX=0.451622, pointY=0.650519, distance=3164, color='orange')]",10,"[0.4599315, 0.5309425]",0.10947667441036221,"[0.0685765514811003, 0.10323686216565281]",0.04398386832795696,입문
20250117-21804824-f3d8-4c64-8a1c-3c0e734cdd2c,"[ShootingResult(nth=1, score=5.9, time=7.8, pointX=0.467351, pointY=0.241601, distance=3210, color='green'), ShootingResult(nth=2, score=9.8, time=2.5, pointX=0.476185, pointY=0.450348, distance=3227, color='red'), ShootingResult(nth=3, score=8.8, time=3.6, pointX=0.557201, pointY=0.594591, distance=3221, color='orange'), ShootingResult(nth=4, score=6.7, time=6.2, pointX=0.681999, pointY=0.378986, distance=3204, color='green'), ShootingResult(nth=5, score=6.1, time=7.3, pointX=0.309097, pointY=0.339362, distance=3211, color='green'), ShootingResult(nth=6, score=9.6, time=4.7, pointX=0.554418, pointY=0.457015, distance=3207, color='red'), ShootingResult(nth=7, score=9.1, time=4.9, pointX=0.594274, pointY=0.485941, distance=3206, color='red'), ShootingResult(nth=8, score=7.0, time=3.1, pointX=0.647947, pointY=0.366427, distance=3216, color='orange'), ShootingResult(nth=9, score=8.2, time=6.1, pointX=0.605951, pointY=0.411487, distance=3215, color='orange'), ShootingResult(nth=10, score=8.2, time=4.7, pointX=0.42757, pointY=0.617169, distance=3217, color='orange')]",10,"[0.5558095, 0.4309175]",0.13398537091102067,"[0.1069175607382155, 0.10812378177722973]",0.05823003525117286,입문
20250117-80e3e022-f01d-4139-b9b4-d3c6b1e23436,"[ShootingResult(nth=1, score=7.0, time=8.4, pointX=0.387036, pointY=0.333606, distance=0, color='orange'), ShootingResult(nth=2, score=0.0, time=3.5, pointX=0.416153, pointY=-0.0106102, distance=0, color='blue'), ShootingResult(nth=3, score=8.3, time=3.3, pointX=0.367366, pointY=0.481534, distance=0, color='orange'), ShootingResult(nth=4, score=1.9, time=4.0, pointX=0.365234, pointY=0.0534357, distance=0, color='blue'), ShootingResult(nth=5, score=7.4, time=2.1, pointX=0.551324, pointY=0.671565, distance=0, color='orange'), ShootingResult(nth=6, score=7.3, time=5.0, pointX=0.617629, pointY=0.35881, distance=0, color='orange'), ShootingResult(nth=7, score=6.1, time=1.0, pointX=0.737658, pointY=0.566923, distance=0, color='green'), ShootingResult(nth=8, score=9.3, time=1.5, pointX=0.493283, pointY=0.416586, distance=0, color='red'), ShootingResult(nth=9, score=8.9, time=1.5, pointX=0.415749, pointY=0.435283, distance=0, color='orange'), ShootingResult(nth=10, score=7.9, time=1.7, pointX=0.45911, pointY=0.64792, distance=0, color='orange')]",10,"[0.4376315, 0.4259345]",0.2108950652426269,"[0.11563857695924834, 0.21583633710149572]",0.07564586383385283,입문
20250117-007e31d8-44fa-4796-9fdf-672089dfaddc,"[ShootingResult(nth=1, score=0.0, time=8.6, pointX=0.422444, pointY=1.04922, distance=3019, color='blue'), ShootingResult(nth=2, score=6.2, time=8.2, pointX=0.292496, pointY=0.373996, distance=2990, color='green'), ShootingResult(nth=3, score=6.7, time=0.6, pointX=0.686283, pointY=0.384681, distance=2995, color='green'), ShootingResult(nth=4, score=3.2, time=2.1, pointX=0.103576, pointY=0.50875, distance=3002, color='blue'), ShootingResult(nth=5, score=2.2, time=1.7, pointX=0.276842, pointY=0.111437, distance=2942, color='gray'), ShootingResult(nth=6, score=7.0, time=0.7, pointX=0.613637, pointY=0.331765, distance=2965, color='orange'), ShootingResult(nth=7, score=7.7, time=2.3, pointX=0.433445, pointY=0.34841, distance=2985, color='orange'), ShootingResult(nth=8, score=5.7, time=2.5, pointX=0.31223, pointY=0.310867, distance=2987, color='green'), ShootingResult(nth=9, score=6.0, time=3.8, pointX=0.69485, pointY=0.662113, distance=2956, color='green'), ShootingResult(nth=10, score=4.1, time=2.3, pointX=0.522221, pointY=0.151019, distance=2969, color='blue')]",10,"[0.4279445, 0.361203]",0.26924693244548614,"[0.18454624503316236, 0.25652588094256684]",0.09239245037012048,입문
20250117-3ccb9a58-4750-414f-9459-4057405db49c,"[ShootingResult(nth=1, score=9.1, time=12.7, pointX=0.452373, pointY=0.419154, distance=0, color='red'), ShootingResult(nth=2, score=8.5, time=9.8, pointX=0.476319, pointY=0.377699, distance=0, color='orange'), ShootingResult(nth=3, score=9.0, time=6.4, pointX=0.500897, pointY=0.401547, distance=0, color='red'), ShootingResult(nth=4, score=10.2, time=10.5, pointX=0.494839, pointY=0.540464, distance=3834, color='red'), ShootingResult(nth=5, score=9.5, time=7.8, pointX=0.533173, pointY=0.436847, distance=3824, color='red'), ShootingResult(nth=6, score=9.3, time=5.2, pointX=0.48148, pointY=0.419789, distance=3813, color='red'), ShootingResult(nth=7, score=9.2, time=8.7, pointX=0.583348, pointY=0.533171, distance=3840, color='red'), ShootingResult(nth=8, score=9.3, time=6.9, pointX=0.435374, pointY=0.556137, distance=0, color='red'), ShootingResult(nth=9, score=9.3, time=5.1, pointX=0.546779, pointY=0.432888, distance=0, color='red'), ShootingResult(nth=10, score=9.3, time=4.2, pointX=0.574579, pointY=0.467331, distance=3118, color='red')]",10,"[0.497868, 0.43486749999999996]",0.07048988954584834,"[0.04748374924002947, 0.05987382382485688]",0.03137028211218276,입문
20250117-91045f66-ca51-4860-8ca9-4e7300604800,"[ShootingResult(nth=1, score=8.9, time=13.2, pointX=0.458839, pointY=0.405547, distance=0, color='orange'), ShootingResult(nth=2, score=6.5, time=6.5, pointX=0.37341, pointY=0.313896, distance=0, color='green'), ShootingResult(nth=3, score=4.0, time=1.2, pointX=0.143008, pointY=0.47698, distance=0, color='blue'), ShootingResult(nth=4, score=0.0, time=1.3, pointX=1.1545, pointY=0.249868, distance=0, color='blue'), ShootingResult(nth=5, score=4.6, time=0.7, pointX=0.187809, pointY=0.404454, distance=0, color='blue'), ShootingResult(nth=6, score=8.2, time=0.5, pointX=0.425372, pointY=0.382588, distance=0, color='orange'), ShootingResult(nth=7, score=7.6, time=1.8, pointX=0.351388, pointY=0.584387, distance=0, color='orange'), ShootingResult(nth=8, score=0.0, time=1.1, pointX=0.030413, pointY=0.0538325, distance=0, color='blue'), ShootingResult(nth=9, score=8.3, time=4.0, pointX=0.439621, pointY=0.381752, distance=0, color='orange'), ShootingResult(nth=10, score=7.3, time=3.2, pointX=0.519746, pointY=0.315318, distance=0, color='orange')]",10,"[0.399391, 0.38217]",0.22952868018048367,"[0.2897088497606519, 0.13377559620933294]",0.006222728312580611,입문
20250117-7b2861df-b61d-47a1-9065-bd7359a23618,"[ShootingResult(nth=1, score=0.0, time=1.9, pointX=0.831306, pointY=0.0490117, distance=0, color='blue'), ShootingResult(nth=2, score=2.9, time=6.0, pointX=0.870036, pointY=0.680605, distance=0, color='blue'), ShootingResult(nth=3, score=4.2, time=3.5, pointX=0.840681, pointY=0.541747, distance=0, color='blue'), ShootingResult(nth=4, score=10.3, time=2.9, pointX=0.49604, pointY=0.464734, distance=0, color='red'), ShootingResult(nth=5, score=5.1, time=2.0, pointX=0.638107, pointY=0.231818, distance=0, color='green'), ShootingResult(nth=6, score=7.0, time=1.0, pointX=0.69387, pointY=0.454174, distance=0, color='orange'), ShootingResult(nth=7, score=4.9, time=1.7, pointX=0.722528, pointY=0.287433, distance=0, color='blue'), ShootingResult(nth=8, score=7.3, time=3.2, pointX=0.380369, pointY=0.359695, distance=0, color='orange'), ShootingResult(nth=9, score=3.0, time=4.1, pointX=0.592605, pointY=0.105676, distance=0, color='blue'), ShootingResult(nth=10, score=3.2, time=6.8, pointX=0.867503, pointY=0.354801, distance=0, color='blue')]",10,"[0.708199, 0.357248]",0.22354322025776702,"[0.15913100999443824, 0.18392426280865748]",0.12648966072718376,입문
20250117-ae5cc9c6-ec50-4af4-afed-e611db53bbbd,"[ShootingResult(nth=1, score=10.4, time=2.4, pointX=0.513403, pointY=0.530555, distance=3118, color='red'), ShootingResult(nth=2, score=10.2, time=3.3, pointX=0.522053, pointY=0.464139, distance=3230, color='red'), ShootingResult(nth=3, score=10.9, time=2.0, pointX=0.491782, pointY=0.511245, distance=3210, color='red'), ShootingResult(nth=4, score=8.2, time=1.9, pointX=0.570308, pointY=0.379013, distance=3202, color='orange'), ShootingResult(nth=5, score=9.5, time=2.1, pointX=0.461971, pointY=0.559448, distance=3218, color='red'), ShootingResult(nth=6, score=7.8, time=2.1, pointX=0.548428, pointY=0.346228, distance=3217, color='orange'), ShootingResult(nth=7, score=9.4, time=1.9, pointX=0.557748, pointY=0.447124, distance=3218, color='red'), ShootingResult(nth=8, score=10.7, time=4.1, pointX=0.513336, pointY=0.515443, distance=3226, color='red'), ShootingResult(nth=9, score=10.2, time=1.9, pointX=0.459198, pointY=0.50032, distance=3229, color='red'), ShootingResult(nth=10, score=10.0, time=3.2, pointX=0.455294, pointY=0.517599, distance=3195, color='red')]",10,"[0.5133695, 0.5057825]",0.06631453225477017,"[0.03971107393020241, 0.065014706762701]",0.01893905570908201,입문
20250117-cfab75a6-0336-48df-9883-d25cb1c6a9c0,"[ShootingResult(nth=1, score=10.4, time=4.2, pointX=0.521598, pointY=0.525992, distance=2969, color='red'), ShootingResult(nth=2, score=9.7, time=5.3, pointX=0.439836, pointY=0.521344, distance=2972, color='red'), ShootingResult(nth=3, score=9.5, time=7.8, pointX=0.43096, pointY=0.525652, distance=2970, color='red'), ShootingResult(nth=4, score=7.6, time=7.2, pointX=0.568471, pointY=0.344902, distance=2962, color='orange'), ShootingResult(nth=5, score=10.6, time=8.6, pointX=0.511651, pointY=0.475283, distance=2974, color='red'), ShootingResult(nth=6, score=9.4, time=6.7, pointX=0.492093, pointY=0.424253, distance=2970, color='red'), ShootingResult(nth=7, score=9.5, time=6.4, pointX=0.52153, pointY=0.42759, distance=2978, color='red'), ShootingResult(nth=8, score=9.2, time=6.1, pointX=0.566406, pointY=0.445543, distance=2974, color='red'), ShootingResult(nth=9, score=9.3, time=5.5, pointX=0.449411, pointY=0.564757, distance=2974, color='red'), ShootingResult(nth=10, score=6.9, time=5.7, pointX=0.65304, pointY=0.361282, distance=2985, color='green')]",10,"[0.5165905, 0.460413]",0.08353303146824856,"[0.0649543352259108, 0.07009872992258848]",0.037080100148744174,입문
20250117-e4c533a7-0ce7-422f-85b5-5b6ff51abe1e,"[ShootingResult(nth=1, score=9.3, time=4.7, pointX=0.572971, pointY=0.541573, distance=3170, color='red'), ShootingResult(nth=2, score=7.1, time=5.9, pointX=0.491926, pointY=0.69529, distance=3258, color='orange'), ShootingResult(nth=3, score=9.6, time=2.0, pointX=0.545091, pointY=0.44802, distance=3242, color='red'), ShootingResult(nth=4, score=8.1, time=2.9, pointX=0.405772, pointY=0.610574, distance=3219, color='orange'), ShootingResult(nth=5, score=9.5, time=0.5, pointX=0.490961, pointY=0.425767, distance=3233, color='red'), ShootingResult(nth=6, score=7.5, time=4.8, pointX=0.654679, pointY=0.581654, distance=3222, color='orange'), ShootingResult(nth=7, score=10.7, time=1.7, pointX=0.518896, pointY=0.511605, distance=3203, color='red'), ShootingResult(nth=8, score=10.5, time=2.2, pointX=0.52844, pointY=0.487394, distance=3215, color='red'), ShootingResult(nth=9, score=7.6, time=3.5, pointX=0.388604, pointY=0.373268, distance=3218, color='orange'), ShootingResult(nth=10, score=9.1, time=4.6, pointX=0.57806, pointY=0.555359, distance=3206, color='red')]",10,"[0.523668, 0.526589]",0.10185560376368996,"[0.07543286815175465, 0.090043844250676]",0.04291901461115938,입문
20250117-b820fbe1-db02-40c0-a4f5-bccafe68a0aa,"[ShootingResult(nth=1, score=9.9, time=7.7, pointX=0.511694, pointY=0.446599, distance=0, color='red'), ShootingResult(nth=2, score=9.8, time=11.6, pointX=0.535619, pointY=0.453127, distance=0, color='red'), ShootingResult(nth=3, score=7.7, time=6.4, pointX=0.440062, pointY=0.345241, distance=0, color='orange'), ShootingResult(nth=4, score=9.9, time=9.1, pointX=0.450702, pointY=0.478023, distance=0, color='red'), ShootingResult(nth=5, score=9.4, time=7.0, pointX=0.510726, pointY=0.575902, distance=0, color='red'), ShootingResult(nth=6, score=9.8, time=6.2, pointX=0.559229, pointY=0.497282, distance=0, color='red'), ShootingResult(nth=7, score=10.7, time=3.3, pointX=0.485239, pointY=0.485227, distance=0, color='red'), ShootingResult(nth=8, score=9.0, time=5.0, pointX=0.425011, pointY=0.438636, distance=0, color='red'), ShootingResult(nth=9, score=9.7, time=6.2, pointX=0.441501, pointY=0.473346, distance=0, color='red'), ShootingResult(nth=10, score=9.4, time=6.2, pointX=0.491742, pointY=0.420264, distance=0, color='red')]",10,"[0.4884905, 0.4632365]",0.06196909105304319,"[0.04263627939501756, 0.05601407505627492]",0.02835500831441052,입문
20250117-94573410-5c61-4772-b313-692c748f00e5,"[ShootingResult(nth=1, score=10.3, time=11.0, pointX=0.47231, pointY=0.474432, distance=0, color='red'), ShootingResult(nth=2, score=9.8, time=8.8, pointX=0.507905, pointY=0.44158, distance=0, color='red'), ShootingResult(nth=3, score=10.2, time=7.8, pointX=0.517938, pointY=0.465113, distance=0, color='red'), ShootingResult(nth=4, score=9.2, time=7.0, pointX=0.482667, pointY=0.584949, distance=0, color='red'), ShootingResult(nth=5, score=8.1, time=10.8, pointX=0.488935, pointY=0.355276, distance=0, color='orange'), ShootingResult(nth=6, score=10.2, time=6.6, pointX=0.462659, pointY=0.482076, distance=0, color='red'), ShootingResult(nth=7, score=10.2, time=7.2, pointX=0.535395, pointY=0.481669, distance=0, color='red'), ShootingResult(nth=8, score=8.8, time=9.8, pointX=0.408905, pointY=0.561038, distance=0, color='orange'), ShootingResult(nth=9, score=10.3, time=10.6, pointX=0.464348, pointY=0.485437, distance=0, color='red'), ShootingResult(nth=10, score=9.3, time=5.7, pointX=0.542608, pointY=0.573438, distance=0, color='red')]",10,"[0.48580100000000004, 0.48187250000000004]",0.06399718845652598,"[0.03775256188922812, 0.06521571601815011]",0.023208252070418774,입문
20250117-7249ba96-11e2-419e-ab89-6bb436f767f5,"[ShootingResult(nth=1, score=8.1, time=13.7, pointX=0.420374, pointY=0.376184, distance=0, color='orange'), ShootingResult(nth=2, score=9.0, time=7.5, pointX=0.455488, pointY=0.586812, distance=0, color='red'), ShootingResult(nth=3, score=7.1, time=5.2, pointX=0.30556, pointY=0.50835, distance=0, color='orange'), ShootingResult(nth=4, score=8.8, time=8.1, pointX=0.399566, pointY=0.454623, distance=0, color='orange'), ShootingResult(nth=5, score=9.6, time=10.7, pointX=0.504436, pointY=0.43076, distance=0, color='red'), ShootingResult(nth=6, score=8.8, time=10.3, pointX=0.42348, pointY=0.424103, distance=0, color='orange'), ShootingResult(nth=7, score=9.3, time=11.5, pointX=0.418036, pointY=0.495584, distance=0, color='red'), ShootingResult(nth=8, score=8.3, time=18.7, pointX=0.4842, pointY=0.365928, distance=0, color='orange'), ShootingResult(nth=9, score=10.1, time=5.7, pointX=0.458293, pointY=0.518431, distance=0, color='red'), ShootingResult(nth=10, score=9.1, time=4.7, pointX=0.426232, pointY=0.554668, distance=0, color='red')]",10,"[0.424856, 0.4751035]",0.07935116039377835,"[0.05160490114175203, 0.06983972912182579]",0.04358939806708553,입문
20250117-2cca3c2f-2e53-4b19-a249-8fafce894a0c,"[ShootingResult(nth=1, score=9.5, time=17.0, pointX=0.48157, pointY=0.429587, distance=0, color='red'), ShootingResult(nth=2, score=10.0, time=12.6, pointX=0.485564, pointY=0.544141, distance=3811, color='red'), ShootingResult(nth=3, score=8.5, time=13.0, pointX=0.549857, pointY=0.385253, distance=0, color='orange'), ShootingResult(nth=4, score=9.3, time=5.4, pointX=0.417315, pointY=0.496467, distance=3798, color='red'), ShootingResult(nth=5, score=9.4, time=10.8, pointX=0.504489, pointY=0.576882, distance=0, color='red'), ShootingResult(nth=6, score=9.6, time=7.1, pointX=0.561396, pointY=0.467232, distance=3846, color='red'), ShootingResult(nth=7, score=6.4, time=2.9, pointX=0.668378, pointY=0.341068, distance=3136, color='green'), ShootingResult(nth=8, score=8.5, time=6.6, pointX=0.572879, pointY=0.603517, distance=0, color='orange'), ShootingResult(nth=9, score=6.1, time=8.8, pointX=0.672894, pointY=0.32247, distance=0, color='green'), ShootingResult(nth=10, score=8.5, time=11.6, pointX=0.392967, pointY=0.56726, distance=0, color='orange')]",10,"[0.527173, 0.4818495]",0.1193636434748299,"[0.08900967829899174, 0.09591880503639523]",0.06496032263350908,입문
20250117-58c5ccc1-ddd3-4ba8-b049-756b88cbe69b,"[ShootingResult(nth=1, score=6.2, time=2.2, pointX=0.475408, pointY=0.256389, distance=4021, color='green'), ShootingResult(nth=2, score=7.6, time=1.9, pointX=0.336129, pointY=0.550338, distance=4532, color='orange'), ShootingResult(nth=3, score=7.7, time=7.3, pointX=0.584706, pointY=0.359334, distance=3164, color='orange'), ShootingResult(nth=4, score=8.8, time=4.0, pointX=0.551178, pointY=0.401765, distance=3819, color='orange'), ShootingResult(nth=5, score=1.1, time=1.4, pointX=0.726615, pointY=0.0480609, distance=3009, color='blue'), ShootingResult(nth=6, score=9.5, time=7.2, pointX=0.54695, pointY=0.554258, distance=3942, color='red'), ShootingResult(nth=7, score=8.8, time=0.8, pointX=0.389838, pointY=0.499623, distance=4546, color='orange'), ShootingResult(nth=8, score=9.3, time=0.5, pointX=0.480454, pointY=0.416465, distance=4165, color='red'), ShootingResult(nth=9, score=8.2, time=0.7, pointX=0.506787, pointY=0.638834, distance=4424, color='orange'), ShootingResult(nth=10, score=6.7, time=1.0, pointX=0.564469, pointY=0.708678, distance=4337, color='green')]",10,"[0.5268685, 0.458044]",0.17909203237822963,"[0.10241568411351847, 0.18336992522908685]",0.06788312697382348,입문
20250117-1bb25d73-f213-4c86-89ec-f5ce9fb6a49d,"[ShootingResult(nth=1, score=8.4, time=3.4, pointX=0.405703, pointY=0.414214, distance=0, color='orange'), ShootingResult(nth=2, score=9.0, time=8.3, pointX=0.520507, pointY=0.595953, distance=0, color='red'), ShootingResult(nth=3, score=10.5, time=4.3, pointX=0.471169, pointY=0.506158, distance=0, color='red'), ShootingResult(nth=4, score=7.3, time=6.9, pointX=0.509902, pointY=0.684032, distance=0, color='orange'), ShootingResult(nth=5, score=8.4, time=3.1, pointX=0.567827, pointY=0.607533, distance=0, color='orange'), ShootingResult(nth=6, score=9.4, time=3.4, pointX=0.429718, pointY=0.464922, distance=0, color='red'), ShootingResult(nth=7, score=7.3, time=3.9, pointX=0.549598, pointY=0.318553, distance=0, color='orange'), ShootingResult(nth=8, score=4.8, time=4.1, pointX=0.563709, pointY=0.1894, distance=0, color='blue'), ShootingResult(nth=9, score=9.9, time=3.8, pointX=0.546233, pointY=0.524144, distance=0, color='red'), ShootingResult(nth=10, score=9.5, time=3.7, pointX=0.44902, pointY=0.448432, distance=0, color='red')]",10,"[0.5152045000000001, 0.48553999999999997]",0.13051892130579018,"[0.05569481964276391, 0.13777489797016726]",0.05740893426897731,입문
20250117-7f94a59b-1c1c-44f1-bf84-e07db819798a,"[ShootingResult(nth=1, score=9.8, time=3.9, pointX=0.453944, pointY=0.468646, distance=0, color='red'), ShootingResult(nth=2, score=9.4, time=9.4, pointX=0.420375, pointY=0.507723, distance=0, color='red'), ShootingResult(nth=3, score=10.2, time=8.7, pointX=0.462735, pointY=0.481984, distance=0, color='red'), ShootingResult(nth=4, score=9.9, time=10.6, pointX=0.516818, pointY=0.448216, distance=0, color='red'), ShootingResult(nth=5, score=9.9, time=7.8, pointX=0.454076, pointY=0.473147, distance=0, color='red'), ShootingResult(nth=6, score=9.8, time=8.6, pointX=0.457285, pointY=0.458785, distance=0, color='red'), ShootingResult(nth=7, score=9.3, time=7.1, pointX=0.465233, pointY=0.42419, distance=0, color='red'), ShootingResult(nth=8, score=10.4, time=12.6, pointX=0.492463, pointY=0.469154, distance=0, color='red'), ShootingResult(nth=9, score=9.1, time=5.2, pointX=0.405842, pointY=0.499, distance=0, color='red'), ShootingResult(nth=10, score=10.7, time=6.9, pointX=0.521003, pointY=0.490708, distance=0, color='red')]",10,"[0.46001000000000003, 0.4711505]",0.03565740559101281,"[0.0351752564090157, 0.02345492845885487]",0.012383676951879627,입문
20250117-fd2e708e-e581-4a86-9fca-c98637cf807c,"[ShootingResult(nth=1, score=9.8, time=5.4, pointX=0.445541, pointY=0.517749, distance=0, color='red'), ShootingResult(nth=2, score=8.9, time=13.4, pointX=0.52436, pointY=0.398884, distance=0, color='orange'), ShootingResult(nth=3, score=10.0, time=8.0, pointX=0.53916, pointY=0.527562, distance=0, color='red'), ShootingResult(nth=4, score=10.1, time=8.3, pointX=0.504027, pointY=0.456978, distance=0, color='red'), ShootingResult(nth=5, score=10.5, time=14.2, pointX=0.473369, pointY=0.485095, distance=0, color='red'), ShootingResult(nth=6, score=10.2, time=8.0, pointX=0.470623, pointY=0.527873, distance=0, color='red'), ShootingResult(nth=7, score=10.4, time=8.6, pointX=0.524288, pointY=0.479897, distance=0, color='red'), ShootingResult(nth=8, score=10.9, time=9.8, pointX=0.493185, pointY=0.489727, distance=0, color='red'), ShootingResult(nth=9, score=10.2, time=7.7, pointX=0.466935, pointY=0.521163, distance=0, color='red'), ShootingResult(nth=10, score=9.4, time=6.1, pointX=0.478686, pointY=0.573529, distance=0, color='red')]",10,"[0.48593549999999996, 0.503738]",0.04708261190099735,"[0.02868422190403637, 0.04524017396308285]",0.020168037969202284,입문
20250117-82a250e1-d264-4617-a611-022a09571890,"[ShootingResult(nth=1, score=8.2, time=5.0, pointX=0.374954, pointY=0.437945, distance=3131, color='orange'), ShootingResult(nth=2, score=10.1, time=13.6, pointX=0.459931, pointY=0.519147, distance=3824, color='red'), ShootingResult(nth=3, score=8.5, time=14.3, pointX=0.373443, pointY=0.496296, distance=0, color='orange'), ShootingResult(nth=4, score=10.9, time=9.3, pointX=0.48526, pointY=0.501822, distance=3821, color='red'), ShootingResult(nth=5, score=7.6, time=7.5, pointX=0.611804, pointY=0.629219, distance=3148, color='orange'), ShootingResult(nth=6, score=9.2, time=12.5, pointX=0.413421, pointY=0.50531, distance=3834, color='red'), ShootingResult(nth=7, score=9.0, time=7.4, pointX=0.475323, pointY=0.597, distance=0, color='red'), ShootingResult(nth=8, score=9.4, time=7.5, pointX=0.527472, pointY=0.572371, distance=0, color='red'), ShootingResult(nth=9, score=5.8, time=6.6, pointX=0.515721, pointY=0.762513, distance=0, color='green'), ShootingResult(nth=10, score=8.6, time=6.0, pointX=0.461241, pointY=0.614826, distance=0, color='orange')]",10,"[0.468282, 0.545759]",0.09666689700940222,"[0.06891958860004897, 0.08786246645803883]",0.03795046173550621,입문
20250117-8bb26638-e2f3-4c50-a668-f84cd8f5f366,"[ShootingResult(nth=1, score=7.1, time=5.6, pointX=0.431634, pointY=0.682466, distance=3242, color='orange'), ShootingResult(nth=2, score=7.9, time=5.9, pointX=0.640634, pointY=0.55993, distance=3349, color='orange'), ShootingResult(nth=3, score=6.1, time=6.4, pointX=0.736515, pointY=0.567895, distance=3303, color='green'), ShootingResult(nth=4, score=5.0, time=6.4, pointX=0.735997, pointY=0.309684, distance=3301, color='green'), ShootingResult(nth=5, score=8.7, time=3.7, pointX=0.59889, pointY=0.560122, distance=3300, color='orange'), ShootingResult(nth=6, score=9.7, time=8.3, pointX=0.514304, pointY=0.440904, distance=3273, color='red'), ShootingResult(nth=7, score=10.2, time=9.3, pointX=0.512745, pointY=0.539648, distance=3440, color='red'), ShootingResult(nth=8, score=7.3, time=10.9, pointX=0.350674, pointY=0.390728, distance=3274, color='orange'), ShootingResult(nth=9, score=6.2, time=15.8, pointX=0.495862, pointY=0.743519, distance=3304, color='green'), ShootingResult(nth=10, score=9.7, time=5.1, pointX=0.528334, pointY=0.441407, distance=3723, color='red')]",10,"[0.521319, 0.5497890000000001]",0.15558615666932324,"[0.11814545690414846, 0.12469379100584761]",0.0713899162956058,입문
20250117-1e20628c-91b3-4154-8c17-d3da00afa6de,"[ShootingResult(nth=1, score=9.7, time=6.4, pointX=0.464045, pointY=0.550945, distance=0, color='red'), ShootingResult(nth=2, score=9.0, time=7.2, pointX=0.400788, pointY=0.504447, distance=0, color='red'), ShootingResult(nth=3, score=9.2, time=7.5, pointX=0.411972, pointY=0.504647, distance=0, color='red'), ShootingResult(nth=4, score=10.3, time=8.0, pointX=0.480045, pointY=0.532208, distance=0, color='red'), ShootingResult(nth=5, score=9.9, time=5.5, pointX=0.501469, pointY=0.44883, distance=0, color='red'), ShootingResult(nth=6, score=8.9, time=5.5, pointX=0.530956, pointY=0.399418, distance=0, color='orange'), ShootingResult(nth=7, score=10.1, time=5.9, pointX=0.511045, pointY=0.54195, distance=0, color='red'), ShootingResult(nth=8, score=8.9, time=5.1, pointX=0.463372, pointY=0.404528, distance=0, color='orange'), ShootingResult(nth=9, score=9.5, time=4.9, pointX=0.566624, pointY=0.466509, distance=0, color='red'), ShootingResult(nth=10, score=9.2, time=9.0, pointX=0.468935, pointY=0.416413, distance=0, color='red')]",10,"[0.47448999999999997, 0.48547799999999997]",0.07156221907748614,"[0.048042401672793174, 0.05486121960228373]",0.054291737911465354,입문
20250117-ed7f14ea-b4dc-445d-a295-5e3d417c8e75,"[ShootingResult(nth=1, score=8.5, time=9.4, pointX=0.625854, pointY=0.492336, distance=3003, color='orange'), ShootingResult(nth=2, score=7.3, time=7.3, pointX=0.651885, pointY=0.608306, distance=2996, color='orange'), ShootingResult(nth=3, score=8.3, time=5.9, pointX=0.611922, pointY=0.42811, distance=3001, color='orange'), ShootingResult(nth=4, score=8.9, time=12.0, pointX=0.60208, pointY=0.51844, distance=3008, color='orange'), ShootingResult(nth=5, score=9.3, time=13.0, pointX=0.571673, pointY=0.461474, distance=2991, color='red'), ShootingResult(nth=6, score=8.8, time=3.8, pointX=0.578761, pointY=0.57391, distance=2995, color='orange'), ShootingResult(nth=7, score=6.3, time=3.7, pointX=0.704296, pointY=0.375719, distance=2989, color='green'), ShootingResult(nth=8, score=9.5, time=7.1, pointX=0.571969, pointY=0.505016, distance=2994, color='red'), ShootingResult(nth=9, score=6.6, time=8.2, pointX=0.720616, pointY=0.51098, distance=2982, color='green'), ShootingResult(nth=10, score=8.2, time=22.4, pointX=0.498309, pointY=0.359699, distance=2977, color='orange')]",10,"[0.6070009999999999, 0.498676]",0.08442291030592605,"[0.06279029723333059, 0.07534188689965232]",0.0317869221136486,입문
20250117-ec179512-2af4-4fb0-bbd9-c96c948d8f48,"[ShootingResult(nth=1, score=5.6, time=1.2, pointX=0.454536, pointY=0.769874, distance=0, color='green'), ShootingResult(nth=2, score=1.9, time=2.3, pointX=0.0645768, pointY=0.336745, distance=0, color='blue'), ShootingResult(nth=3, score=7.8, time=2.4, pointX=0.341928, pointY=0.469497, distance=0, color='orange'), ShootingResult(nth=4, score=6.4, time=3.1, pointX=0.428349, pointY=0.27753, distance=0, color='green'), ShootingResult(nth=5, score=3.3, time=2.0, pointX=0.342477, pointY=0.142005, distance=0, color='blue'), ShootingResult(nth=6, score=2.4, time=2.3, pointX=0.566944, pointY=0.0683727, distance=0, color='blue'), ShootingResult(nth=7, score=5.4, time=1.8, pointX=0.23063, pointY=0.412748, distance=0, color='green'), ShootingResult(nth=8, score=1.9, time=1.6, pointX=0.515205, pointY=0.0344603, distance=0, color='blue'), ShootingResult(nth=9, score=1.9, time=2.4, pointX=0.706022, pointY=0.0834245, distance=0, color='blue'), ShootingResult(nth=10, score=4.5, time=4.9, pointX=0.28212, pointY=0.249731, distance=0, color='blue')]",10,"[0.385413, 0.2636305]",0.24414362472571577,"[0.17317329929014924, 0.21452584209507372]",0.11414719099580192,입문
20250117-46d9d480-0463-49cd-85ef-6d3dc60d4d1f,"[ShootingResult(nth=1, score=3.8, time=3.7, pointX=0.691828, pointY=0.810977, distance=3137, color='blue'), ShootingResult(nth=2, score=1.0, time=2.0, pointX=0.229735, pointY=0.0699902, distance=3120, color='blue'), ShootingResult(nth=3, score=5.5, time=10.6, pointX=0.263729, pointY=0.351647, distance=3163, color='green'), ShootingResult(nth=4, score=5.5, time=8.3, pointX=0.446986, pointY=0.226789, distance=3171, color='green'), ShootingResult(nth=5, score=9.4, time=14.0, pointX=0.488649, pointY=0.57905, distance=3187, color='red'), ShootingResult(nth=6, score=4.2, time=1.4, pointX=0.220524, pointY=0.702422, distance=3169, color='blue'), ShootingResult(nth=7, score=3.3, time=2.3, pointX=0.11, pointY=0.484539, distance=3144, color='blue'), ShootingResult(nth=8, score=7.7, time=8.6, pointX=0.629022, pointY=0.602237, distance=3145, color='orange'), ShootingResult(nth=9, score=0.0, time=0.5, pointX=1.15483, pointY=0.172291, distance=3082, color='blue'), ShootingResult(nth=10, score=0.0, time=6.7, pointX=-0.0112729, pointY=0.702973, distance=3092, color='blue')]",10,"[0.3553575, 0.5317945]",0.3608932010472546,"[0.3233337836216329, 0.239989226966532]",0.16046022200193658,입문
20250117-fe6de4d6-2c6f-4b7b-ab34-842eb3b29513,"[ShootingResult(nth=1, score=0.0, time=4.6, pointX=0.630753, pointY=-0.0178198, distance=0, color='blue'), ShootingResult(nth=2, score=6.6, time=7.1, pointX=0.519855, pointY=0.276515, distance=0, color='green'), ShootingResult(nth=3, score=4.7, time=0.6, pointX=0.448886, pointY=0.185358, distance=0, color='blue'), ShootingResult(nth=4, score=1.3, time=3.3, pointX=0.872237, pointY=0.176124, distance=0, color='blue'), ShootingResult(nth=5, score=8.1, time=1.6, pointX=0.548057, pointY=0.362433, distance=0, color='orange'), ShootingResult(nth=6, score=2.0, time=3.0, pointX=0.517686, pointY=0.0424747, distance=0, color='blue'), ShootingResult(nth=7, score=5.5, time=0.7, pointX=0.556943, pointY=0.770708, distance=0, color='green'), ShootingResult(nth=8, score=7.5, time=0.2, pointX=0.444992, pointY=0.33239, distance=0, color='orange'), ShootingResult(nth=9, score=0.0, time=0.6, pointX=0.782629, pointY=-0.000854947, distance=0, color='blue'), ShootingResult(nth=10, score=4.6, time=0.9, pointX=0.808403, pointY=0.609866, distance=0, color='blue')]",10,"[0.5525, 0.2309365]",0.2549141512584252,"[0.14654559869163591, 0.24545982365481447]",0.10578039522780652,입문
20250117-f52663f9-f566-4438-b8da-c0a2db24974b,"[ShootingResult(nth=1, score=9.7, time=4.8, pointX=0.554722, pointY=0.528327, distance=0, color='red'), ShootingResult(nth=2, score=9.3, time=8.4, pointX=0.432066, pointY=0.449817, distance=0, color='red'), ShootingResult(nth=3, score=8.6, time=11.0, pointX=0.542539, pointY=0.389802, distance=0, color='orange'), ShootingResult(nth=4, score=9.7, time=7.2, pointX=0.520388, pointY=0.560022, distance=0, color='red'), ShootingResult(nth=5, score=10.0, time=12.4, pointX=0.501551, pointY=0.450317, distance=0, color='red'), ShootingResult(nth=6, score=8.7, time=9.2, pointX=0.486243, pointY=0.38568, distance=0, color='orange'), ShootingResult(nth=7, score=8.2, time=12.2, pointX=0.512684, pointY=0.359285, distance=0, color='orange'), ShootingResult(nth=8, score=7.5, time=13.0, pointX=0.410939, pointY=0.348596, distance=0, color='orange'), ShootingResult(nth=9, score=8.6, time=15.9, pointX=0.47604, pointY=0.381667, distance=0, color='orange'), ShootingResult(nth=10, score=9.8, time=13.1, pointX=0.451187, pointY=0.527917, distance=0, color='red')]",10,"[0.493897, 0.4198095]",0.07904647745651526,"[0.0445304257928217, 0.07338086312111625]",0.04056146412838163,입문
20250117-c28cabe6-5b14-4b24-a854-ffab597ea8c9,"[ShootingResult(nth=1, score=7.4, time=6.3, pointX=0.627942, pointY=0.372199, distance=3216, color='orange'), ShootingResult(nth=2, score=7.0, time=4.1, pointX=0.683937, pointY=0.586848, distance=3184, color='orange'), ShootingResult(nth=3, score=5.3, time=6.2, pointX=0.371239, pointY=0.242837, distance=3197, color='green'), ShootingResult(nth=4, score=8.2, time=7.0, pointX=0.505918, pointY=0.361245, distance=3207, color='orange'), ShootingResult(nth=5, score=7.6, time=14.8, pointX=0.592884, pointY=0.358484, distance=3184, color='orange'), ShootingResult(nth=6, score=4.7, time=6.0, pointX=0.508476, pointY=0.182681, distance=3198, color='blue'), ShootingResult(nth=7, score=7.4, time=5.3, pointX=0.367662, pointY=0.621138, distance=3193, color='orange'), ShootingResult(nth=8, score=6.6, time=4.3, pointX=0.436822, pointY=0.286251, distance=3200, color='green'), ShootingResult(nth=9, score=3.6, time=4.4, pointX=0.697444, pointY=0.178379, distance=3194, color='blue'), ShootingResult(nth=10, score=4.3, time=5.5, pointX=0.692237, pointY=0.220961, distance=3201, color='blue')]",10,"[0.5506800000000001, 0.32236750000000003]",0.16946800900398737,"[0.12226190746544893, 0.14804075312902862]",0.07726946785189293,입문
20250117-d83b9728-04e8-471f-b6c7-15772a925ccc,"[ShootingResult(nth=1, score=9.3, time=7.2, pointX=0.57642, pointY=0.47041, distance=2974, color='red'), ShootingResult(nth=2, score=8.2, time=6.2, pointX=0.631385, pointY=0.448194, distance=2965, color='orange'), ShootingResult(nth=3, score=8.4, time=5.6, pointX=0.625301, pointY=0.466358, distance=2965, color='orange'), ShootingResult(nth=4, score=10.2, time=6.6, pointX=0.462262, pointY=0.485062, distance=2969, color='red'), ShootingResult(nth=5, score=9.6, time=5.4, pointX=0.525309, pointY=0.56351, distance=2963, color='red'), ShootingResult(nth=6, score=10.0, time=7.1, pointX=0.529763, pointY=0.463691, distance=2976, color='red'), ShootingResult(nth=7, score=9.6, time=5.2, pointX=0.431051, pointY=0.486334, distance=2970, color='red'), ShootingResult(nth=8, score=9.4, time=8.9, pointX=0.57587, pointY=0.474959, distance=2978, color='red'), ShootingResult(nth=9, score=7.4, time=9.3, pointX=0.519061, pointY=0.321499, distance=2990, color='orange'), ShootingResult(nth=10, score=9.0, time=4.9, pointX=0.589364, pointY=0.540908, distance=2980, color='red')]",10,"[0.5528165, 0.4726845]",0.07678093677012976,"[0.062383268156133015, 0.06068592791125469]",0.0353273048254939,입문
20250117-70d18e12-06c5-4416-83e1-40576e482242,"[ShootingResult(nth=1, score=6.1, time=10.4, pointX=0.277517, pointY=0.38616, distance=0, color='green'), ShootingResult(nth=2, score=4.5, time=2.3, pointX=0.38463, pointY=0.190791, distance=0, color='blue'), ShootingResult(nth=3, score=4.9, time=2.3, pointX=0.369932, pointY=0.219358, distance=0, color='blue'), ShootingResult(nth=4, score=6.4, time=4.4, pointX=0.346711, pointY=0.327313, distance=0, color='green'), ShootingResult(nth=5, score=4.2, time=1.7, pointX=0.157152, pointY=0.541852, distance=0, color='blue'), ShootingResult(nth=6, score=3.0, time=4.7, pointX=0.892685, pointY=0.398104, distance=0, color='blue'), ShootingResult(nth=7, score=5.5, time=2.0, pointX=0.769494, pointY=0.565098, distance=0, color='green'), ShootingResult(nth=8, score=1.1, time=1.3, pointX=-0.00425646, pointY=0.489137, distance=0, color='blue'), ShootingResult(nth=9, score=9.0, time=5.8, pointX=0.600541, pointY=0.496334, distance=0, color='red'), ShootingResult(nth=10, score=8.0, time=3.5, pointX=0.632108, pointY=0.427443, distance=0, color='orange')]",10,"[0.377281, 0.4127735]",0.2683962629459467,"[0.26392126146170913, 0.12126978498455418]",0.13927720226656673,입문
20250117-8bbddaab-7b04-4f51-a08d-53ba689a4904,"[ShootingResult(nth=1, score=8.9, time=15.2, pointX=0.600514, pointY=0.485238, distance=0, color='gray'), ShootingResult(nth=2, score=10.0, time=34.2, pointX=0.509244, pointY=0.545749, distance=0, color='red'), ShootingResult(nth=3, score=7.6, time=5.0, pointX=0.391944, pointY=0.368187, distance=0, color='orange'), ShootingResult(nth=4, score=10.5, time=6.3, pointX=0.505131, pointY=0.529585, distance=3271, color='red'), ShootingResult(nth=5, score=9.3, time=7.2, pointX=0.475577, pointY=0.582206, distance=0, color='red'), ShootingResult(nth=6, score=9.2, time=3.7, pointX=0.551495, pointY=0.428316, distance=3025, color='red'), ShootingResult(nth=7, score=8.5, time=7.5, pointX=0.495945, pointY=0.375148, distance=3766, color='orange'), ShootingResult(nth=8, score=5.6, time=5.4, pointX=0.724617, pointY=0.652978, distance=0, color='green'), ShootingResult(nth=9, score=4.7, time=6.9, pointX=0.513191, pointY=0.178021, distance=0, color='gray'), ShootingResult(nth=10, score=7.2, time=11.2, pointX=0.496555, pointY=0.311181, distance=3992, color='orange')]",10,"[0.5071875, 0.456777]",0.13868433583313733,"[0.08295385419985014, 0.13462661432008902]",0.05952734658978888,입문
20250117-850a7eff-6425-4b3c-8f2d-281da09e0f2b,"[ShootingResult(nth=1, score=9.9, time=0.9, pointX=0.447213, pointY=0.508224, distance=3086, color='red'), ShootingResult(nth=2, score=6.5, time=1.3, pointX=0.697074, pointY=0.610129, distance=3093, color='green'), ShootingResult(nth=3, score=9.5, time=0.2, pointX=0.425276, pointY=0.499483, distance=3062, color='red'), ShootingResult(nth=4, score=7.3, time=3.9, pointX=0.451426, pointY=0.677617, distance=3056, color='orange'), ShootingResult(nth=5, score=10.2, time=0.7, pointX=0.533014, pointY=0.525279, distance=3053, color='red'), ShootingResult(nth=6, score=8.7, time=1.3, pointX=0.48803, pointY=0.613892, distance=3068, color='orange'), ShootingResult(nth=7, score=8.3, time=1.1, pointX=0.525341, pointY=0.630691, distance=3062, color='orange'), ShootingResult(nth=8, score=9.6, time=3.0, pointX=0.454691, pointY=0.451006, distance=3056, color='red'), ShootingResult(nth=9, score=8.8, time=1.1, pointX=0.53926, pointY=0.602142, distance=3053, color='orange'), ShootingResult(nth=10, score=9.8, time=2.6, pointX=0.461981, pointY=0.540548, distance=3021, color='red')]",10,"[0.47500549999999997, 0.571345]",0.09137675911432898,"[0.075118899321276, 0.0674408188509748]",0.040213314023992315,입문
20250117-0deaf2d5-0f8b-4009-82f6-ae8d37a2a009,"[ShootingResult(nth=1, score=8.1, time=1.8, pointX=0.643084, pointY=0.492613, distance=2971, color='orange'), ShootingResult(nth=2, score=8.4, time=2.9, pointX=0.579046, pointY=0.602966, distance=2960, color='orange'), ShootingResult(nth=3, score=5.0, time=1.4, pointX=0.488543, pointY=0.196235, distance=2976, color='green'), ShootingResult(nth=4, score=7.4, time=6.9, pointX=0.578202, pointY=0.335346, distance=2955, color='orange'), ShootingResult(nth=5, score=9.4, time=2.3, pointX=0.430351, pointY=0.530088, distance=2945, color='gray'), ShootingResult(nth=6, score=8.2, time=4.9, pointX=0.575026, pointY=0.618054, distance=2943, color='gray'), ShootingResult(nth=7, score=10.4, time=1.6, pointX=0.467228, pointY=0.509334, distance=2941, color='gray'), ShootingResult(nth=8, score=7.7, time=2.4, pointX=0.415607, pointY=0.643917, distance=2955, color='orange'), ShootingResult(nth=9, score=8.7, time=9.5, pointX=0.615888, pointY=0.505613, distance=2960, color='orange'), ShootingResult(nth=10, score=8.9, time=8.4, pointX=0.517639, pointY=0.398298, distance=2959, color='orange')]",10,"[0.5463325, 0.5074734999999999]",0.13733961021732383,"[0.07465737759953801, 0.13162443253985942]",0.06764954201206548,입문
20250117-a9b3d0b6-9ed7-43ca-94d8-442fcad33944,"[ShootingResult(nth=1, score=9.9, time=1.5, pointX=0.446536, pointY=0.509792, distance=3188, color='red'), ShootingResult(nth=2, score=7.9, time=2.2, pointX=0.592634, pointY=0.377612, distance=3187, color='orange'), ShootingResult(nth=3, score=7.7, time=9.7, pointX=0.423314, pointY=0.354979, distance=3119, color='orange'), ShootingResult(nth=4, score=9.7, time=5.3, pointX=0.499987, pointY=0.438686, distance=3136, color='red'), ShootingResult(nth=5, score=9.5, time=2.8, pointX=0.493177, pointY=0.571386, distance=3145, color='red'), ShootingResult(nth=6, score=8.3, time=2.5, pointX=0.506035, pointY=0.365233, distance=3137, color='orange'), ShootingResult(nth=7, score=10.2, time=1.7, pointX=0.523681, pointY=0.53236, distance=3130, color='red'), ShootingResult(nth=8, score=9.1, time=1.4, pointX=0.480765, pointY=0.408463, distance=3129, color='red'), ShootingResult(nth=9, score=7.0, time=1.6, pointX=0.66809, pointY=0.387972, distance=3124, color='orange'), ShootingResult(nth=10, score=9.0, time=14.3, pointX=0.403945, pointY=0.474348, distance=3115, color='red')]",10,"[0.49658199999999997, 0.4235745]",0.09437713936244001,"[0.07461173606906624, 0.07225934190878021]",0.04666776884246168,입문
20250117-0df64664-7aa1-4247-8d70-37ab8c9cd94b,"[ShootingResult(nth=1, score=4.5, time=6.4, pointX=0.8134, pointY=0.396453, distance=0, color='blue'), ShootingResult(nth=2, score=0.0, time=3.5, pointX=0.241134, pointY=0.0237736, distance=0, color='blue'), ShootingResult(nth=3, score=6.8, time=2.5, pointX=0.343557, pointY=0.360017, distance=0, color='green'), ShootingResult(nth=4, score=7.0, time=1.7, pointX=0.542522, pointY=0.30114, distance=0, color='orange'), ShootingResult(nth=5, score=6.4, time=5.1, pointX=0.732977, pointY=0.511295, distance=0, color='green'), ShootingResult(nth=6, score=5.1, time=4.4, pointX=0.656733, pointY=0.24421, distance=0, color='green'), ShootingResult(nth=7, score=6.7, time=1.4, pointX=0.364319, pointY=0.33358, distance=0, color='green'), ShootingResult(nth=8, score=3.4, time=2.4, pointX=0.864339, pointY=0.630853, distance=0, color='blue'), ShootingResult(nth=9, score=5.7, time=2.9, pointX=0.646085, pointY=0.277357, distance=0, color='green'), ShootingResult(nth=10, score=9.7, time=6.6, pointX=0.440841, pointY=0.483279, distance=0, color='red')]",10,"[0.5943035, 0.3467985]",0.2272925778856813,"[0.20115429014318834, 0.15813956910248111]",0.10571784870088119,입문
20250117-44c2685a-6ab1-4a50-b097-ee4563c4c68c,"[ShootingResult(nth=1, score=9.1, time=8.4, pointX=0.422373, pointY=0.556076, distance=0, color='red'), ShootingResult(nth=2, score=10.2, time=9.9, pointX=0.48179, pointY=0.461817, distance=0, color='red'), ShootingResult(nth=3, score=10.8, time=9.5, pointX=0.480927, pointY=0.506308, distance=0, color='red'), ShootingResult(nth=4, score=9.4, time=8.0, pointX=0.476794, pointY=0.426378, distance=0, color='red'), ShootingResult(nth=5, score=10.2, time=7.5, pointX=0.5223, pointY=0.465181, distance=0, color='red'), ShootingResult(nth=6, score=10.8, time=7.6, pointX=0.479958, pointY=0.501298, distance=0, color='red'), ShootingResult(nth=7, score=9.0, time=6.6, pointX=0.471012, pointY=0.594863, distance=0, color='red'), ShootingResult(nth=8, score=10.1, time=8.3, pointX=0.456467, pointY=0.496443, distance=0, color='red'), ShootingResult(nth=9, score=10.1, time=5.8, pointX=0.512526, pointY=0.457979, distance=0, color='red'), ShootingResult(nth=10, score=9.7, time=2.9, pointX=0.495789, pointY=0.562195, distance=0, color='red')]",10,"[0.4804425, 0.4988705]",0.04925219155918836,"[0.026582557774601, 0.050833727305402275]",0.019570715411310956,입문
20250117-ec5b26b6-9024-45c1-8f26-4320f24a6272,"[ShootingResult(nth=1, score=9.0, time=9.6, pointX=0.572304, pointY=0.431046, distance=0, color='red'), ShootingResult(nth=2, score=7.9, time=11.7, pointX=0.652085, pointY=0.514349, distance=0, color='orange'), ShootingResult(nth=3, score=8.5, time=9.5, pointX=0.586688, pointY=0.407727, distance=0, color='orange'), ShootingResult(nth=4, score=9.3, time=11.2, pointX=0.573213, pointY=0.460795, distance=0, color='red'), ShootingResult(nth=5, score=9.9, time=8.0, pointX=0.461673, pointY=0.463485, distance=0, color='red'), ShootingResult(nth=6, score=8.8, time=5.9, pointX=0.488209, pointY=0.389666, distance=0, color='orange'), ShootingResult(nth=7, score=10.0, time=5.6, pointX=0.521158, pointY=0.458033, distance=0, color='red'), ShootingResult(nth=8, score=10.6, time=7.0, pointX=0.502054, pointY=0.526894, distance=0, color='red'), ShootingResult(nth=9, score=9.9, time=6.7, pointX=0.515458, pointY=0.551293, distance=0, color='red'), ShootingResult(nth=10, score=10.4, time=6.2, pointX=0.512153, pointY=0.530831, distance=0, color='red')]",10,"[0.518308, 0.46214]",0.07132750944626357,"[0.05371877233751717, 0.052455306090899906]",0.03839721280937944,입문
20250117-d2cc5879-1058-48d4-93b0-b6ef34f1d18f,"[ShootingResult(nth=1, score=9.2, time=10.3, pointX=0.527332, pointY=0.582096, distance=0, color='red'), ShootingResult(nth=2, score=9.6, time=16.9, pointX=0.438464, pointY=0.527266, distance=0, color='red'), ShootingResult(nth=3, score=10.3, time=4.0, pointX=0.515519, pointY=0.46594, distance=3822, color='red'), ShootingResult(nth=4, score=5.0, time=12.4, pointX=0.318746, pointY=0.252759, distance=3822, color='green'), ShootingResult(nth=5, score=9.2, time=18.6, pointX=0.533347, pointY=0.417532, distance=3790, color='red'), ShootingResult(nth=6, score=9.3, time=6.3, pointX=0.579007, pointY=0.46723, distance=3112, color='red'), ShootingResult(nth=7, score=6.2, time=8.8, pointX=0.51213, pointY=0.255705, distance=0, color='green'), ShootingResult(nth=8, score=7.0, time=15.9, pointX=0.650721, pointY=0.632691, distance=3096, color='orange'), ShootingResult(nth=9, score=9.6, time=2.8, pointX=0.564419, pointY=0.489248, distance=3125, color='red'), ShootingResult(nth=10, score=8.0, time=8.6, pointX=0.405466, pointY=0.386607, distance=0, color='gray')]",10,"[0.5214255, 0.466585]",0.1238121137027155,"[0.08984891653932173, 0.11855867487805351]",0.03754582189348185,입문
20250117-1665093e-5c86-44a5-9fbc-f11551a9d4e9,"[ShootingResult(nth=1, score=9.1, time=23.4, pointX=0.404968, pointY=0.495626, distance=0, color='red'), ShootingResult(nth=2, score=8.2, time=8.7, pointX=0.529783, pointY=0.363521, distance=0, color='orange'), ShootingResult(nth=3, score=9.7, time=6.0, pointX=0.456802, pointY=0.453448, distance=0, color='red'), ShootingResult(nth=4, score=10.1, time=8.6, pointX=0.49853, pointY=0.545738, distance=0, color='red'), ShootingResult(nth=5, score=9.1, time=13.3, pointX=0.509401, pointY=0.407815, distance=0, color='red'), ShootingResult(nth=6, score=9.9, time=10.3, pointX=0.532178, pointY=0.457989, distance=0, color='red'), ShootingResult(nth=7, score=8.8, time=9.8, pointX=0.47876, pointY=0.393365, distance=0, color='orange'), ShootingResult(nth=8, score=10.6, time=8.3, pointX=0.4878, pointY=0.522043, distance=0, color='red'), ShootingResult(nth=9, score=8.2, time=8.0, pointX=0.372661, pointY=0.445782, distance=0, color='orange'), ShootingResult(nth=10, score=9.0, time=9.5, pointX=0.519592, pointY=0.40341, distance=0, color='red')]",10,"[0.49316499999999996, 0.449615]",0.07151013637959805,"[0.050714012979155974, 0.05581653177339129]",0.04369736847398885,입문
20250117-08332c44-a3a8-40dd-83df-f63831768753,"[ShootingResult(nth=1, score=8.9, time=1.6, pointX=0.398987, pointY=0.486399, distance=0, color='orange'), ShootingResult(nth=2, score=8.4, time=14.2, pointX=0.379893, pointY=0.544516, distance=0, color='orange'), ShootingResult(nth=3, score=9.9, time=7.6, pointX=0.482247, pointY=0.451464, distance=0, color='red'), ShootingResult(nth=4, score=10.9, time=5.6, pointX=0.491227, pointY=0.49526, distance=0, color='red'), ShootingResult(nth=5, score=8.9, time=4.9, pointX=0.599033, pointY=0.527787, distance=0, color='orange'), ShootingResult(nth=6, score=10.7, time=4.6, pointX=0.486015, pointY=0.484747, distance=0, color='red'), ShootingResult(nth=7, score=8.3, time=7.1, pointX=0.466452, pointY=0.371855, distance=0, color='orange'), ShootingResult(nth=8, score=10.0, time=5.7, pointX=0.525941, pointY=0.540195, distance=0, color='red'), ShootingResult(nth=9, score=9.9, time=4.9, pointX=0.457955, pointY=0.53385, distance=0, color='red'), ShootingResult(nth=10, score=10.7, time=14.5, pointX=0.480201, pointY=0.511061, distance=0, color='red')]",10,"[0.481224, 0.5031605]",0.06338837893053428,"[0.05796385066651456, 0.04957328878176231]",0.019911936862340635,입문
20250117-1c1bdfdc-a01b-4eba-9a99-5eb515186f98,"[ShootingResult(nth=1, score=6.8, time=6.1, pointX=0.322102, pointY=0.385366, distance=3204, color='green'), ShootingResult(nth=2, score=9.0, time=4.0, pointX=0.58946, pointY=0.537927, distance=3125, color='red'), ShootingResult(nth=3, score=7.5, time=2.8, pointX=0.65419, pointY=0.413376, distance=3131, color='orange'), ShootingResult(nth=4, score=8.3, time=2.4, pointX=0.619939, pointY=0.441198, distance=3144, color='orange'), ShootingResult(nth=5, score=9.4, time=1.6, pointX=0.572612, pointY=0.529162, distance=3161, color='red'), ShootingResult(nth=6, score=6.9, time=2.4, pointX=0.337364, pointY=0.369349, distance=3151, color='green'), ShootingResult(nth=7, score=7.1, time=17.7, pointX=0.604198, pointY=0.336275, distance=3155, color='orange'), ShootingResult(nth=8, score=7.8, time=0.6, pointX=0.617336, pointY=0.610402, distance=3131, color='orange'), ShootingResult(nth=9, score=9.8, time=1.7, pointX=0.539286, pointY=0.543799, distance=3128, color='red'), ShootingResult(nth=10, score=10.0, time=2.5, pointX=0.547177, pointY=0.485056, distance=3121, color='red')]",10,"[0.581036, 0.46312699999999996]",0.12182291688602861,"[0.11028745966808738, 0.08513542028204243]",0.04290006260300257,입문
20250117-77f721cd-f15e-4037-b904-871af3e842e3,"[ShootingResult(nth=1, score=9.6, time=6.6, pointX=0.564238, pointY=0.513855, distance=0, color='red'), ShootingResult(nth=2, score=8.8, time=18.3, pointX=0.60559, pointY=0.465403, distance=0, color='orange'), ShootingResult(nth=3, score=10.9, time=9.6, pointX=0.487824, pointY=0.492899, distance=0, color='red'), ShootingResult(nth=4, score=10.5, time=8.1, pointX=0.508916, pointY=0.526658, distance=0, color='red'), ShootingResult(nth=5, score=10.9, time=9.0, pointX=0.498592, pointY=0.483985, distance=0, color='red'), ShootingResult(nth=6, score=9.5, time=7.4, pointX=0.568834, pointY=0.474574, distance=0, color='red'), ShootingResult(nth=7, score=10.0, time=8.1, pointX=0.531637, pointY=0.46326, distance=0, color='red'), ShootingResult(nth=8, score=10.3, time=9.2, pointX=0.493344, pointY=0.46292, distance=0, color='red'), ShootingResult(nth=9, score=9.7, time=7.1, pointX=0.552855, pointY=0.536873, distance=0, color='red'), ShootingResult(nth=10, score=10.2, time=5.2, pointX=0.470896, pointY=0.528026, distance=0, color='red')]",10,"[0.5202765, 0.488442]",0.04707974851407612,"[0.04115351459401735, 0.027671407235809308]",0.02843153981186168,입문
20250117-7cc94ddc-dc12-45c2-a359-69d8976a9068,"[ShootingResult(nth=1, score=9.8, time=7.2, pointX=0.449977, pointY=0.473339, distance=0, color='red'), ShootingResult(nth=2, score=10.9, time=12.3, pointX=0.506421, pointY=0.51357, distance=0, color='red'), ShootingResult(nth=3, score=9.6, time=9.3, pointX=0.444961, pointY=0.459664, distance=0, color='red'), ShootingResult(nth=4, score=9.8, time=6.4, pointX=0.446116, pointY=0.512264, distance=0, color='red'), ShootingResult(nth=5, score=9.9, time=5.1, pointX=0.553619, pointY=0.49184, distance=0, color='red'), ShootingResult(nth=6, score=10.0, time=4.6, pointX=0.454776, pointY=0.482292, distance=0, color='red'), ShootingResult(nth=7, score=10.4, time=9.7, pointX=0.531831, pointY=0.495294, distance=0, color='red'), ShootingResult(nth=8, score=9.4, time=6.9, pointX=0.419794, pointY=0.499162, distance=0, color='red'), ShootingResult(nth=9, score=10.1, time=4.9, pointX=0.454679, pointY=0.495197, distance=0, color='red'), ShootingResult(nth=10, score=9.7, time=5.0, pointX=0.469323, pointY=0.554847, distance=0, color='red')]",10,"[0.4547275, 0.4952455]",0.04188224508022753,"[0.04077795280552961, 0.02460865209413144]",0.01255752522240525,입문
20250117-ddd6530d-23da-4241-bb53-aedb72fd7b00,"[ShootingResult(nth=1, score=7.2, time=9.5, pointX=0.536741, pointY=0.685644, distance=0, color='orange'), ShootingResult(nth=2, score=9.0, time=7.4, pointX=0.445506, pointY=0.420267, distance=0, color='red'), ShootingResult(nth=3, score=9.1, time=7.4, pointX=0.462814, pointY=0.585441, distance=0, color='red'), ShootingResult(nth=4, score=9.3, time=5.0, pointX=0.445654, pointY=0.559939, distance=0, color='red'), ShootingResult(nth=5, score=10.7, time=4.4, pointX=0.478461, pointY=0.495893, distance=0, color='red'), ShootingResult(nth=6, score=10.0, time=5.5, pointX=0.460403, pointY=0.527395, distance=0, color='red'), ShootingResult(nth=7, score=10.7, time=5.4, pointX=0.519908, pointY=0.510152, distance=0, color='red'), ShootingResult(nth=8, score=9.8, time=6.1, pointX=0.542161, pointY=0.542198, distance=0, color='red'), ShootingResult(nth=9, score=7.5, time=3.7, pointX=0.400788, pointY=0.644287, distance=0, color='orange'), ShootingResult(nth=10, score=10.1, time=4.4, pointX=0.46064, pointY=0.520689, distance=0, color='red')]",10,"[0.461727, 0.5347964999999999]",0.06979232731317435,"[0.042610558680214475, 0.07170404604797417]",0.02001501409459311,입문
20250117-4d7998eb-04f7-4fb8-9ded-b84cf34780e5,"[ShootingResult(nth=1, score=9.1, time=10.5, pointX=0.58534, pointY=0.461931, distance=0, color='red'), ShootingResult(nth=2, score=9.6, time=7.1, pointX=0.549644, pointY=0.456964, distance=0, color='red'), ShootingResult(nth=3, score=10.3, time=2.3, pointX=0.494507, pointY=0.464063, distance=3132, color='red'), ShootingResult(nth=4, score=6.2, time=2.4, pointX=0.431167, pointY=0.269832, distance=3111, color='green'), ShootingResult(nth=5, score=8.2, time=11.6, pointX=0.429231, pointY=0.377246, distance=0, color='orange'), ShootingResult(nth=6, score=8.9, time=2.2, pointX=0.522443, pointY=0.601222, distance=3140, color='orange'), ShootingResult(nth=7, score=8.9, time=3.9, pointX=0.548813, pointY=0.405454, distance=0, color='orange'), ShootingResult(nth=8, score=7.6, time=8.3, pointX=0.654308, pointY=0.421444, distance=3821, color='orange'), ShootingResult(nth=9, score=7.9, time=3.9, pointX=0.592242, pointY=0.37726, distance=0, color='orange'), ShootingResult(nth=10, score=8.0, time=11.8, pointX=0.41596, pointY=0.624916, distance=3831, color='orange')]",10,"[0.535628, 0.439204]",0.10710890245381825,"[0.07535937697360562, 0.0997694897930224]",0.04090314979259972,입문
20250117-18aab897-bc7c-4ac2-b4f0-8115b1eef206,"[ShootingResult(nth=1, score=3.3, time=11.0, pointX=0.336343, pointY=0.143856, distance=3225, color='blue'), ShootingResult(nth=2, score=8.5, time=6.5, pointX=0.618216, pointY=0.535618, distance=3184, color='orange'), ShootingResult(nth=3, score=9.0, time=5.1, pointX=0.494461, pointY=0.401874, distance=3226, color='red'), ShootingResult(nth=4, score=8.5, time=3.7, pointX=0.619016, pointY=0.467136, distance=3179, color='orange'), ShootingResult(nth=5, score=7.7, time=16.5, pointX=0.593859, pointY=0.364807, distance=3072, color='orange'), ShootingResult(nth=6, score=10.4, time=6.3, pointX=0.49321, pointY=0.530928, distance=3059, color='red'), ShootingResult(nth=7, score=6.2, time=12.2, pointX=0.326049, pointY=0.670312, distance=3822, color='green'), ShootingResult(nth=8, score=8.6, time=5.8, pointX=0.560335, pointY=0.398012, distance=0, color='orange'), ShootingResult(nth=9, score=8.1, time=10.9, pointX=0.561865, pointY=0.367141, distance=3079, color='orange'), ShootingResult(nth=10, score=10.3, time=4.2, pointX=0.531199, pointY=0.519419, distance=3132, color='red')]",10,"[0.545767, 0.43450500000000003]",0.133513100910045,"[0.10034899527852784, 0.1339321671347477]",0.02742228435562244,입문
20250117-e79ec76e-7dfc-44e1-a03f-4a900a738dda,"[ShootingResult(nth=1, score=6.4, time=2.2, pointX=0.623834, pointY=0.303551, distance=2611, color='green'), ShootingResult(nth=2, score=8.9, time=3.5, pointX=0.422339, pointY=0.568254, distance=2609, color='orange'), ShootingResult(nth=3, score=10.4, time=3.5, pointX=0.476939, pointY=0.475239, distance=2614, color='red'), ShootingResult(nth=4, score=6.2, time=4.0, pointX=0.430307, pointY=0.73298, distance=2614, color='green'), ShootingResult(nth=5, score=7.9, time=4.2, pointX=0.597741, pointY=0.376421, distance=2616, color='orange'), ShootingResult(nth=6, score=10.1, time=3.0, pointX=0.474136, pointY=0.538176, distance=2607, color='red'), ShootingResult(nth=7, score=9.0, time=3.6, pointX=0.430215, pointY=0.428407, distance=2611, color='red'), ShootingResult(nth=8, score=9.4, time=4.1, pointX=0.439551, pointY=0.546218, distance=2615, color='red'), ShootingResult(nth=9, score=9.0, time=7.6, pointX=0.478783, pointY=0.40192, distance=2611, color='red'), ShootingResult(nth=10, score=9.1, time=4.5, pointX=0.408758, pointY=0.479237, distance=2607, color='red')]",10,"[0.4568435, 0.47723800000000005]",0.11054938805549615,"[0.07039205206704802, 0.11399443203775347]",0.03150408751267246,입문
20250117-ba12a84b-3795-4931-a6c6-02364ed12b0c,"[ShootingResult(nth=1, score=9.7, time=1.4, pointX=0.545231, pointY=0.544132, distance=2609, color='red'), ShootingResult(nth=2, score=8.6, time=4.1, pointX=0.508058, pointY=0.379376, distance=2607, color='orange'), ShootingResult(nth=3, score=9.8, time=4.4, pointX=0.556732, pointY=0.490229, distance=2610, color='red'), ShootingResult(nth=4, score=10.1, time=3.9, pointX=0.455562, pointY=0.48979, distance=2614, color='red'), ShootingResult(nth=5, score=8.3, time=4.3, pointX=0.450261, pointY=0.373616, distance=2607, color='orange'), ShootingResult(nth=6, score=10.0, time=3.7, pointX=0.465186, pointY=0.469556, distance=2615, color='red'), ShootingResult(nth=7, score=10.0, time=3.7, pointX=0.456361, pointY=0.484964, distance=2606, color='red'), ShootingResult(nth=8, score=10.5, time=3.8, pointX=0.507421, pointY=0.471353, distance=2610, color='red'), ShootingResult(nth=9, score=9.7, time=4.4, pointX=0.440866, pointY=0.484795, distance=2607, color='red'), ShootingResult(nth=10, score=8.2, time=4.5, pointX=0.400578, pointY=0.600379, distance=2611, color='orange')]",10,"[0.4607735, 0.4848795]",0.0652892096062353,"[0.04665014572153018, 0.06361192647137799]",0.017169987574981796,입문
20250117-e729a398-2a49-49f4-b4b2-52c35f38e281,"[ShootingResult(nth=1, score=10.6, time=1.3, pointX=0.509391, pointY=0.522637, distance=2604, color='red'), ShootingResult(nth=2, score=9.9, time=6.5, pointX=0.547407, pointY=0.518906, distance=2605, color='red'), ShootingResult(nth=3, score=10.2, time=7.2, pointX=0.539595, pointY=0.488512, distance=2605, color='red'), ShootingResult(nth=4, score=9.1, time=5.8, pointX=0.563566, pointY=0.433753, distance=2600, color='red'), ShootingResult(nth=5, score=9.7, time=4.8, pointX=0.550215, pointY=0.541185, distance=2602, color='red'), ShootingResult(nth=6, score=10.3, time=5.4, pointX=0.47295, pointY=0.473452, distance=2601, color='red'), ShootingResult(nth=7, score=9.6, time=5.7, pointX=0.509467, pointY=0.431006, distance=2604, color='red'), ShootingResult(nth=8, score=9.3, time=5.5, pointX=0.541442, pointY=0.428826, distance=2603, color='red'), ShootingResult(nth=9, score=10.6, time=4.4, pointX=0.503523, pointY=0.523762, distance=2605, color='red'), ShootingResult(nth=10, score=10.1, time=5.1, pointX=0.519787, pointY=0.460674, distance=2606, color='red')]",10,"[0.529691, 0.480982]",0.045972218119661526,"[0.02604941846203097, 0.04072532318116089]",0.03044813743969003,입문
20250117-46abe1cd-6a8a-4b95-b61e-c07dbe02f87d,"[ShootingResult(nth=1, score=9.7, time=4.7, pointX=0.562445, pointY=0.484322, distance=2601, color='red'), ShootingResult(nth=2, score=9.5, time=5.3, pointX=0.530828, pointY=0.433683, distance=2601, color='red'), ShootingResult(nth=3, score=9.7, time=4.7, pointX=0.445219, pointY=0.471757, distance=2607, color='red'), ShootingResult(nth=4, score=10.3, time=5.0, pointX=0.514971, pointY=0.533941, distance=2604, color='red'), ShootingResult(nth=5, score=10.3, time=5.7, pointX=0.531209, pointY=0.482078, distance=2602, color='red'), ShootingResult(nth=6, score=8.8, time=4.1, pointX=0.45322, pointY=0.402064, distance=2604, color='orange'), ShootingResult(nth=7, score=10.1, time=4.8, pointX=0.470419, pointY=0.530824, distance=2605, color='red'), ShootingResult(nth=8, score=10.3, time=6.9, pointX=0.524277, pointY=0.525474, distance=2603, color='red'), ShootingResult(nth=9, score=9.4, time=7.1, pointX=0.454872, pointY=0.433097, distance=2601, color='red'), ShootingResult(nth=10, score=10.3, time=5.0, pointX=0.534801, pointY=0.488331, distance=2598, color='red')]",10,"[0.519624, 0.48319999999999996]",0.05452230321229488,"[0.03987442984532819, 0.04256677331076435]",0.027073036503936745,입문
20250117-e85d916f-44a1-4463-896f-5f3170cac56b,"[ShootingResult(nth=1, score=9.9, time=8.3, pointX=0.539635, pointY=0.530465, distance=2598, color='red'), ShootingResult(nth=2, score=9.9, time=5.6, pointX=0.549086, pointY=0.478617, distance=2601, color='red'), ShootingResult(nth=3, score=10.6, time=5.3, pointX=0.514338, pointY=0.521077, distance=2602, color='red'), ShootingResult(nth=4, score=9.9, time=4.4, pointX=0.461307, pointY=0.466778, distance=2600, color='red'), ShootingResult(nth=5, score=9.6, time=4.0, pointX=0.541495, pointY=0.444754, distance=2598, color='red'), ShootingResult(nth=6, score=9.4, time=4.3, pointX=0.481634, pointY=0.426258, distance=2601, color='red'), ShootingResult(nth=7, score=8.5, time=7.6, pointX=0.624894, pointY=0.509807, distance=2598, color='orange'), ShootingResult(nth=8, score=9.8, time=7.4, pointX=0.556466, pointY=0.499152, distance=2600, color='red'), ShootingResult(nth=9, score=9.0, time=7.1, pointX=0.432763, pointY=0.427008, distance=2599, color='red'), ShootingResult(nth=10, score=8.5, time=4.6, pointX=0.470266, pointY=0.379251, distance=2601, color='orange')]",10,"[0.5269865, 0.4726975]",0.06527064541245912,"[0.053832772979292065, 0.04624935419668041]",0.035405829492366356,입문
20250117-9f99c49e-7077-488a-9b10-e9110b806fd2,"[ShootingResult(nth=1, score=10.9, time=1.8, pointX=0.491552, pointY=0.498344, distance=2602, color='red'), ShootingResult(nth=2, score=8.1, time=6.0, pointX=0.544548, pointY=0.361336, distance=2603, color='orange'), ShootingResult(nth=3, score=7.9, time=5.8, pointX=0.447307, pointY=0.355105, distance=2598, color='orange'), ShootingResult(nth=4, score=9.8, time=5.9, pointX=0.465747, pointY=0.455142, distance=2596, color='red'), ShootingResult(nth=5, score=9.3, time=4.0, pointX=0.580992, pointY=0.523817, distance=2600, color='red'), ShootingResult(nth=6, score=9.7, time=3.9, pointX=0.449794, pointY=0.535307, distance=2601, color='red'), ShootingResult(nth=7, score=10.9, time=4.7, pointX=0.513757, pointY=0.498695, distance=2601, color='red'), ShootingResult(nth=8, score=10.1, time=14.7, pointX=0.509471, pointY=0.541751, distance=2600, color='red'), ShootingResult(nth=9, score=9.3, time=4.7, pointX=0.430744, pointY=0.456568, distance=2600, color='red'), ShootingResult(nth=10, score=9.6, time=3.7, pointX=0.470186, pointY=0.436703, distance=2601, color='red')]",10,"[0.480869, 0.477456]",0.0691679091270022,"[0.04486709643781286, 0.06349506897043265]",0.030742893179071043,입문
20250118-1256f7ff-d0cb-4981-a7e5-885cdca35018,"[ShootingResult(nth=1, score=8.3, time=2.5, pointX=0.523455, pointY=0.365834, distance=2617, color='orange'), ShootingResult(nth=2, score=7.7, time=2.6, pointX=0.492237, pointY=0.332223, distance=2618, color='orange'), ShootingResult(nth=3, score=6.2, time=4.4, pointX=0.271481, pointY=0.410852, distance=2614, color='green'), ShootingResult(nth=4, score=7.2, time=3.6, pointX=0.562525, pointY=0.680224, distance=2616, color='orange'), ShootingResult(nth=5, score=5.1, time=2.5, pointX=0.43195, pointY=0.210137, distance=2617, color='green'), ShootingResult(nth=6, score=7.5, time=2.6, pointX=0.668887, pointY=0.448886, distance=2620, color='orange'), ShootingResult(nth=7, score=9.2, time=3.9, pointX=0.508471, pointY=0.411917, distance=2620, color='red'), ShootingResult(nth=8, score=8.9, time=4.4, pointX=0.417473, pointY=0.564194, distance=2618, color='orange'), ShootingResult(nth=9, score=8.3, time=5.5, pointX=0.383882, pointY=0.436422, distance=2618, color='orange'), ShootingResult(nth=10, score=7.0, time=5.0, pointX=0.334401, pointY=0.380738, distance=2620, color='orange')]",10,"[0.4620935, 0.4113845]",0.1471396682674791,"[0.11011876773720274, 0.12075291497520879]",0.07484202355040538,입문
20250118-0399ef50-766f-46f4-b60a-30dc534eb314,"[ShootingResult(nth=1, score=5.4, time=5.8, pointX=0.567415, pointY=0.2229, distance=2580, color='green'), ShootingResult(nth=2, score=8.5, time=8.1, pointX=0.614322, pointY=0.548056, distance=2582, color='orange'), ShootingResult(nth=3, score=9.8, time=9.6, pointX=0.517227, pointY=0.553698, distance=2583, color='red'), ShootingResult(nth=4, score=0.0, time=7.8, pointX=0.897108, pointY=0.174818, distance=2574, color='blue'), ShootingResult(nth=5, score=2.6, time=12.1, pointX=0.581712, pointY=0.0774451, distance=2580, color='blue'), ShootingResult(nth=6, score=10.0, time=8.9, pointX=0.52613, pointY=0.542391, distance=2579, color='red'), ShootingResult(nth=7, score=7.7, time=14.2, pointX=0.367072, pointY=0.400414, distance=2581, color='orange'), ShootingResult(nth=8, score=4.3, time=7.7, pointX=0.841144, pointY=0.52317, distance=2578, color='green'), ShootingResult(nth=9, score=10.6, time=12.1, pointX=0.52585, pointY=0.50904, distance=2582, color='red'), ShootingResult(nth=10, score=5.3, time=10.6, pointX=0.478357, pointY=0.212872, distance=2579, color='green')]",10,"[0.5467725, 0.454727]",0.21681239328114654,"[0.15303066263272208, 0.17563535435706817]",0.09274143117593658,입문
20250118-05fc9d14-88ac-459e-b8ba-62c200f26a34,"[ShootingResult(nth=1, score=8.4, time=4.7, pointX=0.374581, pointY=0.538823, distance=2561, color='orange'), ShootingResult(nth=2, score=8.4, time=5.4, pointX=0.386624, pointY=0.565852, distance=2553, color='orange'), ShootingResult(nth=3, score=10.2, time=7.8, pointX=0.460925, pointY=0.511986, distance=2556, color='red'), ShootingResult(nth=4, score=10.3, time=7.1, pointX=0.464027, pointY=0.488893, distance=2552, color='red'), ShootingResult(nth=5, score=9.5, time=10.1, pointX=0.505992, pointY=0.428788, distance=2549, color='red'), ShootingResult(nth=6, score=8.9, time=9.0, pointX=0.505973, pointY=0.394428, distance=2552, color='orange'), ShootingResult(nth=7, score=9.0, time=9.7, pointX=0.563324, pointY=0.425327, distance=2552, color='red'), ShootingResult(nth=8, score=10.1, time=4.6, pointX=0.465837, pointY=0.525365, distance=2554, color='red'), ShootingResult(nth=9, score=8.5, time=5.3, pointX=0.525869, pointY=0.37619, distance=2550, color='orange'), ShootingResult(nth=10, score=10.1, time=4.6, pointX=0.470186, pointY=0.466624, distance=2551, color='red')]",10,"[0.4680115, 0.4777585]",0.07165476630840349,"[0.055278810733951224, 0.06105455643799241]",0.030444653770482832,입문
20250118-3317bb80-5a87-4e5c-8727-59cbc507f4d8,"[ShootingResult(nth=1, score=8.5, time=2.8, pointX=0.376751, pointY=0.513941, distance=2586, color='orange'), ShootingResult(nth=2, score=9.1, time=3.4, pointX=0.586117, pointY=0.533676, distance=2584, color='red'), ShootingResult(nth=3, score=7.1, time=3.7, pointX=0.418583, pointY=0.678469, distance=2586, color='orange'), ShootingResult(nth=4, score=9.1, time=5.9, pointX=0.595077, pointY=0.502473, distance=2582, color='red'), ShootingResult(nth=5, score=8.2, time=3.7, pointX=0.382724, pointY=0.577922, distance=2583, color='orange'), ShootingResult(nth=6, score=8.6, time=3.5, pointX=0.41212, pointY=0.420314, distance=2583, color='orange'), ShootingResult(nth=7, score=8.3, time=2.9, pointX=0.626102, pointY=0.551865, distance=2592, color='orange'), ShootingResult(nth=8, score=8.1, time=4.0, pointX=0.51341, pointY=0.356389, distance=2584, color='orange'), ShootingResult(nth=9, score=6.0, time=3.5, pointX=0.616541, pointY=0.277159, distance=2587, color='green'), ShootingResult(nth=10, score=10.4, time=3.0, pointX=0.517195, pointY=0.528193, distance=2579, color='red')]",10,"[0.5153025, 0.521067]",0.13169345731781762,"[0.09461040791266044, 0.10909595355598668]",0.06567937222054347,입문
20250118-1cab3bb3-70d9-4565-a970-ed5c25c286de,"[ShootingResult(nth=1, score=10.5, time=0.9, pointX=0.504227, pointY=0.471816, distance=2619, color='red'), ShootingResult(nth=2, score=9.2, time=5.4, pointX=0.444216, pointY=0.569398, distance=2619, color='red'), ShootingResult(nth=3, score=7.1, time=3.2, pointX=0.407649, pointY=0.672284, distance=2621, color='orange'), ShootingResult(nth=4, score=5.0, time=3.4, pointX=0.336143, pointY=0.241779, distance=2619, color='green'), ShootingResult(nth=5, score=9.6, time=2.3, pointX=0.466657, pointY=0.556276, distance=2619, color='red'), ShootingResult(nth=6, score=8.8, time=2.9, pointX=0.401327, pointY=0.549532, distance=2621, color='orange'), ShootingResult(nth=7, score=3.8, time=8.9, pointX=0.571769, pointY=0.141122, distance=2619, color='blue'), ShootingResult(nth=8, score=8.1, time=2.9, pointX=0.644139, pointY=0.493936, distance=2618, color='orange'), ShootingResult(nth=9, score=8.5, time=3.8, pointX=0.457806, pointY=0.384174, distance=2623, color='orange'), ShootingResult(nth=10, score=7.9, time=4.8, pointX=0.346571, pointY=0.527087, distance=2618, color='orange')]",10,"[0.451011, 0.5105115]",0.1511083430949364,"[0.0911074120861744, 0.15334832436658705]",0.043827155006096755,입문
20250118-b06414cb-0844-4f36-a177-a3092ae6f47f,"[ShootingResult(nth=1, score=9.3, time=1.8, pointX=0.51758, pointY=0.579589, distance=2552, color='red'), ShootingResult(nth=2, score=10.3, time=5.7, pointX=0.471297, pointY=0.52396, distance=2555, color='red'), ShootingResult(nth=3, score=8.3, time=5.8, pointX=0.414971, pointY=0.605462, distance=2553, color='orange'), ShootingResult(nth=4, score=6.4, time=7.5, pointX=0.277468, pointY=0.569399, distance=2553, color='green'), ShootingResult(nth=5, score=7.6, time=3.2, pointX=0.664869, pointY=0.460993, distance=2552, color='orange'), ShootingResult(nth=6, score=6.9, time=7.9, pointX=0.444472, pointY=0.299482, distance=2555, color='green'), ShootingResult(nth=7, score=7.2, time=3.6, pointX=0.336137, pointY=0.403066, distance=2556, color='orange'), ShootingResult(nth=8, score=10.6, time=7.2, pointX=0.51881, pointY=0.518647, distance=2553, color='red'), ShootingResult(nth=9, score=9.7, time=18.1, pointX=0.447933, pointY=0.539287, distance=2553, color='red'), ShootingResult(nth=10, score=8.0, time=8.3, pointX=0.358771, pointY=0.454557, distance=2556, color='orange')]",10,"[0.4462025, 0.5213034999999999]",0.11935255099435574,"[0.1039294643167182, 0.08815943057075629]",0.04865576945347008,입문
20250118-949578b7-9241-4784-b080-133632b2c705,"[ShootingResult(nth=1, score=8.7, time=0.5, pointX=0.472434, pointY=0.387306, distance=2619, color='orange'), ShootingResult(nth=2, score=9.1, time=2.9, pointX=0.572764, pointY=0.558363, distance=2622, color='red'), ShootingResult(nth=3, score=4.3, time=2.9, pointX=0.485213, pointY=0.16035, distance=2620, color='green'), ShootingResult(nth=4, score=5.7, time=10.8, pointX=0.717521, pointY=0.338563, distance=2617, color='green'), ShootingResult(nth=5, score=7.2, time=2.0, pointX=0.429424, pointY=0.680228, distance=2620, color='orange'), ShootingResult(nth=6, score=9.2, time=2.4, pointX=0.54644, pointY=0.426959, distance=2623, color='red'), ShootingResult(nth=7, score=3.6, time=2.6, pointX=0.592811, pointY=0.137447, distance=2619, color='blue'), ShootingResult(nth=8, score=6.8, time=2.2, pointX=0.404727, pointY=0.309936, distance=2620, color='green'), ShootingResult(nth=9, score=7.3, time=2.6, pointX=0.446021, pointY=0.320086, distance=2623, color='orange'), ShootingResult(nth=10, score=9.6, time=3.2, pointX=0.55409, pointY=0.457455, distance=2622, color='red')]",10,"[0.5158265, 0.3629345]",0.16064219142008268,"[0.08908011463087595, 0.15730462461100755]",0.0761961758986058,입문
20250118-ad56bb34-fed3-421b-941f-ef0bdf324038,"[ShootingResult(nth=1, score=10.3, time=2.6, pointX=0.528748, pointY=0.475467, distance=2586, color='red'), ShootingResult(nth=2, score=7.9, time=2.9, pointX=0.466457, pointY=0.65174, distance=2583, color='orange'), ShootingResult(nth=3, score=7.6, time=2.8, pointX=0.490475, pointY=0.668168, distance=2584, color='orange'), ShootingResult(nth=4, score=9.7, time=4.0, pointX=0.477819, pointY=0.443177, distance=2588, color='red'), ShootingResult(nth=5, score=10.1, time=3.3, pointX=0.543048, pointY=0.49707, distance=2584, color='red'), ShootingResult(nth=6, score=8.8, time=3.6, pointX=0.391221, pointY=0.522698, distance=2589, color='orange'), ShootingResult(nth=7, score=8.7, time=3.2, pointX=0.447333, pointY=0.395858, distance=2586, color='orange'), ShootingResult(nth=8, score=10.1, time=2.9, pointX=0.522443, pointY=0.538778, distance=2582, color='red'), ShootingResult(nth=9, score=9.4, time=5.5, pointX=0.531569, pointY=0.4288, distance=2582, color='red'), ShootingResult(nth=10, score=6.5, time=2.3, pointX=0.581786, pointY=0.28878, distance=2586, color='green')]",10,"[0.506459, 0.4862685]",0.10253541657576701,"[0.05210265996942958, 0.10811671770101051]",0.0394217161076125,입문
20250118-b1eaba0d-a484-4869-afd8-362faa5ac2f0,"[ShootingResult(nth=1, score=7.0, time=1.1, pointX=0.343214, pointY=0.373002, distance=2582, color='orange'), ShootingResult(nth=2, score=5.8, time=12.1, pointX=0.363053, pointY=0.272599, distance=2581, color='green'), ShootingResult(nth=3, score=3.6, time=4.7, pointX=0.161701, pointY=0.340436, distance=2577, color='blue'), ShootingResult(nth=4, score=7.4, time=6.6, pointX=0.409536, pointY=0.343575, distance=2582, color='orange'), ShootingResult(nth=5, score=7.3, time=6.2, pointX=0.31745, pointY=0.469908, distance=2580, color='orange'), ShootingResult(nth=6, score=8.5, time=25.5, pointX=0.379323, pointY=0.469108, distance=2582, color='orange'), ShootingResult(nth=7, score=9.1, time=7.2, pointX=0.497721, pointY=0.592144, distance=2582, color='red'), ShootingResult(nth=8, score=6.7, time=10.9, pointX=0.636101, pointY=0.327758, distance=2579, color='green'), ShootingResult(nth=9, score=6.1, time=10.5, pointX=0.707488, pointY=0.361597, distance=2578, color='green'), ShootingResult(nth=10, score=6.3, time=9.4, pointX=0.526915, pointY=0.263233, distance=2580, color='green')]",10,"[0.3944295, 0.352586]",0.16263206491012822,"[0.15261969779212645, 0.09601530018283545]",0.07057353931408224,입문
20250118-ae4452e1-0a9c-4000-836e-4ce1a49c8045,"[ShootingResult(nth=1, score=9.1, time=6.1, pointX=0.41971, pointY=0.448967, distance=2621, color='red'), ShootingResult(nth=2, score=8.8, time=4.6, pointX=0.413461, pointY=0.564226, distance=2623, color='orange'), ShootingResult(nth=3, score=8.6, time=5.1, pointX=0.482873, pointY=0.380353, distance=2627, color='orange'), ShootingResult(nth=4, score=5.3, time=4.5, pointX=0.215755, pointY=0.462857, distance=2623, color='green'), ShootingResult(nth=5, score=8.8, time=3.8, pointX=0.434782, pointY=0.584378, distance=2626, color='orange'), ShootingResult(nth=6, score=10.1, time=4.8, pointX=0.470565, pointY=0.466443, distance=2627, color='red'), ShootingResult(nth=7, score=5.7, time=8.6, pointX=0.507683, pointY=0.231021, distance=2624, color='green'), ShootingResult(nth=8, score=3.8, time=2.7, pointX=0.182452, pointY=0.315942, distance=2623, color='blue'), ShootingResult(nth=9, score=6.9, time=2.5, pointX=0.308788, pointY=0.417856, distance=2625, color='green'), ShootingResult(nth=10, score=6.2, time=2.2, pointX=0.629064, pointY=0.296458, distance=2623, color='green')]",10,"[0.427246, 0.4334115]",0.1497541785955166,"[0.12917488865414206, 0.10767313776467183]",0.06877598852354648,입문
20250118-d27f7fc1-cd97-4d4a-a479-6bcb76814b67,"[ShootingResult(nth=1, score=10.8, time=7.3, pointX=0.492005, pointY=0.48194, distance=2553, color='red'), ShootingResult(nth=2, score=8.8, time=11.0, pointX=0.503501, pointY=0.607033, distance=2556, color='orange'), ShootingResult(nth=3, score=8.8, time=5.4, pointX=0.434331, pointY=0.411895, distance=2557, color='orange'), ShootingResult(nth=4, score=9.2, time=6.3, pointX=0.430267, pointY=0.552816, distance=2557, color='red'), ShootingResult(nth=5, score=6.2, time=6.3, pointX=0.289603, pointY=0.375662, distance=2556, color='green'), ShootingResult(nth=6, score=10.0, time=6.3, pointX=0.453363, pointY=0.50716, distance=2556, color='red'), ShootingResult(nth=7, score=8.1, time=4.9, pointX=0.414344, pointY=0.615763, distance=2557, color='orange'), ShootingResult(nth=8, score=8.7, time=9.2, pointX=0.466508, pointY=0.393105, distance=2551, color='orange'), ShootingResult(nth=9, score=9.5, time=3.8, pointX=0.567582, pointY=0.523291, distance=2555, color='red'), ShootingResult(nth=10, score=8.9, time=10.3, pointX=0.516811, pointY=0.395311, distance=2561, color='orange')]",10,"[0.4599355, 0.49455000000000005]",0.09858993998312075,"[0.07096943016292298, 0.08504414686055707]",0.0473523843351915,입문
20250118-4d24a89f-a256-4e1d-80e6-fbe6c81535ba,"[ShootingResult(nth=1, score=7.8, time=1.5, pointX=0.647624, pointY=0.556328, distance=2581, color='orange'), ShootingResult(nth=2, score=10.4, time=3.2, pointX=0.517204, pointY=0.527883, distance=2586, color='red'), ShootingResult(nth=3, score=6.8, time=3.1, pointX=0.452799, pointY=0.705589, distance=2587, color='green'), ShootingResult(nth=4, score=7.3, time=2.9, pointX=0.4726, pointY=0.315456, distance=2584, color='orange'), ShootingResult(nth=5, score=10.1, time=3.3, pointX=0.482399, pointY=0.540407, distance=2589, color='red'), ShootingResult(nth=6, score=10.1, time=3.3, pointX=0.45628, pointY=0.497024, distance=2588, color='red'), ShootingResult(nth=7, score=8.2, time=2.5, pointX=0.563509, pointY=0.622894, distance=2586, color='orange'), ShootingResult(nth=8, score=6.7, time=3.1, pointX=0.328927, pointY=0.365144, distance=2581, color='green'), ShootingResult(nth=9, score=8.4, time=2.7, pointX=0.505984, pointY=0.626962, distance=2584, color='orange'), ShootingResult(nth=10, score=8.6, time=3.6, pointX=0.544541, pointY=0.608682, distance=2587, color='orange')]",10,"[0.4941915, 0.5483675]",0.11655554347951216,"[0.07907507683973503, 0.11389152316081298]",0.04049286992213878,입문
20250118-bff48b37-28b9-4940-b883-24d74689b5b6,"[ShootingResult(nth=1, score=7.8, time=0.8, pointX=0.394317, pointY=0.620067, distance=2621, color='orange'), ShootingResult(nth=2, score=9.3, time=3.4, pointX=0.555969, pointY=0.55928, distance=2624, color='red'), ShootingResult(nth=3, score=7.1, time=3.1, pointX=0.410423, pointY=0.324917, distance=2626, color='orange'), ShootingResult(nth=4, score=10.0, time=3.4, pointX=0.454593, pointY=0.481647, distance=2625, color='red'), ShootingResult(nth=5, score=9.0, time=5.0, pointX=0.485251, pointY=0.599312, distance=2621, color='red'), ShootingResult(nth=6, score=8.9, time=4.9, pointX=0.438264, pointY=0.580533, distance=2623, color='orange'), ShootingResult(nth=7, score=8.4, time=4.0, pointX=0.376131, pointY=0.53556, distance=2625, color='orange'), ShootingResult(nth=8, score=9.9, time=4.1, pointX=0.446028, pointY=0.490719, distance=2623, color='red'), ShootingResult(nth=9, score=10.1, time=3.9, pointX=0.462882, pointY=0.527042, distance=2624, color='red'), ShootingResult(nth=10, score=7.8, time=3.4, pointX=0.60149, pointY=0.37535, distance=2624, color='orange')]",10,"[0.4503105, 0.531301]",0.09470208902041968,"[0.06656890158595079, 0.09055243056489427]",0.02920480309101263,입문
20250118-35e14fd8-e2a1-43cc-ac23-e6ba7c5e4b0d,"[ShootingResult(nth=1, score=7.9, time=23.2, pointX=0.413068, pointY=0.628225, distance=2582, color='orange'), ShootingResult(nth=2, score=10.2, time=9.6, pointX=0.501745, pointY=0.459331, distance=2581, color='red'), ShootingResult(nth=3, score=7.6, time=9.0, pointX=0.642868, pointY=0.589311, distance=2579, color='orange'), ShootingResult(nth=4, score=2.7, time=6.2, pointX=0.476006, pointY=0.0756466, distance=2579, color='blue'), ShootingResult(nth=5, score=8.7, time=7.2, pointX=0.398251, pointY=0.555001, distance=2578, color='orange'), ShootingResult(nth=6, score=9.8, time=7.7, pointX=0.554975, pointY=0.486087, distance=2583, color='red'), ShootingResult(nth=7, score=9.8, time=21.0, pointX=0.53973, pointY=0.541957, distance=2577, color='red'), ShootingResult(nth=8, score=9.6, time=8.3, pointX=0.543618, pointY=0.447771, distance=2580, color='red'), ShootingResult(nth=9, score=10.2, time=6.9, pointX=0.461982, pointY=0.515238, distance=2581, color='red'), ShootingResult(nth=10, score=6.8, time=7.5, pointX=0.697907, pointY=0.569382, distance=2579, color='green')]",10,"[0.5207375000000001, 0.5285975]",0.13392228002504172,"[0.08984372781780597, 0.14736252868777192]",0.017281495738196637,입문
20250118-0c2e3140-2ea2-4bdb-8a0f-1ca3e9115e73,"[ShootingResult(nth=1, score=8.1, time=0.9, pointX=0.598026, pointY=0.609008, distance=2583, color='orange'), ShootingResult(nth=2, score=9.2, time=2.6, pointX=0.534808, pointY=0.578679, distance=2582, color='red'), ShootingResult(nth=3, score=7.3, time=2.1, pointX=0.590486, pointY=0.663537, distance=2587, color='orange'), ShootingResult(nth=4, score=10.5, time=3.2, pointX=0.481853, pointY=0.476319, distance=2588, color='red'), ShootingResult(nth=5, score=6.4, time=2.7, pointX=0.276935, pointY=0.436892, distance=2584, color='green'), ShootingResult(nth=6, score=7.9, time=3.8, pointX=0.362474, pointY=0.567994, distance=2582, color='orange'), ShootingResult(nth=7, score=8.0, time=2.5, pointX=0.649894, pointY=0.471906, distance=2583, color='orange'), ShootingResult(nth=8, score=1.5, time=2.8, pointX=0.46725, pointY=0.0188409, distance=2587, color='blue'), ShootingResult(nth=9, score=8.5, time=5.5, pointX=0.385354, pointY=0.545668, distance=2587, color='orange'), ShootingResult(nth=10, score=7.5, time=3.5, pointX=0.672406, pointY=0.463134, distance=2584, color='orange')]",10,"[0.5083305, 0.5109935]",0.17614082705254153,"[0.12424952946164422, 0.169383869023874]",0.05817227258060756,입문
20250118-2865d17f-46e2-404f-ab3a-65b49b9a5830,"[ShootingResult(nth=1, score=8.1, time=1.7, pointX=0.43275, pointY=0.630557, distance=2556, color='orange'), ShootingResult(nth=2, score=9.3, time=8.7, pointX=0.433101, pointY=0.448094, distance=2551, color='red'), ShootingResult(nth=3, score=10.0, time=4.9, pointX=0.538474, pointY=0.528894, distance=2558, color='red'), ShootingResult(nth=4, score=10.4, time=6.5, pointX=0.507362, pointY=0.466252, distance=2553, color='red'), ShootingResult(nth=5, score=8.7, time=5.9, pointX=0.508484, pointY=0.611694, distance=2555, color='orange'), ShootingResult(nth=6, score=10.8, time=5.2, pointX=0.502388, pointY=0.481422, distance=2554, color='red'), ShootingResult(nth=7, score=6.6, time=7.9, pointX=0.279814, pointY=0.47826, distance=2558, color='green'), ShootingResult(nth=8, score=9.4, time=5.0, pointX=0.42439, pointY=0.494302, distance=2556, color='red'), ShootingResult(nth=9, score=9.0, time=5.3, pointX=0.584554, pointY=0.446245, distance=2557, color='red'), ShootingResult(nth=10, score=9.1, time=6.9, pointX=0.405004, pointY=0.503174, distance=2550, color='red')]",10,"[0.4677445, 0.487862]",0.09127504544741105,"[0.08140121334777511, 0.06094948755026575]",0.041381392241586906,입문
20250118-ea4fb4a0-1662-4e4a-a2c1-bba394e6f7f6,"[ShootingResult(nth=1, score=7.2, time=1.8, pointX=0.503198, pointY=0.310626, distance=2624, color='orange'), ShootingResult(nth=2, score=9.7, time=3.0, pointX=0.514535, pointY=0.56205, distance=2625, color='red'), ShootingResult(nth=3, score=9.7, time=2.9, pointX=0.560434, pointY=0.490493, distance=2623, color='red'), ShootingResult(nth=4, score=10.6, time=3.2, pointX=0.524962, pointY=0.499441, distance=2624, color='red'), ShootingResult(nth=5, score=10.2, time=3.4, pointX=0.51878, pointY=0.537259, distance=2627, color='red'), ShootingResult(nth=6, score=10.2, time=4.0, pointX=0.489139, pointY=0.459408, distance=2626, color='red'), ShootingResult(nth=7, score=7.4, time=3.6, pointX=0.407198, pointY=0.655085, distance=2625, color='orange'), ShootingResult(nth=8, score=6.2, time=4.0, pointX=0.271608, pointY=0.415251, distance=2628, color='green'), ShootingResult(nth=9, score=7.8, time=2.7, pointX=0.342101, pointY=0.536107, distance=2626, color='orange'), ShootingResult(nth=10, score=9.6, time=3.1, pointX=0.561142, pointY=0.534172, distance=2626, color='red')]",10,"[0.5088665, 0.5168065]",0.10695230345336684,"[0.09219225728991562, 0.08748973856607416]",0.02594222105543975,입문
20250118-0f13cbed-1abd-4cee-ae48-148fe31757da,"[ShootingResult(nth=1, score=9.6, time=2.2, pointX=0.442719, pointY=0.537734, distance=2582, color='red'), ShootingResult(nth=2, score=3.2, time=6.4, pointX=0.265997, pointY=0.823047, distance=2586, color='blue'), ShootingResult(nth=3, score=9.4, time=4.3, pointX=0.547923, pointY=0.562485, distance=2586, color='red'), ShootingResult(nth=4, score=10.2, time=3.8, pointX=0.481859, pointY=0.465511, distance=2581, color='red'), ShootingResult(nth=5, score=5.8, time=5.4, pointX=0.452397, pointY=0.240863, distance=2587, color='green'), ShootingResult(nth=6, score=7.5, time=6.4, pointX=0.535095, pointY=0.325436, distance=2583, color='orange'), ShootingResult(nth=7, score=4.1, time=2.1, pointX=0.62437, pointY=0.172906, distance=2586, color='green'), ShootingResult(nth=8, score=6.8, time=2.3, pointX=0.415816, pointY=0.694259, distance=2584, color='green'), ShootingResult(nth=9, score=9.4, time=4.0, pointX=0.454859, pointY=0.434521, distance=2581, color='red'), ShootingResult(nth=10, score=6.8, time=4.6, pointX=0.687282, pointY=0.596389, distance=2588, color='green')]",10,"[0.46835899999999997, 0.5016225000000001]",0.18830182844147286,"[0.11090015975015545, 0.19095826244886602]",0.06965412144404236,입문
20250118-4f5b29ff-8e21-4c0b-8229-5534b698d258,"[ShootingResult(nth=1, score=5.5, time=3.2, pointX=0.660031, pointY=0.2734, distance=2581, color='green'), ShootingResult(nth=2, score=7.8, time=5.8, pointX=0.435505, pointY=0.645572, distance=2578, color='orange'), ShootingResult(nth=3, score=2.5, time=5.9, pointX=0.251637, pointY=0.853042, distance=2573, color='blue'), ShootingResult(nth=4, score=2.5, time=8.3, pointX=0.925093, pointY=0.59185, distance=2580, color='blue'), ShootingResult(nth=5, score=8.8, time=9.1, pointX=0.600963, pointY=0.543748, distance=2580, color='orange'), ShootingResult(nth=6, score=5.7, time=9.6, pointX=0.592983, pointY=0.250829, distance=2582, color='green'), ShootingResult(nth=7, score=1.5, time=13.1, pointX=0.310327, pointY=0.0534122, distance=2579, color='blue'), ShootingResult(nth=8, score=8.4, time=9.5, pointX=0.440297, pointY=0.61608, distance=2578, color='orange'), ShootingResult(nth=9, score=9.4, time=8.3, pointX=0.425873, pointY=0.518336, distance=2577, color='red'), ShootingResult(nth=10, score=4.5, time=10.8, pointX=0.376673, pointY=0.191079, distance=2580, color='green')]",10,"[0.437901, 0.531042]",0.27438932661202975,"[0.18740443433003395, 0.23598577754485883]",0.11439754646442077,입문
20250118-7b04dcd6-a321-4713-a7d6-6aa42100b100,"[ShootingResult(nth=1, score=10.5, time=0.0, pointX=0.471948, pointY=0.505635, distance=2627, color='red'), ShootingResult(nth=2, score=6.8, time=2.3, pointX=0.637738, pointY=0.657777, distance=2626, color='green'), ShootingResult(nth=3, score=8.5, time=3.0, pointX=0.404054, pointY=0.424523, distance=2625, color='orange'), ShootingResult(nth=4, score=8.0, time=2.8, pointX=0.42589, pointY=0.632055, distance=2622, color='orange'), ShootingResult(nth=5, score=10.4, time=2.7, pointX=0.529688, pointY=0.51438, distance=2625, color='red'), ShootingResult(nth=6, score=7.1, time=3.4, pointX=0.560685, pointY=0.311904, distance=2622, color='orange'), ShootingResult(nth=7, score=7.3, time=2.3, pointX=0.636923, pointY=0.37477, distance=2622, color='orange'), ShootingResult(nth=8, score=7.3, time=2.1, pointX=0.407482, pointY=0.338867, distance=2624, color='orange'), ShootingResult(nth=9, score=5.7, time=2.7, pointX=0.440428, pointY=0.240464, distance=2628, color='green'), ShootingResult(nth=10, score=6.5, time=5.3, pointX=0.409834, pointY=0.293003, distance=2627, color='green')]",10,"[0.456188, 0.3996465]",0.15241509484386417,"[0.08799966081525543, 0.1362237680911815]",0.07983249846576616,입문
20250118-111eaf1b-81af-43a6-a5ea-e1bc91db9c6a,"[ShootingResult(nth=1, score=10.9, time=4.6, pointX=0.507282, pointY=0.512699, distance=2580, color='red'), ShootingResult(nth=2, score=7.8, time=4.0, pointX=0.581618, pointY=0.640602, distance=2584, color='orange'), ShootingResult(nth=3, score=9.7, time=2.7, pointX=0.556309, pointY=0.475315, distance=2583, color='red'), ShootingResult(nth=4, score=8.5, time=2.9, pointX=0.518886, pointY=0.377226, distance=2589, color='orange'), ShootingResult(nth=5, score=9.1, time=2.4, pointX=0.408169, pointY=0.487728, distance=2588, color='red'), ShootingResult(nth=6, score=9.1, time=2.6, pointX=0.439291, pointY=0.428454, distance=2584, color='red'), ShootingResult(nth=7, score=9.9, time=2.2, pointX=0.527003, pointY=0.45325, distance=2586, color='red'), ShootingResult(nth=8, score=6.1, time=2.5, pointX=0.742005, pointY=0.450696, distance=2586, color='green'), ShootingResult(nth=9, score=6.8, time=4.5, pointX=0.490604, pointY=0.709176, distance=2587, color='green'), ShootingResult(nth=10, score=7.3, time=3.4, pointX=0.32105, pointY=0.548753, distance=2588, color='orange')]",10,"[0.513084, 0.4815215]",0.1243768458756875,"[0.10626240963205191, 0.0953553459890425]",0.04919991989859343,입문
20250118-07230cda-5cd1-40c2-b614-786a04cff955,"[ShootingResult(nth=1, score=10.4, time=1.2, pointX=0.531105, pointY=0.506978, distance=2555, color='red'), ShootingResult(nth=2, score=7.2, time=4.7, pointX=0.353387, pointY=0.626677, distance=2554, color='orange'), ShootingResult(nth=3, score=8.3, time=3.7, pointX=0.437555, pointY=0.380595, distance=2558, color='orange'), ShootingResult(nth=4, score=7.8, time=11.1, pointX=0.580271, pointY=0.358338, distance=2553, color='orange'), ShootingResult(nth=5, score=10.4, time=10.0, pointX=0.487095, pointY=0.529338, distance=2556, color='red'), ShootingResult(nth=6, score=9.5, time=4.6, pointX=0.517486, pointY=0.569492, distance=2555, color='red'), ShootingResult(nth=7, score=10.6, time=4.3, pointX=0.480981, pointY=0.481467, distance=2556, color='red'), ShootingResult(nth=8, score=10.1, time=5.0, pointX=0.497571, pointY=0.543356, distance=2556, color='red'), ShootingResult(nth=9, score=9.8, time=3.7, pointX=0.534424, pointY=0.450948, distance=2556, color='red'), ShootingResult(nth=10, score=8.0, time=2.9, pointX=0.419807, pointY=0.628939, distance=2559, color='orange')]",10,"[0.492333, 0.518158]",0.08925050347582061,"[0.06220238644585913, 0.08762780346533855]",0.02790486327936873,입문
20250118-fa9f2750-92b9-4908-8bb8-fff9f6247443,"[ShootingResult(nth=1, score=4.7, time=0.3, pointX=0.693476, pointY=0.756288, distance=2587, color='green'), ShootingResult(nth=2, score=8.3, time=2.9, pointX=0.376421, pointY=0.549847, distance=2581, color='orange'), ShootingResult(nth=3, score=6.5, time=2.4, pointX=0.565802, pointY=0.719389, distance=2588, color='green'), ShootingResult(nth=4, score=4.4, time=1.9, pointX=0.367481, pointY=0.190106, distance=2584, color='green'), ShootingResult(nth=5, score=8.2, time=1.9, pointX=0.3758, pointY=0.56347, distance=2584, color='orange'), ShootingResult(nth=6, score=7.5, time=2.7, pointX=0.421815, pointY=0.343902, distance=2582, color='orange'), ShootingResult(nth=7, score=7.1, time=4.3, pointX=0.579659, pointY=0.680434, distance=2581, color='orange'), ShootingResult(nth=8, score=8.6, time=2.5, pointX=0.610647, pointY=0.462107, distance=2581, color='orange'), ShootingResult(nth=9, score=3.3, time=3.7, pointX=0.877135, pointY=0.60138, distance=2583, color='blue'), ShootingResult(nth=10, score=7.6, time=2.9, pointX=0.349641, pointY=0.576258, distance=2588, color='orange')]",10,"[0.4938085, 0.569864]",0.21416160418191063,"[0.16577525988219716, 0.16467351587517037]",0.11331994833780691,입문
20250118-59aaf894-0b6f-4b92-a33a-bdbe526ca438,"[ShootingResult(nth=1, score=5.9, time=1.2, pointX=0.244799, pointY=0.484268, distance=2620, color='green'), ShootingResult(nth=2, score=8.8, time=3.0, pointX=0.5939, pointY=0.552469, distance=2623, color='orange'), ShootingResult(nth=3, score=5.6, time=2.9, pointX=0.749237, pointY=0.613227, distance=2623, color='green'), ShootingResult(nth=4, score=8.6, time=3.6, pointX=0.396378, pointY=0.562974, distance=2627, color='orange'), ShootingResult(nth=5, score=8.1, time=3.9, pointX=0.362735, pointY=0.553409, distance=2622, color='orange'), ShootingResult(nth=6, score=9.2, time=3.1, pointX=0.587939, pointY=0.494107, distance=2623, color='red'), ShootingResult(nth=7, score=7.3, time=4.4, pointX=0.359784, pointY=0.381351, distance=2625, color='orange'), ShootingResult(nth=8, score=8.4, time=3.1, pointX=0.399427, pointY=0.582174, distance=2623, color='orange'), ShootingResult(nth=9, score=8.8, time=2.8, pointX=0.391858, pointY=0.509156, distance=2621, color='orange'), ShootingResult(nth=10, score=9.9, time=4.2, pointX=0.446108, pointY=0.490962, distance=2626, color='red')]",10,"[0.3979025, 0.5308125]",0.12762903174391999,"[0.13995136494171825, 0.06216714681895896]",0.026178479292937915,입문
20250118-4be54015-c70a-4ccc-86a3-8d5ccfc40984,"[ShootingResult(nth=1, score=9.7, time=2.5, pointX=0.562328, pointY=0.510197, distance=2556, color='red'), ShootingResult(nth=2, score=10.2, time=4.9, pointX=0.507563, pointY=0.541127, distance=2554, color='red'), ShootingResult(nth=3, score=10.7, time=6.8, pointX=0.517274, pointY=0.487404, distance=2556, color='red'), ShootingResult(nth=4, score=8.3, time=6.2, pointX=0.415234, pointY=0.39808, distance=2561, color='orange'), ShootingResult(nth=5, score=9.0, time=3.1, pointX=0.457227, pointY=0.409514, distance=2558, color='red'), ShootingResult(nth=6, score=10.6, time=2.7, pointX=0.52707, pointY=0.497332, distance=2553, color='red'), ShootingResult(nth=7, score=7.7, time=3.3, pointX=0.526329, pointY=0.334116, distance=2554, color='orange'), ShootingResult(nth=8, score=10.4, time=2.1, pointX=0.502233, pointY=0.465264, distance=2556, color='red'), ShootingResult(nth=9, score=9.6, time=5.7, pointX=0.560017, pointY=0.532692, distance=2555, color='red'), ShootingResult(nth=10, score=9.7, time=4.5, pointX=0.447974, pointY=0.466904, distance=2557, color='red')]",10,"[0.5124185, 0.47715399999999997]",0.06706491419077285,"[0.045761178644020975, 0.06217190725400019]",0.02547420069563939,입문
20250118-a89f4d68-3444-4b76-ab06-e00aec1e56b9,"[ShootingResult(nth=1, score=8.0, time=5.0, pointX=0.347738, pointY=0.509267, distance=2587, color='orange'), ShootingResult(nth=2, score=10.1, time=4.4, pointX=0.542942, pointY=0.502406, distance=2584, color='red'), ShootingResult(nth=3, score=9.4, time=3.2, pointX=0.526923, pointY=0.428706, distance=2581, color='red'), ShootingResult(nth=4, score=9.0, time=3.5, pointX=0.558311, pointY=0.578637, distance=2584, color='red'), ShootingResult(nth=5, score=7.7, time=2.5, pointX=0.492857, pointY=0.334033, distance=2588, color='orange'), ShootingResult(nth=6, score=5.8, time=2.4, pointX=0.483147, pointY=0.239401, distance=2583, color='green'), ShootingResult(nth=7, score=9.2, time=4.4, pointX=0.47214, pointY=0.583762, distance=2586, color='red'), ShootingResult(nth=8, score=2.5, time=3.3, pointX=0.929875, pointY=0.469363, distance=2588, color='blue'), ShootingResult(nth=9, score=8.5, time=3.0, pointX=0.381555, pointY=0.536273, distance=2587, color='orange'), ShootingResult(nth=10, score=10.8, time=3.5, pointX=0.481698, pointY=0.491733, distance=2586, color='red')]",10,"[0.488002, 0.4970695]",0.14557375466299838,"[0.14990120056570594, 0.10271270519994107]",0.02789568491605207,입문
20250118-c6102b99-1596-4427-962a-c538a9b7051b,"[ShootingResult(nth=1, score=8.3, time=0.5, pointX=0.452598, pointY=0.624978, distance=2625, color='orange'), ShootingResult(nth=2, score=9.7, time=3.4, pointX=0.451777, pointY=0.462182, distance=2622, color='red'), ShootingResult(nth=3, score=7.0, time=2.8, pointX=0.604442, pointY=0.326329, distance=2628, color='orange'), ShootingResult(nth=4, score=8.8, time=4.0, pointX=0.421804, pointY=0.423338, distance=2622, color='orange'), ShootingResult(nth=5, score=10.6, time=3.7, pointX=0.47398, pointY=0.4948, distance=2625, color='red'), ShootingResult(nth=6, score=9.8, time=4.1, pointX=0.509218, pointY=0.443304, distance=2623, color='red'), ShootingResult(nth=7, score=10.0, time=3.4, pointX=0.462021, pointY=0.526893, distance=2626, color='red'), ShootingResult(nth=8, score=10.1, time=2.6, pointX=0.459139, pointY=0.482174, distance=2623, color='red'), ShootingResult(nth=9, score=7.0, time=2.4, pointX=0.632149, pointY=0.344623, distance=2627, color='orange'), ShootingResult(nth=10, score=9.5, time=2.9, pointX=0.493631, pointY=0.42689, distance=2626, color='red')]",10,"[0.46800050000000004, 0.452743]",0.08553079911819615,"[0.0654363259611204, 0.08191513495740577]",0.018653314092570553,입문
